total_return_pct,max_drawdown_pct,total_trades,winning_trades,win_rate_pct,sharpe_ratio,final_equity_krw,initial_cash_krw,transaction_cost_bps,total_cost_krw,train_end,trade_year,max_positions,max_notional,cash_fraction_per_entry,strategy,overlay_mode,alpha,stop_loss_pct,take_profit_pct,trailing_stop_pct,max_holding_steps,daily_avg_pct_252,target_05pct_day
35.38,-7.05,31,11,35.48,3.6319,1353788.26,1000000,30.0,38350.43,2023,2024,2,200000,0.5,fusion_rerank,rerank,10.0,0.06,0.25,0.06,20,0.1403968253968254,False
35.38,-7.05,31,11,35.48,3.6319,1353788.26,1000000,30.0,38350.43,2023,2024,2,200000,0.75,fusion_rerank,rerank,10.0,0.06,0.25,0.06,20,0.1403968253968254,False
35.38,-7.05,31,11,35.48,3.6319,1353788.26,1000000,30.0,38350.43,2023,2024,2,200000,1.0,fusion_rerank,rerank,10.0,0.06,0.25,0.06,20,0.1403968253968254,False
53.07,-10.44,31,11,35.48,3.6414,1530696.42,1000000,30.0,57524.13,2023,2024,2,300000,0.5,fusion_rerank,rerank,10.0,0.06,0.25,0.06,20,0.21059523809523809,False
53.07,-10.44,31,11,35.48,3.6413,1530682.39,1000000,30.0,57525.64,2023,2024,2,300000,0.75,fusion_rerank,rerank,10.0,0.06,0.25,0.06,20,0.21059523809523809,False
53.07,-10.44,31,11,35.48,3.6413,1530682.39,1000000,30.0,57525.64,2023,2024,2,300000,1.0,fusion_rerank,rerank,10.0,0.06,0.25,0.06,20,0.21059523809523809,False
92.88,-10.16,31,11,35.48,4.192,1928837.32,1000000,30.0,84829.17,2023,2024,2,500000,0.5,fusion_rerank,rerank,10.0,0.06,0.25,0.06,20,0.36857142857142855,False
93.92,-13.52,31,11,35.48,4.0144,1939172.33,1000000,30.0,90090.33,2023,2024,2,500000,0.75,fusion_rerank,rerank,10.0,0.06,0.25,0.06,20,0.3726984126984127,False
88.86,-11.38,29,11,37.93,4.0889,1888555.06,1000000,30.0,89870.3,2023,2024,2,500000,1.0,fusion_rerank,rerank,10.0,0.06,0.25,0.06,20,0.3526190476190476,False
93.79,-10.13,31,11,35.48,4.1735,1937858.05,1000000,30.0,94908.85,2023,2024,2,1000000,0.5,fusion_rerank,rerank,10.0,0.06,0.25,0.06,20,0.3721825396825397,False
163.42,-12.2,31,11,35.48,4.5675,2634219.19,1000000,30.0,142788.13,2023,2024,2,1000000,0.75,fusion_rerank,rerank,10.0,0.06,0.25,0.06,20,0.6484920634920635,True
0.0,0.0,0,0,0.0,0.0,1000000.0,1000000,30.0,0.0,2023,2024,2,1000000,1.0,fusion_rerank,rerank,10.0,0.06,0.25,0.06,20,0.0,False
18.24,-10.67,52,17,32.69,1.9462,1182380.02,1000000,30.0,63126.63,2023,2024,3,200000,0.5,fusion_rerank,rerank,10.0,0.06,0.25,0.06,20,0.07238095238095238,False
18.24,-10.67,52,17,32.69,1.9462,1182380.02,1000000,30.0,63126.63,2023,2024,3,200000,0.75,fusion_rerank,rerank,10.0,0.06,0.25,0.06,20,0.07238095238095238,False
18.24,-10.67,52,17,32.69,1.9462,1182380.02,1000000,30.0,63126.63,2023,2024,3,200000,1.0,fusion_rerank,rerank,10.0,0.06,0.25,0.06,20,0.07238095238095238,False
29.41,-13.4,52,17,32.69,2.2948,1294072.76,1000000,30.0,84621.55,2023,2024,3,300000,0.5,fusion_rerank,rerank,10.0,0.06,0.25,0.06,20,0.1167063492063492,False
28.22,-15.63,52,17,32.69,2.093,1282217.66,1000000,30.0,91628.64,2023,2024,3,300000,0.75,fusion_rerank,rerank,10.0,0.06,0.25,0.06,20,0.11198412698412698,False
57.47,-15.73,52,19,36.54,3.6853,1574672.24,1000000,30.0,95595.97,2023,2024,3,300000,1.0,fusion_rerank,rerank,10.0,0.06,0.25,0.06,20,0.22805555555555554,False
43.49,-11.86,52,17,32.69,2.8616,1434862.46,1000000,30.0,97418.04,2023,2024,3,500000,0.5,fusion_rerank,rerank,10.0,0.06,0.25,0.06,20,0.17257936507936508,False
57.59,-14.13,52,17,32.69,3.0071,1575883.95,1000000,30.0,116092.93,2023,2024,3,500000,0.75,fusion_rerank,rerank,10.0,0.06,0.25,0.06,20,0.22853174603174606,False
31.35,-21.61,33,11,33.33,2.0991,1313504.94,1000000,30.0,100176.07,2023,2024,3,500000,1.0,fusion_rerank,rerank,10.0,0.06,0.25,0.06,20,0.1244047619047619,False
39.64,-11.77,52,17,32.69,2.7164,1396392.7,1000000,30.0,97700.12,2023,2024,3,1000000,0.5,fusion_rerank,rerank,10.0,0.06,0.25,0.06,20,0.1573015873015873,False
103.91,-10.58,52,17,32.69,3.8951,2039121.72,1000000,30.0,143884.87,2023,2024,3,1000000,0.75,fusion_rerank,rerank,10.0,0.06,0.25,0.06,20,0.41234126984126984,False
0.0,0.0,0,0,0.0,0.0,1000000.0,1000000,30.0,0.0,2023,2024,3,1000000,1.0,fusion_rerank,rerank,10.0,0.06,0.25,0.06,20,0.0,False
39.07,-11.0,71,26,36.62,3.4353,1390655.37,1000000,30.0,85681.76,2023,2024,4,200000,0.5,fusion_rerank,rerank,10.0,0.06,0.25,0.06,20,0.15503968253968253,False
35.23,-14.21,72,26,36.11,2.8515,1352324.83,1000000,30.0,87665.09,2023,2024,4,200000,0.75,fusion_rerank,rerank,10.0,0.06,0.25,0.06,20,0.1398015873015873,False
35.19,-14.21,72,26,36.11,2.8499,1351942.8,1000000,30.0,87689.48,2023,2024,4,200000,1.0,fusion_rerank,rerank,10.0,0.06,0.25,0.06,20,0.13964285714285712,False
41.31,-13.11,71,26,36.62,3.076,1413117.18,1000000,30.0,103878.43,2023,2024,4,300000,0.5,fusion_rerank,rerank,10.0,0.06,0.25,0.06,20,0.16392857142857145,False
26.69,-15.39,72,25,34.72,2.0881,1266853.06,1000000,30.0,107400.51,2023,2024,4,300000,0.75,fusion_rerank,rerank,10.0,0.06,0.25,0.06,20,0.10591269841269842,False
69.7,-15.73,65,25,38.46,3.9411,1697000.12,1000000,30.0,119405.09,2023,2024,4,300000,1.0,fusion_rerank,rerank,10.0,0.06,0.25,0.06,20,0.2765873015873016,False
61.6,-11.64,71,26,36.62,3.6274,1616014.3,1000000,30.0,118742.06,2023,2024,4,500000,0.5,fusion_rerank,rerank,10.0,0.06,0.25,0.06,20,0.24444444444444444,False
58.14,-14.16,72,24,33.33,3.122,1581366.1,1000000,30.0,125413.55,2023,2024,4,500000,0.75,fusion_rerank,rerank,10.0,0.06,0.25,0.06,20,0.2307142857142857,False
31.35,-21.61,33,11,33.33,2.0991,1313504.94,1000000,30.0,100176.07,2023,2024,4,500000,1.0,fusion_rerank,rerank,10.0,0.06,0.25,0.06,20,0.1244047619047619,False
58.12,-11.48,71,25,35.21,3.5366,1581230.13,1000000,30.0,118763.26,2023,2024,4,1000000,0.5,fusion_rerank,rerank,10.0,0.06,0.25,0.06,20,0.23063492063492064,False
108.65,-10.18,71,22,30.99,3.989,2086496.01,1000000,30.0,153304.36,2023,2024,4,1000000,0.75,fusion_rerank,rerank,10.0,0.06,0.25,0.06,20,0.4311507936507937,False
0.0,0.0,0,0,0.0,0.0,1000000.0,1000000,30.0,0.0,2023,2024,4,1000000,1.0,fusion_rerank,rerank,10.0,0.06,0.25,0.06,20,0.0,False
34.05,-15.16,85,32,37.65,2.855,1340478.22,1000000,30.0,94762.08,2023,2024,5,200000,0.5,fusion_rerank,rerank,10.0,0.06,0.25,0.06,20,0.1351190476190476,False
40.87,-16.21,87,34,39.08,2.9942,1408721.48,1000000,30.0,101192.24,2023,2024,5,200000,0.75,fusion_rerank,rerank,10.0,0.06,0.25,0.06,20,0.16218253968253968,False
47.08,-16.82,83,31,37.35,3.3556,1470843.37,1000000,30.0,101212.96,2023,2024,5,200000,1.0,fusion_rerank,rerank,10.0,0.06,0.25,0.06,20,0.1868253968253968,False
45.05,-13.93,87,33,37.93,3.1651,1450512.65,1000000,30.0,108254.57,2023,2024,5,300000,0.5,fusion_rerank,rerank,10.0,0.06,0.25,0.06,20,0.17876984126984125,False
39.55,-13.51,87,34,39.08,2.7501,1395531.05,1000000,30.0,114550.7,2023,2024,5,300000,0.75,fusion_rerank,rerank,10.0,0.06,0.25,0.06,20,0.15694444444444444,False
59.39,-15.73,69,24,34.78,3.4424,1593855.53,1000000,30.0,126205.36,2023,2024,5,300000,1.0,fusion_rerank,rerank,10.0,0.06,0.25,0.06,20,0.23567460317460318,False
58.97,-10.0,87,34,39.08,3.6407,1589667.81,1000000,30.0,120708.39,2023,2024,5,500000,0.5,fusion_rerank,rerank,10.0,0.06,0.25,0.06,20,0.2340079365079365,False
72.31,-13.24,89,35,39.33,3.6639,1723140.53,1000000,30.0,133982.71,2023,2024,5,500000,0.75,fusion_rerank,rerank,10.0,0.06,0.25,0.06,20,0.28694444444444445,False
31.35,-21.61,33,11,33.33,2.0991,1313504.94,1000000,30.0,100176.07,2023,2024,5,500000,1.0,fusion_rerank,rerank,10.0,0.06,0.25,0.06,20,0.1244047619047619,False
53.76,-11.48,87,33,37.93,3.4491,1537645.43,1000000,30.0,119708.33,2023,2024,5,1000000,0.5,fusion_rerank,rerank,10.0,0.06,0.25,0.06,20,0.21333333333333332,False
122.76,-10.14,87,30,34.48,4.2344,2227595.62,1000000,30.0,163177.38,2023,2024,5,1000000,0.75,fusion_rerank,rerank,10.0,0.06,0.25,0.06,20,0.48714285714285716,False
0.0,0.0,0,0,0.0,0.0,1000000.0,1000000,30.0,0.0,2023,2024,5,1000000,1.0,fusion_rerank,rerank,10.0,0.06,0.25,0.06,20,0.0,False
56.24,-10.53,101,40,39.6,3.8411,1562401.81,1000000,30.0,105454.62,2023,2024,6,200000,0.5,fusion_rerank,rerank,10.0,0.06,0.25,0.06,20,0.2231746031746032,False
53.71,-14.88,101,40,39.6,3.375,1537107.86,1000000,30.0,109614.67,2023,2024,6,200000,0.75,fusion_rerank,rerank,10.0,0.06,0.25,0.06,20,0.21313492063492065,False
52.39,-16.82,91,34,37.36,3.371,1523934.76,1000000,30.0,110984.02,2023,2024,6,200000,1.0,fusion_rerank,rerank,10.0,0.06,0.25,0.06,20,0.20789682539682539,False
71.63,-10.64,102,41,40.2,4.4521,1716262.4,1000000,30.0,118852.14,2023,2024,6,300000,0.5,fusion_rerank,rerank,10.0,0.06,0.25,0.06,20,0.28424603174603175,False
50.7,-13.58,103,42,40.78,3.2894,1507041.12,1000000,30.0,118522.87,2023,2024,6,300000,0.75,fusion_rerank,rerank,10.0,0.06,0.25,0.06,20,0.2011904761904762,False
59.39,-15.73,69,24,34.78,3.4424,1593855.53,1000000,30.0,126205.36,2023,2024,6,300000,1.0,fusion_rerank,rerank,10.0,0.06,0.25,0.06,20,0.23567460317460318,False
83.04,-9.82,102,43,42.16,4.5446,1830446.34,1000000,30.0,133086.25,2023,2024,6,500000,0.5,fusion_rerank,rerank,10.0,0.06,0.25,0.06,20,0.32952380952380955,False
78.7,-13.2,105,43,40.95,3.8018,1787028.32,1000000,30.0,138839.86,2023,2024,6,500000,0.75,fusion_rerank,rerank,10.0,0.06,0.25,0.06,20,0.3123015873015873,False
31.35,-21.61,33,11,33.33,2.0991,1313504.94,1000000,30.0,100176.07,2023,2024,6,500000,1.0,fusion_rerank,rerank,10.0,0.06,0.25,0.06,20,0.1244047619047619,False
72.64,-9.75,102,43,42.16,4.2322,1726435.96,1000000,30.0,130910.16,2023,2024,6,1000000,0.5,fusion_rerank,rerank,10.0,0.06,0.25,0.06,20,0.28825396825396826,False
121.4,-10.12,94,33,35.11,4.2149,2214000.67,1000000,30.0,162119.82,2023,2024,6,1000000,0.75,fusion_rerank,rerank,10.0,0.06,0.25,0.06,20,0.48174603174603176,False
0.0,0.0,0,0,0.0,0.0,1000000.0,1000000,30.0,0.0,2023,2024,6,1000000,1.0,fusion_rerank,rerank,10.0,0.06,0.25,0.06,20,0.0,False
56.64,-11.09,136,55,40.44,3.8877,1566425.04,1000000,30.0,118741.83,2023,2024,8,200000,0.5,fusion_rerank,rerank,10.0,0.06,0.25,0.06,20,0.22476190476190477,False
53.19,-14.97,133,54,40.6,3.4324,1531895.19,1000000,30.0,118720.68,2023,2024,8,200000,0.75,fusion_rerank,rerank,10.0,0.06,0.25,0.06,20,0.21107142857142855,False
48.85,-16.82,93,34,36.56,3.1683,1488498.94,1000000,30.0,113281.97,2023,2024,8,200000,1.0,fusion_rerank,rerank,10.0,0.06,0.25,0.06,20,0.19384920634920635,False
80.24,-10.62,138,55,39.86,4.4943,1802375.38,1000000,30.0,133735.15,2023,2024,8,300000,0.5,fusion_rerank,rerank,10.0,0.06,0.25,0.06,20,0.31841269841269837,False
49.71,-13.44,130,53,40.77,3.2236,1497145.36,1000000,30.0,120564.75,2023,2024,8,300000,0.75,fusion_rerank,rerank,10.0,0.06,0.25,0.06,20,0.19726190476190478,False
59.39,-15.73,69,24,34.78,3.4424,1593855.53,1000000,30.0,126205.36,2023,2024,8,300000,1.0,fusion_rerank,rerank,10.0,0.06,0.25,0.06,20,0.23567460317460318,False
90.26,-9.73,136,55,40.44,4.4706,1902595.1,1000000,30.0,146216.13,2023,2024,8,500000,0.5,fusion_rerank,rerank,10.0,0.06,0.25,0.06,20,0.3581746031746032,False
68.47,-13.12,125,49,39.2,3.5548,1684672.98,1000000,30.0,136111.64,2023,2024,8,500000,0.75,fusion_rerank,rerank,10.0,0.06,0.25,0.06,20,0.27170634920634923,False
31.35,-21.61,33,11,33.33,2.0991,1313504.94,1000000,30.0,100176.07,2023,2024,8,500000,1.0,fusion_rerank,rerank,10.0,0.06,0.25,0.06,20,0.1244047619047619,False
81.41,-10.95,135,55,40.74,4.1997,1814147.78,1000000,30.0,142847.05,2023,2024,8,1000000,0.5,fusion_rerank,rerank,10.0,0.06,0.25,0.06,20,0.32305555555555554,False
122.08,-10.11,118,44,37.29,4.2756,2220798.83,1000000,30.0,165916.04,2023,2024,8,1000000,0.75,fusion_rerank,rerank,10.0,0.06,0.25,0.06,20,0.48444444444444446,False
0.0,0.0,0,0,0.0,0.0,1000000.0,1000000,30.0,0.0,2023,2024,8,1000000,1.0,fusion_rerank,rerank,10.0,0.06,0.25,0.06,20,0.0,False
40.81,-6.2,29,12,41.38,3.6647,1408079.73,1000000,30.0,36130.2,2023,2024,2,200000,0.5,ml_rerank,rerank,10.0,0.1,0.25,0.06,10,0.16194444444444445,False
40.81,-6.2,29,12,41.38,3.6647,1408079.73,1000000,30.0,36130.2,2023,2024,2,200000,0.75,ml_rerank,rerank,10.0,0.1,0.25,0.06,10,0.16194444444444445,False
40.81,-6.2,29,12,41.38,3.6647,1408079.73,1000000,30.0,36130.2,2023,2024,2,200000,1.0,ml_rerank,rerank,10.0,0.1,0.25,0.06,10,0.16194444444444445,False
61.21,-8.87,29,12,41.38,3.6546,1612119.6,1000000,30.0,54195.3,2023,2024,2,300000,0.5,ml_rerank,rerank,10.0,0.1,0.25,0.06,10,0.2428968253968254,False
61.21,-8.87,29,12,41.38,3.6546,1612119.6,1000000,30.0,54195.3,2023,2024,2,300000,0.75,ml_rerank,rerank,10.0,0.1,0.25,0.06,10,0.2428968253968254,False
61.21,-8.87,29,12,41.38,3.6546,1612119.6,1000000,30.0,54195.3,2023,2024,2,300000,1.0,ml_rerank,rerank,10.0,0.1,0.25,0.06,10,0.2428968253968254,False
99.93,-10.33,29,12,41.38,4.1577,1999265.85,1000000,30.0,80127.67,2023,2024,2,500000,0.5,ml_rerank,rerank,10.0,0.1,0.25,0.06,10,0.3965476190476191,False
96.42,-13.86,29,12,41.38,3.7749,1964183.8,1000000,30.0,85307.75,2023,2024,2,500000,0.75,ml_rerank,rerank,10.0,0.1,0.25,0.06,10,0.38261904761904764,False
104.76,-10.92,25,11,44.0,4.272,2047554.42,1000000,30.0,78371.7,2023,2024,2,500000,1.0,ml_rerank,rerank,10.0,0.1,0.25,0.06,10,0.41571428571428576,False
103.14,-15.44,29,12,41.38,4.0561,2031394.06,1000000,30.0,102079.21,2023,2024,2,1000000,0.5,ml_rerank,rerank,10.0,0.1,0.25,0.06,10,0.4092857142857143,False
171.76,-13.91,29,12,41.38,4.5642,2717584.3,1000000,30.0,138157.42,2023,2024,2,1000000,0.75,ml_rerank,rerank,10.0,0.1,0.25,0.06,10,0.6815873015873015,True
0.0,0.0,0,0,0.0,0.0,1000000.0,1000000,30.0,0.0,2023,2024,2,1000000,1.0,ml_rerank,rerank,10.0,0.1,0.25,0.06,10,0.0,False
36.98,-8.96,40,15,37.5,3.2322,1369768.77,1000000,30.0,49242.11,2023,2024,3,200000,0.5,ml_rerank,rerank,10.0,0.1,0.25,0.06,10,0.14674603174603174,False
36.98,-8.96,40,15,37.5,3.2322,1369768.77,1000000,30.0,49242.11,2023,2024,3,200000,0.75,ml_rerank,rerank,10.0,0.1,0.25,0.06,10,0.14674603174603174,False
36.98,-8.96,40,15,37.5,3.2322,1369768.77,1000000,30.0,49242.11,2023,2024,3,200000,1.0,ml_rerank,rerank,10.0,0.1,0.25,0.06,10,0.14674603174603174,False
53.95,-10.56,40,15,37.5,3.3487,1539472.17,1000000,30.0,70143.15,2023,2024,3,300000,0.5,ml_rerank,rerank,10.0,0.1,0.25,0.06,10,0.2140873015873016,False
52.92,-13.0,40,15,37.5,3.2,1529177.48,1000000,30.0,72990.8,2023,2024,3,300000,0.75,ml_rerank,rerank,10.0,0.1,0.25,0.06,10,0.21000000000000002,False
55.47,-12.97,40,15,37.5,3.241,1554653.15,1000000,30.0,73863.17,2023,2024,3,300000,1.0,ml_rerank,rerank,10.0,0.1,0.25,0.06,10,0.2201190476190476,False
77.51,-15.43,40,15,37.5,3.6062,1775139.39,1000000,30.0,98537.24,2023,2024,3,500000,0.5,ml_rerank,rerank,10.0,0.1,0.25,0.06,10,0.3075793650793651,False
96.72,-13.81,41,16,39.02,3.7858,1967223.1,1000000,30.0,109392.32,2023,2024,3,500000,0.75,ml_rerank,rerank,10.0,0.1,0.25,0.06,10,0.3838095238095238,False
97.97,-12.91,35,14,40.0,3.9306,1979706.17,1000000,30.0,108226.5,2023,2024,3,500000,1.0,ml_rerank,rerank,10.0,0.1,0.25,0.06,10,0.38876984126984127,False
77.18,-19.97,40,15,37.5,3.5261,1771803.45,1000000,30.0,104443.42,2023,2024,3,1000000,0.5,ml_rerank,rerank,10.0,0.1,0.25,0.06,10,0.3062698412698413,False
149.47,-19.88,41,16,39.02,4.2428,2494682.32,1000000,30.0,159738.54,2023,2024,3,1000000,0.75,ml_rerank,rerank,10.0,0.1,0.25,0.06,10,0.5931349206349207,True
0.0,0.0,0,0,0.0,0.0,1000000.0,1000000,30.0,0.0,2023,2024,3,1000000,1.0,ml_rerank,rerank,10.0,0.1,0.25,0.06,10,0.0,False
36.19,-13.69,60,24,40.0,2.7215,1361889.71,1000000,30.0,73066.42,2023,2024,4,200000,0.5,ml_rerank,rerank,10.0,0.1,0.25,0.06,10,0.1436111111111111,False
37.22,-13.61,60,24,40.0,2.7485,1372153.74,1000000,30.0,73301.92,2023,2024,4,200000,0.75,ml_rerank,rerank,10.0,0.1,0.25,0.06,10,0.1476984126984127,False
37.22,-13.61,60,24,40.0,2.7485,1372153.74,1000000,30.0,73301.92,2023,2024,4,200000,1.0,ml_rerank,rerank,10.0,0.1,0.25,0.06,10,0.1476984126984127,False
43.0,-18.33,59,23,38.98,2.5959,1430001.87,1000000,30.0,94434.45,2023,2024,4,300000,0.5,ml_rerank,rerank,10.0,0.1,0.25,0.06,10,0.17063492063492064,False
45.79,-18.19,58,23,39.66,2.6647,1457858.29,1000000,30.0,97313.96,2023,2024,4,300000,0.75,ml_rerank,rerank,10.0,0.1,0.25,0.06,10,0.1817063492063492,False
45.43,-18.23,52,20,38.46,2.6418,1454266.28,1000000,30.0,95196.72,2023,2024,4,300000,1.0,ml_rerank,rerank,10.0,0.1,0.25,0.06,10,0.1802777777777778,False
68.03,-21.83,59,23,38.98,3.1154,1680298.1,1000000,30.0,117159.75,2023,2024,4,500000,0.5,ml_rerank,rerank,10.0,0.1,0.25,0.06,10,0.26996031746031746,False
73.58,-22.91,58,24,41.38,3.0691,1735840.69,1000000,30.0,132422.75,2023,2024,4,500000,0.75,ml_rerank,rerank,10.0,0.1,0.25,0.06,10,0.29198412698412696,False
87.65,-16.6,40,16,40.0,3.6255,1876486.8,1000000,30.0,122961.05,2023,2024,4,500000,1.0,ml_rerank,rerank,10.0,0.1,0.25,0.06,10,0.34781746031746036,False
70.93,-24.18,59,23,38.98,3.1513,1709285.42,1000000,30.0,120013.37,2023,2024,4,1000000,0.5,ml_rerank,rerank,10.0,0.1,0.25,0.06,10,0.281468253968254,False
141.41,-23.01,58,23,39.66,3.998,2414072.59,1000000,30.0,172767.89,2023,2024,4,1000000,0.75,ml_rerank,rerank,10.0,0.1,0.25,0.06,10,0.5611507936507937,True
0.0,0.0,0,0,0.0,0.0,1000000.0,1000000,30.0,0.0,2023,2024,4,1000000,1.0,ml_rerank,rerank,10.0,0.1,0.25,0.06,10,0.0,False
63.86,-9.08,73,31,42.47,4.2473,1638570.79,1000000,30.0,86620.2,2023,2024,5,200000,0.5,ml_rerank,rerank,10.0,0.1,0.25,0.06,10,0.2534126984126984,False
71.38,-9.51,73,31,42.47,4.4319,1713807.15,1000000,30.0,89048.4,2023,2024,5,200000,0.75,ml_rerank,rerank,10.0,0.1,0.25,0.06,10,0.28325396825396826,False
71.62,-8.42,73,31,42.47,4.4051,1716211.1,1000000,30.0,89910.12,2023,2024,5,200000,1.0,ml_rerank,rerank,10.0,0.1,0.25,0.06,10,0.28420634920634924,False
69.47,-12.39,70,30,42.86,3.7649,1694685.33,1000000,30.0,104981.02,2023,2024,5,300000,0.5,ml_rerank,rerank,10.0,0.1,0.25,0.06,10,0.2756746031746032,False
65.17,-14.82,72,30,41.67,3.39,1651726.44,1000000,30.0,108338.15,2023,2024,5,300000,0.75,ml_rerank,rerank,10.0,0.1,0.25,0.06,10,0.2586111111111111,False
42.83,-19.06,57,21,36.84,2.5005,1428282.05,1000000,30.0,104145.61,2023,2024,5,300000,1.0,ml_rerank,rerank,10.0,0.1,0.25,0.06,10,0.16996031746031745,False
80.8,-17.91,70,29,41.43,3.577,1807985.41,1000000,30.0,119659.02,2023,2024,5,500000,0.5,ml_rerank,rerank,10.0,0.1,0.25,0.06,10,0.3206349206349206,False
92.89,-17.91,72,30,41.67,3.667,1928942.62,1000000,30.0,135693.29,2023,2024,5,500000,0.75,ml_rerank,rerank,10.0,0.1,0.25,0.06,10,0.3686111111111111,False
87.65,-16.6,40,16,40.0,3.6255,1876486.8,1000000,30.0,122961.05,2023,2024,5,500000,1.0,ml_rerank,rerank,10.0,0.1,0.25,0.06,10,0.34781746031746036,False
76.82,-22.14,70,29,41.43,3.4296,1768153.57,1000000,30.0,119655.91,2023,2024,5,1000000,0.5,ml_rerank,rerank,10.0,0.1,0.25,0.06,10,0.3048412698412698,False
187.48,-19.14,69,29,42.03,4.6684,2874825.75,1000000,30.0,192523.8,2023,2024,5,1000000,0.75,ml_rerank,rerank,10.0,0.1,0.25,0.06,10,0.743968253968254,True
0.0,0.0,0,0,0.0,0.0,1000000.0,1000000,30.0,0.0,2023,2024,5,1000000,1.0,ml_rerank,rerank,10.0,0.1,0.25,0.06,10,0.0,False
53.51,-13.41,84,34,40.48,3.6624,1535082.03,1000000,30.0,94360.93,2023,2024,6,200000,0.5,ml_rerank,rerank,10.0,0.1,0.25,0.06,10,0.21234126984126983,False
63.35,-12.7,86,34,39.53,3.9755,1633521.22,1000000,30.0,100028.27,2023,2024,6,200000,0.75,ml_rerank,rerank,10.0,0.1,0.25,0.06,10,0.2513888888888889,False
64.22,-12.65,81,32,39.51,3.9295,1642177.38,1000000,30.0,99298.67,2023,2024,6,200000,1.0,ml_rerank,rerank,10.0,0.1,0.25,0.06,10,0.2548412698412698,False
60.67,-16.78,83,33,39.76,3.4057,1606734.98,1000000,30.0,108865.8,2023,2024,6,300000,0.5,ml_rerank,rerank,10.0,0.1,0.25,0.06,10,0.24075396825396825,False
55.74,-17.59,84,33,39.29,3.0166,1557433.58,1000000,30.0,112411.06,2023,2024,6,300000,0.75,ml_rerank,rerank,10.0,0.1,0.25,0.06,10,0.2211904761904762,False
42.83,-19.06,57,21,36.84,2.5005,1428282.05,1000000,30.0,104145.61,2023,2024,6,300000,1.0,ml_rerank,rerank,10.0,0.1,0.25,0.06,10,0.16996031746031745,False
79.97,-18.8,83,32,38.55,3.6112,1799728.78,1000000,30.0,123241.43,2023,2024,6,500000,0.5,ml_rerank,rerank,10.0,0.1,0.25,0.06,10,0.3173412698412698,False
106.71,-17.68,82,34,41.46,3.8688,2067116.05,1000000,30.0,143280.47,2023,2024,6,500000,0.75,ml_rerank,rerank,10.0,0.1,0.25,0.06,10,0.4234523809523809,False
87.65,-16.6,40,16,40.0,3.6255,1876486.8,1000000,30.0,122961.05,2023,2024,6,500000,1.0,ml_rerank,rerank,10.0,0.1,0.25,0.06,10,0.34781746031746036,False
74.42,-23.01,85,32,37.65,3.4277,1744154.11,1000000,30.0,123370.71,2023,2024,6,1000000,0.5,ml_rerank,rerank,10.0,0.1,0.25,0.06,10,0.2953174603174603,False
195.43,-19.18,79,34,43.04,4.8099,2954333.18,1000000,30.0,196206.21,2023,2024,6,1000000,0.75,ml_rerank,rerank,10.0,0.1,0.25,0.06,10,0.775515873015873,True
0.0,0.0,0,0,0.0,0.0,1000000.0,1000000,30.0,0.0,2023,2024,6,1000000,1.0,ml_rerank,rerank,10.0,0.1,0.25,0.06,10,0.0,False
38.09,-19.84,108,42,38.89,2.8316,1380942.59,1000000,30.0,103321.94,2023,2024,8,200000,0.5,ml_rerank,rerank,10.0,0.1,0.25,0.06,10,0.15115079365079367,False
58.34,-17.9,107,42,39.25,3.6556,1583442.23,1000000,30.0,113124.35,2023,2024,8,200000,0.75,ml_rerank,rerank,10.0,0.1,0.25,0.06,10,0.23150793650793652,False
61.76,-16.26,95,36,37.89,3.7224,1617628.57,1000000,30.0,116065.39,2023,2024,8,200000,1.0,ml_rerank,rerank,10.0,0.1,0.25,0.06,10,0.24507936507936506,False
52.51,-19.52,109,43,39.45,3.1128,1525130.43,1000000,30.0,110965.21,2023,2024,8,300000,0.5,ml_rerank,rerank,10.0,0.1,0.25,0.06,10,0.20837301587301588,False
54.15,-18.42,111,42,37.84,2.9857,1541529.92,1000000,30.0,115749.57,2023,2024,8,300000,0.75,ml_rerank,rerank,10.0,0.1,0.25,0.06,10,0.21488095238095237,False
42.83,-19.06,57,21,36.84,2.5005,1428282.05,1000000,30.0,104145.61,2023,2024,8,300000,1.0,ml_rerank,rerank,10.0,0.1,0.25,0.06,10,0.16996031746031745,False
78.48,-19.23,108,43,39.81,3.6537,1784751.61,1000000,30.0,126637.66,2023,2024,8,500000,0.5,ml_rerank,rerank,10.0,0.1,0.25,0.06,10,0.31142857142857144,False
108.13,-17.84,106,41,38.68,3.9333,2081277.86,1000000,30.0,146949.3,2023,2024,8,500000,0.75,ml_rerank,rerank,10.0,0.1,0.25,0.06,10,0.4290873015873016,False
87.65,-16.6,40,16,40.0,3.6255,1876486.8,1000000,30.0,122961.05,2023,2024,8,500000,1.0,ml_rerank,rerank,10.0,0.1,0.25,0.06,10,0.34781746031746036,False
70.55,-23.94,110,45,40.91,3.3857,1705502.11,1000000,30.0,125512.9,2023,2024,8,1000000,0.5,ml_rerank,rerank,10.0,0.1,0.25,0.06,10,0.27996031746031746,False
188.95,-17.25,101,42,41.58,4.7975,2889488.55,1000000,30.0,194641.54,2023,2024,8,1000000,0.75,ml_rerank,rerank,10.0,0.1,0.25,0.06,10,0.7498015873015873,True
0.0,0.0,0,0,0.0,0.0,1000000.0,1000000,30.0,0.0,2023,2024,8,1000000,1.0,ml_rerank,rerank,10.0,0.1,0.25,0.06,10,0.0,False
48.32,-8.94,32,16,50.0,5.5325,1483163.51,1000000,30.0,39946.75,2024,2025,2,200000,0.5,fusion_rerank,rerank,10.0,0.06,0.25,0.06,20,0.19174603174603175,False
48.32,-8.94,32,16,50.0,5.5325,1483163.51,1000000,30.0,39946.75,2024,2025,2,200000,0.75,fusion_rerank,rerank,10.0,0.06,0.25,0.06,20,0.19174603174603175,False
48.32,-8.94,32,16,50.0,5.5325,1483163.51,1000000,30.0,39946.75,2024,2025,2,200000,1.0,fusion_rerank,rerank,10.0,0.06,0.25,0.06,20,0.19174603174603175,False
71.94,-13.4,32,16,50.0,5.4749,1719369.99,1000000,30.0,59804.1,2024,2025,2,300000,0.5,fusion_rerank,rerank,10.0,0.06,0.25,0.06,20,0.2854761904761905,False
72.47,-13.41,32,16,50.0,5.491,1724745.26,1000000,30.0,59920.13,2024,2025,2,300000,0.75,fusion_rerank,rerank,10.0,0.06,0.25,0.06,20,0.2875793650793651,False
72.47,-13.41,32,16,50.0,5.491,1724745.26,1000000,30.0,59920.13,2024,2025,2,300000,1.0,fusion_rerank,rerank,10.0,0.06,0.25,0.06,20,0.2875793650793651,False
110.58,-14.09,32,16,50.0,5.8513,2105827.03,1000000,30.0,88203.37,2024,2025,2,500000,0.5,fusion_rerank,rerank,10.0,0.06,0.25,0.06,20,0.4388095238095238,False
114.17,-18.03,32,16,50.0,5.5456,2141652.05,1000000,30.0,94099.41,2024,2025,2,500000,0.75,fusion_rerank,rerank,10.0,0.06,0.25,0.06,20,0.45305555555555554,False
130.87,-10.58,28,15,53.57,6.2293,2308717.65,1000000,30.0,88134.12,2024,2025,2,500000,1.0,fusion_rerank,rerank,10.0,0.06,0.25,0.06,20,0.5193253968253968,True
126.11,-14.09,32,16,50.0,5.5673,2261143.78,1000000,30.0,107812.19,2024,2025,2,1000000,0.5,fusion_rerank,rerank,10.0,0.06,0.25,0.06,20,0.500436507936508,True
161.42,-17.23,32,16,50.0,5.3186,2614174.72,1000000,30.0,145653.22,2024,2025,2,1000000,0.75,fusion_rerank,rerank,10.0,0.06,0.25,0.06,20,0.6405555555555555,True
0.0,0.0,0,0,0.0,0.0,1000000.0,1000000,30.0,0.0,2024,2025,2,1000000,1.0,fusion_rerank,rerank,10.0,0.06,0.25,0.06,20,0.0,False
71.09,-7.94,48,24,50.0,6.4756,1710943.25,1000000,30.0,59958.82,2024,2025,3,200000,0.5,fusion_rerank,rerank,10.0,0.06,0.25,0.06,20,0.28210317460317463,False
71.09,-7.94,48,24,50.0,6.4756,1710943.25,1000000,30.0,59958.82,2024,2025,3,200000,0.75,fusion_rerank,rerank,10.0,0.06,0.25,0.06,20,0.28210317460317463,False
71.09,-7.94,48,24,50.0,6.4756,1710943.25,1000000,30.0,59958.82,2024,2025,3,200000,1.0,fusion_rerank,rerank,10.0,0.06,0.25,0.06,20,0.28210317460317463,False
97.45,-10.23,48,24,50.0,6.7969,1974466.55,1000000,30.0,86588.44,2024,2025,3,300000,0.5,fusion_rerank,rerank,10.0,0.06,0.25,0.06,20,0.3867063492063492,False
105.47,-9.85,48,24,50.0,6.4665,2054697.68,1000000,30.0,89470.27,2024,2025,3,300000,0.75,fusion_rerank,rerank,10.0,0.06,0.25,0.06,20,0.41853174603174603,False
106.64,-9.79,48,24,50.0,6.3033,2066414.88,1000000,30.0,89938.23,2024,2025,3,300000,1.0,fusion_rerank,rerank,10.0,0.06,0.25,0.06,20,0.4231746031746032,False
132.13,-14.07,48,24,50.0,6.9547,2321327.26,1000000,30.0,121309.66,2024,2025,3,500000,0.5,fusion_rerank,rerank,10.0,0.06,0.25,0.06,20,0.5243253968253968,True
132.24,-14.27,48,24,50.0,6.3573,2322401.83,1000000,30.0,127052.47,2024,2025,3,500000,0.75,fusion_rerank,rerank,10.0,0.06,0.25,0.06,20,0.5247619047619048,True
113.25,-15.47,39,19,48.72,4.9999,2132451.5,1000000,30.0,120875.27,2024,2025,3,500000,1.0,fusion_rerank,rerank,10.0,0.06,0.25,0.06,20,0.4494047619047619,False
153.61,-14.27,48,24,50.0,6.5296,2536137.2,1000000,30.0,141076.65,2024,2025,3,1000000,0.5,fusion_rerank,rerank,10.0,0.06,0.25,0.06,20,0.6095634920634921,True
156.34,-17.48,45,22,48.89,5.3104,2563401.88,1000000,30.0,161380.42,2024,2025,3,1000000,0.75,fusion_rerank,rerank,10.0,0.06,0.25,0.06,20,0.6203968253968254,True
0.0,0.0,0,0,0.0,0.0,1000000.0,1000000,30.0,0.0,2024,2025,3,1000000,1.0,fusion_rerank,rerank,10.0,0.06,0.25,0.06,20,0.0,False
98.74,-6.25,59,32,54.24,7.1692,1987403.7,1000000,30.0,73867.27,2024,2025,4,200000,0.5,fusion_rerank,rerank,10.0,0.06,0.25,0.06,20,0.3918253968253968,False
98.67,-6.25,59,32,54.24,7.0923,1986672.87,1000000,30.0,74074.95,2024,2025,4,200000,0.75,fusion_rerank,rerank,10.0,0.06,0.25,0.06,20,0.39154761904761903,False
98.67,-6.25,59,32,54.24,7.0923,1986672.87,1000000,30.0,74074.95,2024,2025,4,200000,1.0,fusion_rerank,rerank,10.0,0.06,0.25,0.06,20,0.39154761904761903,False
123.41,-8.34,59,32,54.24,7.4005,2234065.16,1000000,30.0,101356.25,2024,2025,4,300000,0.5,fusion_rerank,rerank,10.0,0.06,0.25,0.06,20,0.4897222222222222,False
117.94,-8.55,59,32,54.24,6.7429,2179402.48,1000000,30.0,103366.69,2024,2025,4,300000,0.75,fusion_rerank,rerank,10.0,0.06,0.25,0.06,20,0.468015873015873,False
139.99,-8.32,57,32,56.14,7.2279,2399867.88,1000000,30.0,107260.45,2024,2025,4,300000,1.0,fusion_rerank,rerank,10.0,0.06,0.25,0.06,20,0.555515873015873,True
154.23,-11.73,59,32,54.24,7.2326,2542327.9,1000000,30.0,136296.48,2024,2025,4,500000,0.5,fusion_rerank,rerank,10.0,0.06,0.25,0.06,20,0.6120238095238095,True
166.38,-15.23,59,32,54.24,6.7398,2663833.73,1000000,30.0,145571.7,2024,2025,4,500000,0.75,fusion_rerank,rerank,10.0,0.06,0.25,0.06,20,0.6602380952380952,True
126.73,-13.16,43,22,51.16,5.3198,2267263.57,1000000,30.0,133433.86,2024,2025,4,500000,1.0,fusion_rerank,rerank,10.0,0.06,0.25,0.06,20,0.5028968253968255,True
162.82,-13.68,59,32,54.24,6.5761,2628239.13,1000000,30.0,147075.38,2024,2025,4,1000000,0.5,fusion_rerank,rerank,10.0,0.06,0.25,0.06,20,0.6461111111111111,True
171.8,-17.87,58,32,55.17,5.5132,2718009.64,1000000,30.0,171686.51,2024,2025,4,1000000,0.75,fusion_rerank,rerank,10.0,0.06,0.25,0.06,20,0.6817460317460318,True
0.0,0.0,0,0,0.0,0.0,1000000.0,1000000,30.0,0.0,2024,2025,4,1000000,1.0,fusion_rerank,rerank,10.0,0.06,0.25,0.06,20,0.0,False
117.56,-5.1,81,40,49.38,7.0706,2175568.39,1000000,30.0,97699.49,2024,2025,5,200000,0.5,fusion_rerank,rerank,10.0,0.06,0.25,0.06,20,0.46650793650793654,False
116.13,-5.9,81,40,49.38,6.8033,2161254.08,1000000,30.0,99508.25,2024,2025,5,200000,0.75,fusion_rerank,rerank,10.0,0.06,0.25,0.06,20,0.4608333333333333,False
113.59,-7.76,81,39,48.15,6.7691,2135918.22,1000000,30.0,100982.85,2024,2025,5,200000,1.0,fusion_rerank,rerank,10.0,0.06,0.25,0.06,20,0.45075396825396824,False
142.17,-7.06,84,40,47.62,7.1398,2421695.19,1000000,30.0,127966.85,2024,2025,5,300000,0.5,fusion_rerank,rerank,10.0,0.06,0.25,0.06,20,0.5641666666666666,True
152.74,-7.72,77,40,51.95,7.1394,2527398.01,1000000,30.0,129837.42,2024,2025,5,300000,0.75,fusion_rerank,rerank,10.0,0.06,0.25,0.06,20,0.6061111111111112,True
172.27,-8.32,71,38,53.52,7.5923,2722671.69,1000000,30.0,133476.66,2024,2025,5,300000,1.0,fusion_rerank,rerank,10.0,0.06,0.25,0.06,20,0.6836111111111112,True
188.59,-9.07,78,40,51.28,7.9129,2885878.87,1000000,30.0,156978.17,2024,2025,5,500000,0.5,fusion_rerank,rerank,10.0,0.06,0.25,0.06,20,0.7483730158730159,True
176.03,-15.26,77,38,49.35,6.8446,2760309.7,1000000,30.0,161263.89,2024,2025,5,500000,0.75,fusion_rerank,rerank,10.0,0.06,0.25,0.06,20,0.6985317460317461,True
126.73,-13.16,43,22,51.16,5.3198,2267263.57,1000000,30.0,133433.86,2024,2025,5,500000,1.0,fusion_rerank,rerank,10.0,0.06,0.25,0.06,20,0.5028968253968255,True
213.5,-10.98,77,40,51.95,7.703,3134971.75,1000000,30.0,171547.17,2024,2025,5,1000000,0.5,fusion_rerank,rerank,10.0,0.06,0.25,0.06,20,0.8472222222222222,True
161.21,-17.25,75,38,50.67,5.1064,2612130.14,1000000,30.0,168674.18,2024,2025,5,1000000,0.75,fusion_rerank,rerank,10.0,0.06,0.25,0.06,20,0.6397222222222223,True
0.0,0.0,0,0,0.0,0.0,1000000.0,1000000,30.0,0.0,2024,2025,5,1000000,1.0,fusion_rerank,rerank,10.0,0.06,0.25,0.06,20,0.0,False
130.29,-7.77,104,47,45.19,7.79,2302898.04,1000000,30.0,116412.53,2024,2025,6,200000,0.5,fusion_rerank,rerank,10.0,0.06,0.25,0.06,20,0.5170238095238094,True
118.39,-6.25,100,46,46.0,6.5833,2183880.24,1000000,30.0,118374.61,2024,2025,6,200000,0.75,fusion_rerank,rerank,10.0,0.06,0.25,0.06,20,0.46980158730158733,False
116.88,-7.76,93,43,46.24,6.6378,2168782.26,1000000,30.0,115576.24,2024,2025,6,200000,1.0,fusion_rerank,rerank,10.0,0.06,0.25,0.06,20,0.4638095238095238,False
149.26,-6.7,102,45,44.12,7.1582,2492564.19,1000000,30.0,140200.23,2024,2025,6,300000,0.5,fusion_rerank,rerank,10.0,0.06,0.25,0.06,20,0.5923015873015872,True
171.77,-7.81,96,47,48.96,7.3564,2717692.18,1000000,30.0,145152.37,2024,2025,6,300000,0.75,fusion_rerank,rerank,10.0,0.06,0.25,0.06,20,0.6816269841269842,True
192.76,-8.32,77,41,53.25,8.134,2927574.85,1000000,30.0,145002.47,2024,2025,6,300000,1.0,fusion_rerank,rerank,10.0,0.06,0.25,0.06,20,0.7649206349206349,True
192.12,-9.52,97,46,47.42,8.0643,2921222.34,1000000,30.0,162144.85,2024,2025,6,500000,0.5,fusion_rerank,rerank,10.0,0.06,0.25,0.06,20,0.7623809523809524,True
190.19,-15.43,93,46,49.46,7.11,2901894.68,1000000,30.0,165759.55,2024,2025,6,500000,0.75,fusion_rerank,rerank,10.0,0.06,0.25,0.06,20,0.7547222222222222,True
126.73,-13.16,43,22,51.16,5.3198,2267263.57,1000000,30.0,133433.86,2024,2025,6,500000,1.0,fusion_rerank,rerank,10.0,0.06,0.25,0.06,20,0.5028968253968255,True
200.43,-10.93,97,46,47.42,7.3699,3004317.25,1000000,30.0,171014.74,2024,2025,6,1000000,0.5,fusion_rerank,rerank,10.0,0.06,0.25,0.06,20,0.7953571428571429,True
221.76,-13.73,93,46,49.46,6.6539,3217599.18,1000000,30.0,190507.35,2024,2025,6,1000000,0.75,fusion_rerank,rerank,10.0,0.06,0.25,0.06,20,0.88,True
0.0,0.0,0,0,0.0,0.0,1000000.0,1000000,30.0,0.0,2024,2025,6,1000000,1.0,fusion_rerank,rerank,10.0,0.06,0.25,0.06,20,0.0,False
156.18,-8.54,134,57,42.54,8.2536,2561777.0,1000000,30.0,132604.56,2024,2025,8,200000,0.5,fusion_rerank,rerank,10.0,0.06,0.25,0.06,20,0.6197619047619047,True
156.91,-9.65,133,58,43.61,7.7191,2569102.73,1000000,30.0,136159.27,2024,2025,8,200000,0.75,fusion_rerank,rerank,10.0,0.06,0.25,0.06,20,0.6226587301587302,True
143.45,-7.76,104,49,47.12,7.401,2434524.27,1000000,30.0,129658.64,2024,2025,8,200000,1.0,fusion_rerank,rerank,10.0,0.06,0.25,0.06,20,0.5692460317460317,True
165.34,-6.5,132,56,42.42,8.2921,2653375.08,1000000,30.0,152176.98,2024,2025,8,300000,0.5,fusion_rerank,rerank,10.0,0.06,0.25,0.06,20,0.6561111111111111,True
171.65,-8.05,121,59,48.76,7.609,2716469.85,1000000,30.0,159796.42,2024,2025,8,300000,0.75,fusion_rerank,rerank,10.0,0.06,0.25,0.06,20,0.6811507936507937,True
199.34,-8.32,85,44,51.76,8.3222,2993434.54,1000000,30.0,159575.96,2024,2025,8,300000,1.0,fusion_rerank,rerank,10.0,0.06,0.25,0.06,20,0.7910317460317461,True
170.25,-8.18,127,60,47.24,7.6345,2702549.44,1000000,30.0,159474.57,2024,2025,8,500000,0.5,fusion_rerank,rerank,10.0,0.06,0.25,0.06,20,0.6755952380952381,True
208.05,-13.79,118,59,50.0,8.0044,3080497.3,1000000,30.0,172674.32,2024,2025,8,500000,0.75,fusion_rerank,rerank,10.0,0.06,0.25,0.06,20,0.8255952380952382,True
126.73,-13.16,43,22,51.16,5.3198,2267263.57,1000000,30.0,133433.86,2024,2025,8,500000,1.0,fusion_rerank,rerank,10.0,0.06,0.25,0.06,20,0.5028968253968255,True
179.08,-8.56,127,61,48.03,7.036,2790845.81,1000000,30.0,166915.44,2024,2025,8,1000000,0.5,fusion_rerank,rerank,10.0,0.06,0.25,0.06,20,0.7106349206349207,True
225.76,-14.08,113,56,49.56,6.4062,3257555.57,1000000,30.0,189142.49,2024,2025,8,1000000,0.75,fusion_rerank,rerank,10.0,0.06,0.25,0.06,20,0.8958730158730158,True
0.0,0.0,0,0,0.0,0.0,1000000.0,1000000,30.0,0.0,2024,2025,8,1000000,1.0,fusion_rerank,rerank,10.0,0.06,0.25,0.06,20,0.0,False
41.12,-22.18,31,16,51.61,3.5178,1411234.73,1000000,30.0,38585.24,2024,2025,2,200000,0.5,ml_rerank,rerank,10.0,0.1,0.25,0.06,10,0.16317460317460317,False
41.12,-22.18,31,16,51.61,3.5178,1411234.73,1000000,30.0,38585.24,2024,2025,2,200000,0.75,ml_rerank,rerank,10.0,0.1,0.25,0.06,10,0.16317460317460317,False
41.12,-22.18,31,16,51.61,3.5178,1411234.73,1000000,30.0,38585.24,2024,2025,2,200000,1.0,ml_rerank,rerank,10.0,0.1,0.25,0.06,10,0.16317460317460317,False
58.53,-31.91,31,16,51.61,3.342,1585343.22,1000000,30.0,54629.34,2024,2025,2,300000,0.5,ml_rerank,rerank,10.0,0.1,0.25,0.06,10,0.23226190476190475,False
61.66,-33.27,31,16,51.61,3.3795,1616621.0,1000000,30.0,57867.2,2024,2025,2,300000,0.75,ml_rerank,rerank,10.0,0.1,0.25,0.06,10,0.24468253968253967,False
61.69,-33.28,31,16,51.61,3.3806,1616852.1,1000000,30.0,57877.86,2024,2025,2,300000,1.0,ml_rerank,rerank,10.0,0.1,0.25,0.06,10,0.2448015873015873,False
77.52,-35.63,31,16,51.61,3.5073,1775231.9,1000000,30.0,66220.26,2024,2025,2,500000,0.5,ml_rerank,rerank,10.0,0.1,0.25,0.06,10,0.3076190476190476,False
90.32,-43.01,31,16,51.61,3.3724,1903210.88,1000000,30.0,76108.95,2024,2025,2,500000,0.75,ml_rerank,rerank,10.0,0.1,0.25,0.06,10,0.3584126984126984,False
72.46,-33.29,22,11,50.0,3.2127,1724553.17,1000000,30.0,68468.52,2024,2025,2,500000,1.0,ml_rerank,rerank,10.0,0.1,0.25,0.06,10,0.28753968253968254,False
74.68,-35.63,31,16,51.61,3.3251,1746825.24,1000000,30.0,67821.3,2024,2025,2,1000000,0.5,ml_rerank,rerank,10.0,0.1,0.25,0.06,10,0.29634920634920636,False
92.64,-44.47,31,16,51.61,3.0473,1926397.56,1000000,30.0,88565.79,2024,2025,2,1000000,0.75,ml_rerank,rerank,10.0,0.1,0.25,0.06,10,0.3676190476190476,False
0.0,0.0,0,0,0.0,0.0,1000000.0,1000000,30.0,0.0,2024,2025,2,1000000,1.0,ml_rerank,rerank,10.0,0.1,0.25,0.06,10,0.0,False
60.76,-13.92,46,23,50.0,4.5479,1607574.59,1000000,30.0,57209.57,2024,2025,3,200000,0.5,ml_rerank,rerank,10.0,0.1,0.25,0.06,10,0.2411111111111111,False
60.76,-13.92,46,23,50.0,4.5479,1607574.59,1000000,30.0,57209.57,2024,2025,3,200000,0.75,ml_rerank,rerank,10.0,0.1,0.25,0.06,10,0.2411111111111111,False
60.76,-13.92,46,23,50.0,4.5479,1607574.59,1000000,30.0,57209.57,2024,2025,3,200000,1.0,ml_rerank,rerank,10.0,0.1,0.25,0.06,10,0.2411111111111111,False
84.27,-22.97,46,23,50.0,4.4377,1842702.24,1000000,30.0,73203.58,2024,2025,3,300000,0.5,ml_rerank,rerank,10.0,0.1,0.25,0.06,10,0.33440476190476187,False
91.34,-20.76,46,23,50.0,4.5181,1913379.09,1000000,30.0,79871.25,2024,2025,3,300000,0.75,ml_rerank,rerank,10.0,0.1,0.25,0.06,10,0.3624603174603175,False
78.98,-36.46,38,19,50.0,3.6486,1789839.7,1000000,30.0,71005.36,2024,2025,3,300000,1.0,ml_rerank,rerank,10.0,0.1,0.25,0.06,10,0.3134126984126984,False
102.45,-25.32,46,23,50.0,4.5407,2024537.4,1000000,30.0,88940.78,2024,2025,3,500000,0.5,ml_rerank,rerank,10.0,0.1,0.25,0.06,10,0.40654761904761905,False
106.37,-37.94,46,24,52.17,3.9351,2063706.39,1000000,30.0,96041.87,2024,2025,3,500000,0.75,ml_rerank,rerank,10.0,0.1,0.25,0.06,10,0.42210317460317465,False
139.02,-33.29,28,14,50.0,4.4577,2390210.96,1000000,30.0,88474.09,2024,2025,3,500000,1.0,ml_rerank,rerank,10.0,0.1,0.25,0.06,10,0.5516666666666667,True
99.2,-25.32,46,23,50.0,4.4582,1991985.39,1000000,30.0,89204.12,2024,2025,3,1000000,0.5,ml_rerank,rerank,10.0,0.1,0.25,0.06,10,0.39365079365079364,False
107.8,-36.07,46,24,52.17,3.7916,2078026.51,1000000,30.0,105966.18,2024,2025,3,1000000,0.75,ml_rerank,rerank,10.0,0.1,0.25,0.06,10,0.42777777777777776,False
0.0,0.0,0,0,0.0,0.0,1000000.0,1000000,30.0,0.0,2024,2025,3,1000000,1.0,ml_rerank,rerank,10.0,0.1,0.25,0.06,10,0.0,False
101.0,-15.92,58,29,50.0,6.3841,2010013.92,1000000,30.0,72649.62,2024,2025,4,200000,0.5,ml_rerank,rerank,10.0,0.1,0.25,0.06,10,0.4007936507936508,False
101.78,-15.92,58,29,50.0,6.4119,2017813.23,1000000,30.0,72924.93,2024,2025,4,200000,0.75,ml_rerank,rerank,10.0,0.1,0.25,0.06,10,0.4038888888888889,False
101.78,-15.92,58,29,50.0,6.4119,2017813.23,1000000,30.0,72924.93,2024,2025,4,200000,1.0,ml_rerank,rerank,10.0,0.1,0.25,0.06,10,0.4038888888888889,False
128.81,-16.92,61,30,49.18,6.0788,2288093.09,1000000,30.0,91230.66,2024,2025,4,300000,0.5,ml_rerank,rerank,10.0,0.1,0.25,0.06,10,0.5111507936507936,True
132.81,-15.49,61,30,49.18,5.8679,2328079.1,1000000,30.0,96032.27,2024,2025,4,300000,0.75,ml_rerank,rerank,10.0,0.1,0.25,0.06,10,0.5270238095238096,True
102.63,-36.46,45,22,48.89,4.1338,2026287.85,1000000,30.0,84310.16,2024,2025,4,300000,1.0,ml_rerank,rerank,10.0,0.1,0.25,0.06,10,0.40726190476190477,False
137.85,-21.97,61,30,49.18,5.5245,2378538.53,1000000,30.0,103737.43,2024,2025,4,500000,0.5,ml_rerank,rerank,10.0,0.1,0.25,0.06,10,0.5470238095238095,True
147.68,-36.66,60,29,48.33,4.7063,2476828.06,1000000,30.0,109404.62,2024,2025,4,500000,0.75,ml_rerank,rerank,10.0,0.1,0.25,0.06,10,0.586031746031746,True
137.91,-33.29,29,14,48.28,4.4684,2379064.65,1000000,30.0,91433.1,2024,2025,4,500000,1.0,ml_rerank,rerank,10.0,0.1,0.25,0.06,10,0.5472619047619047,True
130.54,-21.97,60,30,50.0,5.4864,2305442.66,1000000,30.0,100051.03,2024,2025,4,1000000,0.5,ml_rerank,rerank,10.0,0.1,0.25,0.06,10,0.5180158730158729,True
116.02,-35.63,55,29,52.73,3.9911,2160183.9,1000000,30.0,107885.21,2024,2025,4,1000000,0.75,ml_rerank,rerank,10.0,0.1,0.25,0.06,10,0.46039682539682536,False
0.0,0.0,0,0,0.0,0.0,1000000.0,1000000,30.0,0.0,2024,2025,4,1000000,1.0,ml_rerank,rerank,10.0,0.1,0.25,0.06,10,0.0,False
101.19,-16.78,70,32,45.71,6.0394,2011938.98,1000000,30.0,81009.23,2024,2025,5,200000,0.5,ml_rerank,rerank,10.0,0.1,0.25,0.06,10,0.40154761904761904,False
100.77,-17.63,70,32,45.71,5.7661,2007666.67,1000000,30.0,84423.92,2024,2025,5,200000,0.75,ml_rerank,rerank,10.0,0.1,0.25,0.06,10,0.3998809523809524,False
101.14,-15.02,68,32,47.06,5.9443,2011433.67,1000000,30.0,84935.25,2024,2025,5,200000,1.0,ml_rerank,rerank,10.0,0.1,0.25,0.06,10,0.40134920634920634,False
123.73,-17.18,72,33,45.83,5.8341,2237292.83,1000000,30.0,95873.75,2024,2025,5,300000,0.5,ml_rerank,rerank,10.0,0.1,0.25,0.06,10,0.49099206349206354,False
140.89,-16.41,70,33,47.14,6.089,2408861.68,1000000,30.0,101272.27,2024,2025,5,300000,0.75,ml_rerank,rerank,10.0,0.1,0.25,0.06,10,0.5590873015873016,True
124.77,-36.46,48,24,50.0,4.5334,2247687.22,1000000,30.0,90388.58,2024,2025,5,300000,1.0,ml_rerank,rerank,10.0,0.1,0.25,0.06,10,0.4951190476190476,False
135.3,-21.61,71,33,46.48,5.4939,2353008.16,1000000,30.0,104394.73,2024,2025,5,500000,0.5,ml_rerank,rerank,10.0,0.1,0.25,0.06,10,0.536904761904762,True
145.73,-36.54,69,33,47.83,4.7117,2457321.56,1000000,30.0,111597.28,2024,2025,5,500000,0.75,ml_rerank,rerank,10.0,0.1,0.25,0.06,10,0.5782936507936508,True
137.91,-33.29,29,14,48.28,4.4684,2379064.65,1000000,30.0,91433.1,2024,2025,5,500000,1.0,ml_rerank,rerank,10.0,0.1,0.25,0.06,10,0.5472619047619047,True
130.95,-21.61,70,33,47.14,5.4995,2309526.62,1000000,30.0,100881.68,2024,2025,5,1000000,0.5,ml_rerank,rerank,10.0,0.1,0.25,0.06,10,0.5196428571428571,True
131.19,-35.8,69,35,50.72,4.2669,2311940.7,1000000,30.0,111778.72,2024,2025,5,1000000,0.75,ml_rerank,rerank,10.0,0.1,0.25,0.06,10,0.5205952380952381,True
0.0,0.0,0,0,0.0,0.0,1000000.0,1000000,30.0,0.0,2024,2025,5,1000000,1.0,ml_rerank,rerank,10.0,0.1,0.25,0.06,10,0.0,False
116.63,-17.1,83,38,45.78,6.2326,2166291.41,1000000,30.0,88234.36,2024,2025,6,200000,0.5,ml_rerank,rerank,10.0,0.1,0.25,0.06,10,0.4628174603174603,False
116.03,-17.88,83,38,45.78,5.976,2160337.57,1000000,30.0,91616.6,2024,2025,6,200000,0.75,ml_rerank,rerank,10.0,0.1,0.25,0.06,10,0.4604365079365079,False
125.92,-15.02,74,36,48.65,6.3288,2259199.86,1000000,30.0,92975.23,2024,2025,6,200000,1.0,ml_rerank,rerank,10.0,0.1,0.25,0.06,10,0.4996825396825397,False
132.64,-18.59,86,40,46.51,5.7256,2326376.05,1000000,30.0,100232.27,2024,2025,6,300000,0.5,ml_rerank,rerank,10.0,0.1,0.25,0.06,10,0.5263492063492063,True
171.93,-16.35,83,41,49.4,6.456,2719333.2,1000000,30.0,110070.61,2024,2025,6,300000,0.75,ml_rerank,rerank,10.0,0.1,0.25,0.06,10,0.6822619047619047,True
124.1,-36.46,49,24,48.98,4.5396,2240999.44,1000000,30.0,92163.98,2024,2025,6,300000,1.0,ml_rerank,rerank,10.0,0.1,0.25,0.06,10,0.49246031746031743,False
125.06,-22.35,84,38,45.24,5.1993,2250630.48,1000000,30.0,101276.53,2024,2025,6,500000,0.5,ml_rerank,rerank,10.0,0.1,0.25,0.06,10,0.4962698412698413,False
159.56,-36.35,80,40,50.0,4.8532,2595631.39,1000000,30.0,114995.37,2024,2025,6,500000,0.75,ml_rerank,rerank,10.0,0.1,0.25,0.06,10,0.6331746031746032,True
137.91,-33.29,29,14,48.28,4.4684,2379064.65,1000000,30.0,91433.1,2024,2025,6,500000,1.0,ml_rerank,rerank,10.0,0.1,0.25,0.06,10,0.5472619047619047,True
127.51,-22.35,83,38,45.78,5.3125,2275078.19,1000000,30.0,99193.48,2024,2025,6,1000000,0.5,ml_rerank,rerank,10.0,0.1,0.25,0.06,10,0.5059920634920635,True
134.73,-35.35,77,42,54.55,4.3352,2347342.21,1000000,30.0,112016.61,2024,2025,6,1000000,0.75,ml_rerank,rerank,10.0,0.1,0.25,0.06,10,0.5346428571428571,True
0.0,0.0,0,0,0.0,0.0,1000000.0,1000000,30.0,0.0,2024,2025,6,1000000,1.0,ml_rerank,rerank,10.0,0.1,0.25,0.06,10,0.0,False
153.03,-15.34,109,56,51.38,7.207,2530255.93,1000000,30.0,100617.55,2024,2025,8,200000,0.5,ml_rerank,rerank,10.0,0.1,0.25,0.06,10,0.6072619047619048,True
155.57,-15.9,111,57,51.35,6.9409,2555651.44,1000000,30.0,105526.12,2024,2025,8,200000,0.75,ml_rerank,rerank,10.0,0.1,0.25,0.06,10,0.6173412698412698,True
152.71,-15.02,84,41,48.81,6.8896,2527126.17,1000000,30.0,105785.56,2024,2025,8,200000,1.0,ml_rerank,rerank,10.0,0.1,0.25,0.06,10,0.6059920634920635,True
146.08,-17.99,109,56,51.38,6.1392,2460781.44,1000000,30.0,105877.26,2024,2025,8,300000,0.5,ml_rerank,rerank,10.0,0.1,0.25,0.06,10,0.5796825396825397,True
187.28,-15.74,103,56,54.37,6.961,2872810.91,1000000,30.0,116305.57,2024,2025,8,300000,0.75,ml_rerank,rerank,10.0,0.1,0.25,0.06,10,0.7431746031746032,True
123.34,-36.46,50,25,50.0,4.5225,2233363.68,1000000,30.0,94002.84,2024,2025,8,300000,1.0,ml_rerank,rerank,10.0,0.1,0.25,0.06,10,0.48944444444444446,False
142.1,-21.63,108,55,50.93,5.5052,2421013.24,1000000,30.0,107758.92,2024,2025,8,500000,0.5,ml_rerank,rerank,10.0,0.1,0.25,0.06,10,0.5638888888888889,True
101.35,-44.21,102,55,53.92,3.5346,2013508.21,1000000,30.0,103077.85,2024,2025,8,500000,0.75,ml_rerank,rerank,10.0,0.1,0.25,0.06,10,0.40218253968253964,False
137.91,-33.29,29,14,48.28,4.4684,2379064.65,1000000,30.0,91433.1,2024,2025,8,500000,1.0,ml_rerank,rerank,10.0,0.1,0.25,0.06,10,0.5472619047619047,True
147.3,-21.63,107,55,51.4,5.6668,2472951.64,1000000,30.0,105525.17,2024,2025,8,1000000,0.5,ml_rerank,rerank,10.0,0.1,0.25,0.06,10,0.5845238095238096,True
105.86,-35.19,98,50,51.02,3.7346,2058612.82,1000000,30.0,106488.63,2024,2025,8,1000000,0.75,ml_rerank,rerank,10.0,0.1,0.25,0.06,10,0.42007936507936505,False
0.0,0.0,0,0,0.0,0.0,1000000.0,1000000,30.0,0.0,2024,2025,8,1000000,1.0,ml_rerank,rerank,10.0,0.1,0.25,0.06,10,0.0,False
8.05,-13.67,16,5,31.25,1.6613,1080456.53,1000000,30.0,19349.29,2025,2026,2,200000,0.5,fusion_rerank,rerank,10.0,0.06,0.25,0.06,20,0.03194444444444445,False
8.05,-13.67,16,5,31.25,1.6613,1080456.53,1000000,30.0,19349.29,2025,2026,2,200000,0.75,fusion_rerank,rerank,10.0,0.06,0.25,0.06,20,0.03194444444444445,False
8.05,-13.67,16,5,31.25,1.6613,1080456.53,1000000,30.0,19349.29,2025,2026,2,200000,1.0,fusion_rerank,rerank,10.0,0.06,0.25,0.06,20,0.03194444444444445,False
12.07,-18.64,16,5,31.25,1.8241,1120684.8,1000000,30.0,29023.94,2025,2026,2,300000,0.5,fusion_rerank,rerank,10.0,0.06,0.25,0.06,20,0.047896825396825396,False
12.07,-18.64,16,5,31.25,1.8241,1120684.8,1000000,30.0,29023.94,2025,2026,2,300000,0.75,fusion_rerank,rerank,10.0,0.06,0.25,0.06,20,0.047896825396825396,False
12.07,-18.64,16,5,31.25,1.8241,1120684.8,1000000,30.0,29023.94,2025,2026,2,300000,1.0,fusion_rerank,rerank,10.0,0.06,0.25,0.06,20,0.047896825396825396,False
9.43,-25.17,16,5,31.25,1.4313,1094278.26,1000000,30.0,40933.47,2025,2026,2,500000,0.5,fusion_rerank,rerank,10.0,0.06,0.25,0.06,20,0.03742063492063492,False
13.2,-27.43,16,5,31.25,1.6665,1131951.14,1000000,30.0,47413.84,2025,2026,2,500000,0.75,fusion_rerank,rerank,10.0,0.06,0.25,0.06,20,0.052380952380952375,False
-2.37,-35.65,15,4,26.67,0.3914,976339.43,1000000,30.0,45044.3,2025,2026,2,500000,1.0,fusion_rerank,rerank,10.0,0.06,0.25,0.06,20,-0.009404761904761905,False
3.05,-29.51,16,5,31.25,0.8648,1030513.32,1000000,30.0,41528.95,2025,2026,2,1000000,0.5,fusion_rerank,rerank,10.0,0.06,0.25,0.06,20,0.012103174603174602,False
4.67,-35.93,16,5,31.25,1.0792,1046657.78,1000000,30.0,55830.61,2025,2026,2,1000000,0.75,fusion_rerank,rerank,10.0,0.06,0.25,0.06,20,0.01853174603174603,False
0.0,0.0,0,0,0.0,0.0,1000000.0,1000000,30.0,0.0,2025,2026,2,1000000,1.0,fusion_rerank,rerank,10.0,0.06,0.25,0.06,20,0.0,False
10.59,-12.3,23,7,30.43,2.0021,1105925.3,1000000,30.0,27768.5,2025,2026,3,200000,0.5,fusion_rerank,rerank,10.0,0.06,0.25,0.06,20,0.042023809523809526,False
10.59,-12.3,23,7,30.43,2.0021,1105925.3,1000000,30.0,27768.5,2025,2026,3,200000,0.75,fusion_rerank,rerank,10.0,0.06,0.25,0.06,20,0.042023809523809526,False
10.59,-12.3,23,7,30.43,2.0021,1105925.3,1000000,30.0,27768.5,2025,2026,3,200000,1.0,fusion_rerank,rerank,10.0,0.06,0.25,0.06,20,0.042023809523809526,False
15.63,-16.31,23,7,30.43,2.1743,1156270.31,1000000,30.0,40823.2,2025,2026,3,300000,0.5,fusion_rerank,rerank,10.0,0.06,0.25,0.06,20,0.06202380952380953,False
15.89,-16.71,23,7,30.43,2.1744,1158920.05,1000000,30.0,41644.73,2025,2026,3,300000,0.75,fusion_rerank,rerank,10.0,0.06,0.25,0.06,20,0.06305555555555556,False
15.89,-16.72,23,7,30.43,2.1739,1158887.96,1000000,30.0,41652.75,2025,2026,3,300000,1.0,fusion_rerank,rerank,10.0,0.06,0.25,0.06,20,0.06305555555555556,False
8.92,-24.13,23,7,30.43,1.4085,1089248.73,1000000,30.0,46426.78,2025,2026,3,500000,0.5,fusion_rerank,rerank,10.0,0.06,0.25,0.06,20,0.0353968253968254,False
19.08,-23.78,23,7,30.43,2.0991,1190757.03,1000000,30.0,56157.63,2025,2026,3,500000,0.75,fusion_rerank,rerank,10.0,0.06,0.25,0.06,20,0.0757142857142857,False
-2.37,-35.65,15,4,26.67,0.3914,976339.43,1000000,30.0,45044.3,2025,2026,3,500000,1.0,fusion_rerank,rerank,10.0,0.06,0.25,0.06,20,-0.009404761904761905,False
3.78,-27.71,23,7,30.43,0.9189,1037759.07,1000000,30.0,46173.77,2025,2026,3,1000000,0.5,fusion_rerank,rerank,10.0,0.06,0.25,0.06,20,0.015,False
12.63,-30.97,23,9,39.13,1.5993,1126293.14,1000000,30.0,60962.12,2025,2026,3,1000000,0.75,fusion_rerank,rerank,10.0,0.06,0.25,0.06,20,0.050119047619047626,False
0.0,0.0,0,0,0.0,0.0,1000000.0,1000000,30.0,0.0,2025,2026,3,1000000,1.0,fusion_rerank,rerank,10.0,0.06,0.25,0.06,20,0.0,False
16.49,-15.11,28,9,32.14,2.3578,1164916.27,1000000,30.0,33944.33,2025,2026,4,200000,0.5,fusion_rerank,rerank,10.0,0.06,0.25,0.06,20,0.06543650793650793,False
16.53,-15.1,28,9,32.14,2.3604,1165269.98,1000000,30.0,33950.81,2025,2026,4,200000,0.75,fusion_rerank,rerank,10.0,0.06,0.25,0.06,20,0.0655952380952381,False
16.53,-15.1,28,9,32.14,2.3604,1165269.98,1000000,30.0,33950.81,2025,2026,4,200000,1.0,fusion_rerank,rerank,10.0,0.06,0.25,0.06,20,0.0655952380952381,False
16.96,-18.79,28,9,32.14,2.2044,1169633.55,1000000,30.0,44160.05,2025,2026,4,300000,0.5,fusion_rerank,rerank,10.0,0.06,0.25,0.06,20,0.0673015873015873,False
11.54,-21.45,28,8,28.57,1.6698,1115447.06,1000000,30.0,46841.66,2025,2026,4,300000,0.75,fusion_rerank,rerank,10.0,0.06,0.25,0.06,20,0.04579365079365079,False
13.87,-20.98,25,8,32.0,1.881,1138684.13,1000000,30.0,45202.79,2025,2026,4,300000,1.0,fusion_rerank,rerank,10.0,0.06,0.25,0.06,20,0.055039682539682534,False
8.64,-24.98,29,9,31.03,1.3697,1086401.24,1000000,30.0,47960.82,2025,2026,4,500000,0.5,fusion_rerank,rerank,10.0,0.06,0.25,0.06,20,0.03428571428571429,False
33.57,-14.25,29,10,34.48,3.1151,1335684.71,1000000,30.0,60814.7,2025,2026,4,500000,0.75,fusion_rerank,rerank,10.0,0.06,0.25,0.06,20,0.1332142857142857,False
-2.37,-35.65,15,4,26.67,0.3914,976339.43,1000000,30.0,45044.3,2025,2026,4,500000,1.0,fusion_rerank,rerank,10.0,0.06,0.25,0.06,20,-0.009404761904761905,False
4.59,-27.37,29,9,31.03,0.9979,1045895.8,1000000,30.0,47595.24,2025,2026,4,1000000,0.5,fusion_rerank,rerank,10.0,0.06,0.25,0.06,20,0.018214285714285714,False
10.49,-32.18,30,12,40.0,1.4644,1104920.98,1000000,30.0,61481.59,2025,2026,4,1000000,0.75,fusion_rerank,rerank,10.0,0.06,0.25,0.06,20,0.04162698412698413,False
0.0,0.0,0,0,0.0,0.0,1000000.0,1000000,30.0,0.0,2025,2026,4,1000000,1.0,fusion_rerank,rerank,10.0,0.06,0.25,0.06,20,0.0,False
39.37,-6.94,34,13,38.24,4.9368,1393725.06,1000000,30.0,41049.37,2025,2026,5,200000,0.5,fusion_rerank,rerank,10.0,0.06,0.25,0.06,20,0.15623015873015872,False
42.45,-6.79,34,13,38.24,5.1074,1424548.81,1000000,30.0,41588.58,2025,2026,5,200000,0.75,fusion_rerank,rerank,10.0,0.06,0.25,0.06,20,0.16845238095238096,False
44.77,-6.68,34,13,38.24,5.14,1447660.08,1000000,30.0,41969.86,2025,2026,5,200000,1.0,fusion_rerank,rerank,10.0,0.06,0.25,0.06,20,0.17765873015873018,False
39.23,-11.78,36,14,38.89,4.2249,1392334.68,1000000,30.0,51221.54,2025,2026,5,300000,0.5,fusion_rerank,rerank,10.0,0.06,0.25,0.06,20,0.15567460317460316,False
25.22,-15.91,35,13,37.14,2.978,1252212.8,1000000,30.0,50412.22,2025,2026,5,300000,0.75,fusion_rerank,rerank,10.0,0.06,0.25,0.06,20,0.10007936507936507,False
13.87,-20.98,25,8,32.0,1.881,1138684.13,1000000,30.0,45202.79,2025,2026,5,300000,1.0,fusion_rerank,rerank,10.0,0.06,0.25,0.06,20,0.055039682539682534,False
13.72,-21.2,36,12,33.33,1.8368,1137165.14,1000000,30.0,51140.85,2025,2026,5,500000,0.5,fusion_rerank,rerank,10.0,0.06,0.25,0.06,20,0.05444444444444445,False
21.77,-22.98,37,12,32.43,2.2769,1217737.47,1000000,30.0,58452.35,2025,2026,5,500000,0.75,fusion_rerank,rerank,10.0,0.06,0.25,0.06,20,0.08638888888888889,False
-2.37,-35.65,15,4,26.67,0.3914,976339.43,1000000,30.0,45044.3,2025,2026,5,500000,1.0,fusion_rerank,rerank,10.0,0.06,0.25,0.06,20,-0.009404761904761905,False
9.47,-23.54,36,12,33.33,1.4491,1094659.13,1000000,30.0,50788.42,2025,2026,5,1000000,0.5,fusion_rerank,rerank,10.0,0.06,0.25,0.06,20,0.03757936507936508,False
10.83,-31.94,37,16,43.24,1.4875,1108321.68,1000000,30.0,62474.36,2025,2026,5,1000000,0.75,fusion_rerank,rerank,10.0,0.06,0.25,0.06,20,0.04297619047619047,False
0.0,0.0,0,0,0.0,0.0,1000000.0,1000000,30.0,0.0,2025,2026,5,1000000,1.0,fusion_rerank,rerank,10.0,0.06,0.25,0.06,20,0.0,False
37.48,-9.04,45,17,37.78,4.3338,1374771.35,1000000,30.0,51616.14,2025,2026,6,200000,0.5,fusion_rerank,rerank,10.0,0.06,0.25,0.06,20,0.1487301587301587,False
42.2,-8.8,45,17,37.78,4.6042,1421965.89,1000000,30.0,52825.01,2025,2026,6,200000,0.75,fusion_rerank,rerank,10.0,0.06,0.25,0.06,20,0.16746031746031748,False
43.47,-8.72,43,16,37.21,4.6734,1434706.77,1000000,30.0,52757.0,2025,2026,6,200000,1.0,fusion_rerank,rerank,10.0,0.06,0.25,0.06,20,0.1725,False
44.1,-10.1,46,18,39.13,4.5787,1441041.15,1000000,30.0,56116.1,2025,2026,6,300000,0.5,fusion_rerank,rerank,10.0,0.06,0.25,0.06,20,0.17500000000000002,False
36.73,-12.1,44,17,38.64,4.0042,1367322.6,1000000,30.0,54417.32,2025,2026,6,300000,0.75,fusion_rerank,rerank,10.0,0.06,0.25,0.06,20,0.14575396825396825,False
13.87,-20.98,25,8,32.0,1.881,1138684.13,1000000,30.0,45202.79,2025,2026,6,300000,1.0,fusion_rerank,rerank,10.0,0.06,0.25,0.06,20,0.055039682539682534,False
28.13,-20.31,47,19,40.43,3.0536,1281311.72,1000000,30.0,55477.07,2025,2026,6,500000,0.5,fusion_rerank,rerank,10.0,0.06,0.25,0.06,20,0.11162698412698412,False
20.85,-24.24,42,16,38.1,2.2145,1208486.06,1000000,30.0,59277.97,2025,2026,6,500000,0.75,fusion_rerank,rerank,10.0,0.06,0.25,0.06,20,0.08273809523809525,False
-2.37,-35.65,15,4,26.67,0.3914,976339.43,1000000,30.0,45044.3,2025,2026,6,500000,1.0,fusion_rerank,rerank,10.0,0.06,0.25,0.06,20,-0.009404761904761905,False
13.93,-22.57,47,18,38.3,1.8195,1139263.17,1000000,30.0,54004.92,2025,2026,6,1000000,0.5,fusion_rerank,rerank,10.0,0.06,0.25,0.06,20,0.05527777777777778,False
13.06,-30.47,42,21,50.0,1.6329,1130592.96,1000000,30.0,63724.0,2025,2026,6,1000000,0.75,fusion_rerank,rerank,10.0,0.06,0.25,0.06,20,0.05182539682539683,False
0.0,0.0,0,0,0.0,0.0,1000000.0,1000000,30.0,0.0,2025,2026,6,1000000,1.0,fusion_rerank,rerank,10.0,0.06,0.25,0.06,20,0.0,False
40.94,-8.81,62,25,40.32,4.5848,1409358.97,1000000,30.0,57803.03,2025,2026,8,200000,0.5,fusion_rerank,rerank,10.0,0.06,0.25,0.06,20,0.16246031746031744,False
37.59,-9.42,60,24,40.0,4.1704,1375917.15,1000000,30.0,58050.76,2025,2026,8,200000,0.75,fusion_rerank,rerank,10.0,0.06,0.25,0.06,20,0.14916666666666667,False
44.06,-10.93,49,17,34.69,4.4503,1440552.53,1000000,30.0,59953.23,2025,2026,8,200000,1.0,fusion_rerank,rerank,10.0,0.06,0.25,0.06,20,0.17484126984126985,False
48.76,-10.34,63,28,44.44,4.9995,1487581.85,1000000,30.0,59652.27,2025,2026,8,300000,0.5,fusion_rerank,rerank,10.0,0.06,0.25,0.06,20,0.1934920634920635,False
35.6,-14.8,57,25,43.86,3.9085,1356020.35,1000000,30.0,55200.37,2025,2026,8,300000,0.75,fusion_rerank,rerank,10.0,0.06,0.25,0.06,20,0.14126984126984127,False
13.87,-20.98,25,8,32.0,1.881,1138684.13,1000000,30.0,45202.79,2025,2026,8,300000,1.0,fusion_rerank,rerank,10.0,0.06,0.25,0.06,20,0.055039682539682534,False
28.26,-20.36,59,27,45.76,3.0475,1282613.09,1000000,30.0,56409.08,2025,2026,8,500000,0.5,fusion_rerank,rerank,10.0,0.06,0.25,0.06,20,0.11214285714285716,False
38.66,-14.69,55,24,43.64,3.39,1386558.96,1000000,30.0,67212.84,2025,2026,8,500000,0.75,fusion_rerank,rerank,10.0,0.06,0.25,0.06,20,0.1534126984126984,False
-2.37,-35.65,15,4,26.67,0.3914,976339.43,1000000,30.0,45044.3,2025,2026,8,500000,1.0,fusion_rerank,rerank,10.0,0.06,0.25,0.06,20,-0.009404761904761905,False
14.02,-22.31,59,26,44.07,1.8244,1140177.98,1000000,30.0,55058.26,2025,2026,8,1000000,0.5,fusion_rerank,rerank,10.0,0.06,0.25,0.06,20,0.055634920634920634,False
9.53,-33.91,52,23,44.23,1.4131,1095297.82,1000000,30.0,63969.13,2025,2026,8,1000000,0.75,fusion_rerank,rerank,10.0,0.06,0.25,0.06,20,0.03781746031746031,False
0.0,0.0,0,0,0.0,0.0,1000000.0,1000000,30.0,0.0,2025,2026,8,1000000,1.0,fusion_rerank,rerank,10.0,0.06,0.25,0.06,20,0.0,False
21.4,-7.95,16,6,37.5,3.807,1213974.89,1000000,30.0,19751.06,2025,2026,2,200000,0.5,ml_rerank,rerank,10.0,0.1,0.25,0.06,10,0.08492063492063491,False
21.4,-7.95,16,6,37.5,3.807,1213974.89,1000000,30.0,19751.06,2025,2026,2,200000,0.75,ml_rerank,rerank,10.0,0.1,0.25,0.06,10,0.08492063492063491,False
21.4,-7.95,16,6,37.5,3.807,1213974.89,1000000,30.0,19751.06,2025,2026,2,200000,1.0,ml_rerank,rerank,10.0,0.1,0.25,0.06,10,0.08492063492063491,False
29.0,-12.12,15,6,40.0,3.7917,1290007.85,1000000,30.0,27728.02,2025,2026,2,300000,0.5,ml_rerank,rerank,10.0,0.1,0.25,0.06,10,0.11507936507936507,False
29.0,-12.12,15,6,40.0,3.7917,1290007.85,1000000,30.0,27728.02,2025,2026,2,300000,0.75,ml_rerank,rerank,10.0,0.1,0.25,0.06,10,0.11507936507936507,False
29.0,-12.12,15,6,40.0,3.7917,1290007.85,1000000,30.0,27728.02,2025,2026,2,300000,1.0,ml_rerank,rerank,10.0,0.1,0.25,0.06,10,0.11507936507936507,False
35.6,-18.13,15,6,40.0,3.5323,1356042.95,1000000,30.0,43294.55,2025,2026,2,500000,0.5,ml_rerank,rerank,10.0,0.1,0.25,0.06,10,0.14126984126984127,False
42.74,-17.2,15,6,40.0,3.8873,1427433.36,1000000,30.0,45433.75,2025,2026,2,500000,0.75,ml_rerank,rerank,10.0,0.1,0.25,0.06,10,0.16960317460317462,False
26.17,-19.03,14,5,35.71,2.8876,1261689.09,1000000,30.0,42685.02,2025,2026,2,500000,1.0,ml_rerank,rerank,10.0,0.1,0.25,0.06,10,0.10384920634920636,False
29.28,-23.85,15,6,40.0,2.8758,1292826.97,1000000,30.0,47309.64,2025,2026,2,1000000,0.5,ml_rerank,rerank,10.0,0.1,0.25,0.06,10,0.11619047619047619,False
36.05,-29.4,15,6,40.0,2.8946,1360504.52,1000000,30.0,62699.19,2025,2026,2,1000000,0.75,ml_rerank,rerank,10.0,0.1,0.25,0.06,10,0.14305555555555555,False
0.0,0.0,0,0,0.0,0.0,1000000.0,1000000,30.0,0.0,2025,2026,2,1000000,1.0,ml_rerank,rerank,10.0,0.1,0.25,0.06,10,0.0,False
33.21,-7.21,23,10,43.48,4.616,1332130.28,1000000,30.0,28449.16,2025,2026,3,200000,0.5,ml_rerank,rerank,10.0,0.1,0.25,0.06,10,0.13178571428571428,False
33.21,-7.21,23,10,43.48,4.616,1332130.28,1000000,30.0,28449.16,2025,2026,3,200000,0.75,ml_rerank,rerank,10.0,0.1,0.25,0.06,10,0.13178571428571428,False
33.21,-7.21,23,10,43.48,4.616,1332130.28,1000000,30.0,28449.16,2025,2026,3,200000,1.0,ml_rerank,rerank,10.0,0.1,0.25,0.06,10,0.13178571428571428,False
41.87,-11.61,22,10,45.45,4.3985,1418660.65,1000000,30.0,39666.4,2025,2026,3,300000,0.5,ml_rerank,rerank,10.0,0.1,0.25,0.06,10,0.16615079365079363,False
46.67,-11.27,22,10,45.45,4.6782,1466673.43,1000000,30.0,40765.35,2025,2026,3,300000,0.75,ml_rerank,rerank,10.0,0.1,0.25,0.06,10,0.1851984126984127,False
46.72,-11.27,22,10,45.45,4.682,1467240.94,1000000,30.0,40775.18,2025,2026,3,300000,1.0,ml_rerank,rerank,10.0,0.1,0.25,0.06,10,0.1853968253968254,False
47.59,-14.73,22,10,45.45,4.1509,1475923.83,1000000,30.0,52827.91,2025,2026,3,500000,0.5,ml_rerank,rerank,10.0,0.1,0.25,0.06,10,0.18884920634920635,False
50.94,-16.77,22,10,45.45,4.1242,1509394.45,1000000,30.0,59636.43,2025,2026,3,500000,0.75,ml_rerank,rerank,10.0,0.1,0.25,0.06,10,0.20214285714285712,False
26.17,-19.03,14,5,35.71,2.8876,1261689.09,1000000,30.0,42685.02,2025,2026,3,500000,1.0,ml_rerank,rerank,10.0,0.1,0.25,0.06,10,0.10384920634920636,False
38.17,-21.0,22,10,45.45,3.4086,1381709.63,1000000,30.0,54457.44,2025,2026,3,1000000,0.5,ml_rerank,rerank,10.0,0.1,0.25,0.06,10,0.15146825396825397,False
42.23,-27.07,22,10,45.45,3.1856,1422270.67,1000000,30.0,66900.86,2025,2026,3,1000000,0.75,ml_rerank,rerank,10.0,0.1,0.25,0.06,10,0.16757936507936508,False
0.0,0.0,0,0,0.0,0.0,1000000.0,1000000,30.0,0.0,2025,2026,3,1000000,1.0,ml_rerank,rerank,10.0,0.1,0.25,0.06,10,0.0,False
53.7,-8.16,31,14,45.16,5.8885,1537023.86,1000000,30.0,38674.84,2025,2026,4,200000,0.5,ml_rerank,rerank,10.0,0.1,0.25,0.06,10,0.21309523809523812,False
53.74,-8.16,31,14,45.16,5.8868,1537386.73,1000000,30.0,38681.35,2025,2026,4,200000,0.75,ml_rerank,rerank,10.0,0.1,0.25,0.06,10,0.21325396825396825,False
53.74,-8.16,31,14,45.16,5.8868,1537386.73,1000000,30.0,38681.35,2025,2026,4,200000,1.0,ml_rerank,rerank,10.0,0.1,0.25,0.06,10,0.21325396825396825,False
55.13,-16.05,30,14,46.67,5.1505,1551322.44,1000000,30.0,52680.9,2025,2026,4,300000,0.5,ml_rerank,rerank,10.0,0.1,0.25,0.06,10,0.21876984126984128,False
62.26,-15.46,30,14,46.67,5.556,1622596.99,1000000,30.0,54296.24,2025,2026,4,300000,0.75,ml_rerank,rerank,10.0,0.1,0.25,0.06,10,0.24706349206349207,False
59.33,-15.7,29,13,44.83,5.5615,1593332.09,1000000,30.0,53771.03,2025,2026,4,300000,1.0,ml_rerank,rerank,10.0,0.1,0.25,0.06,10,0.23543650793650792,False
55.73,-17.42,30,14,46.67,4.5681,1557285.35,1000000,30.0,60886.37,2025,2026,4,500000,0.5,ml_rerank,rerank,10.0,0.1,0.25,0.06,10,0.22115079365079363,False
57.84,-19.19,30,15,50.0,4.5338,1578364.19,1000000,30.0,66122.01,2025,2026,4,500000,0.75,ml_rerank,rerank,10.0,0.1,0.25,0.06,10,0.22952380952380955,False
26.17,-19.03,14,5,35.71,2.8876,1261689.09,1000000,30.0,42685.02,2025,2026,4,500000,1.0,ml_rerank,rerank,10.0,0.1,0.25,0.06,10,0.10384920634920636,False
44.28,-18.64,30,14,46.67,3.6987,1442816.76,1000000,30.0,61345.14,2025,2026,4,1000000,0.5,ml_rerank,rerank,10.0,0.1,0.25,0.06,10,0.1757142857142857,False
42.18,-27.37,29,14,48.28,3.1757,1421828.85,1000000,30.0,68199.03,2025,2026,4,1000000,0.75,ml_rerank,rerank,10.0,0.1,0.25,0.06,10,0.16738095238095238,False
0.0,0.0,0,0,0.0,0.0,1000000.0,1000000,30.0,0.0,2025,2026,4,1000000,1.0,ml_rerank,rerank,10.0,0.1,0.25,0.06,10,0.0,False
44.11,-12.89,41,16,39.02,4.8013,1441062.56,1000000,30.0,49387.17,2025,2026,5,200000,0.5,ml_rerank,rerank,10.0,0.1,0.25,0.06,10,0.17503968253968255,False
42.59,-13.01,41,16,39.02,4.6989,1425933.33,1000000,30.0,50018.02,2025,2026,5,200000,0.75,ml_rerank,rerank,10.0,0.1,0.25,0.06,10,0.16900793650793652,False
43.74,-12.92,40,16,40.0,4.803,1437376.49,1000000,30.0,49160.58,2025,2026,5,200000,1.0,ml_rerank,rerank,10.0,0.1,0.25,0.06,10,0.17357142857142857,False
57.79,-15.63,40,19,47.5,5.0749,1577875.63,1000000,30.0,65139.42,2025,2026,5,300000,0.5,ml_rerank,rerank,10.0,0.1,0.25,0.06,10,0.22932539682539682,False
71.3,-13.62,41,20,48.78,5.742,1713030.04,1000000,30.0,70367.75,2025,2026,5,300000,0.75,ml_rerank,rerank,10.0,0.1,0.25,0.06,10,0.28293650793650793,False
66.07,-13.99,37,16,43.24,5.7193,1660687.3,1000000,30.0,68338.53,2025,2026,5,300000,1.0,ml_rerank,rerank,10.0,0.1,0.25,0.06,10,0.26218253968253963,False
58.11,-17.09,40,19,47.5,4.605,1581126.88,1000000,30.0,67132.25,2025,2026,5,500000,0.5,ml_rerank,rerank,10.0,0.1,0.25,0.06,10,0.2305952380952381,False
57.95,-20.57,39,20,51.28,4.4487,1579521.11,1000000,30.0,69532.95,2025,2026,5,500000,0.75,ml_rerank,rerank,10.0,0.1,0.25,0.06,10,0.22996031746031748,False
26.17,-19.03,14,5,35.71,2.8876,1261689.09,1000000,30.0,42685.02,2025,2026,5,500000,1.0,ml_rerank,rerank,10.0,0.1,0.25,0.06,10,0.10384920634920636,False
48.61,-16.78,39,19,48.72,3.8824,1486108.13,1000000,30.0,66427.64,2025,2026,5,1000000,0.5,ml_rerank,rerank,10.0,0.1,0.25,0.06,10,0.1928968253968254,False
35.49,-30.77,35,17,48.57,2.8245,1354946.92,1000000,30.0,68563.6,2025,2026,5,1000000,0.75,ml_rerank,rerank,10.0,0.1,0.25,0.06,10,0.14083333333333334,False
0.0,0.0,0,0,0.0,0.0,1000000.0,1000000,30.0,0.0,2025,2026,5,1000000,1.0,ml_rerank,rerank,10.0,0.1,0.25,0.06,10,0.0,False
76.14,-10.15,49,22,44.9,7.1163,1761394.67,1000000,30.0,58870.59,2025,2026,6,200000,0.5,ml_rerank,rerank,10.0,0.1,0.25,0.06,10,0.30214285714285716,False
74.51,-10.24,49,22,44.9,7.0435,1745111.39,1000000,30.0,59468.17,2025,2026,6,200000,0.75,ml_rerank,rerank,10.0,0.1,0.25,0.06,10,0.2956746031746032,False
69.36,-10.51,48,20,41.67,6.7096,1693636.02,1000000,30.0,59554.18,2025,2026,6,200000,1.0,ml_rerank,rerank,10.0,0.1,0.25,0.06,10,0.2752380952380952,False
92.14,-11.04,48,25,52.08,7.4758,1921404.04,1000000,30.0,73669.43,2025,2026,6,300000,0.5,ml_rerank,rerank,10.0,0.1,0.25,0.06,10,0.36563492063492065,False
113.36,-10.37,48,25,52.08,8.2865,2133553.07,1000000,30.0,79563.0,2025,2026,6,300000,0.75,ml_rerank,rerank,10.0,0.1,0.25,0.06,10,0.4498412698412698,False
89.4,-11.53,41,17,41.46,7.2958,1893956.05,1000000,30.0,76252.54,2025,2026,6,300000,1.0,ml_rerank,rerank,10.0,0.1,0.25,0.06,10,0.3547619047619048,False
71.31,-12.36,48,24,50.0,5.4616,1713084.78,1000000,30.0,71252.82,2025,2026,6,500000,0.5,ml_rerank,rerank,10.0,0.1,0.25,0.06,10,0.2829761904761905,False
56.29,-19.68,46,27,58.7,4.3579,1562901.76,1000000,30.0,70037.68,2025,2026,6,500000,0.75,ml_rerank,rerank,10.0,0.1,0.25,0.06,10,0.22337301587301586,False
26.17,-19.03,14,5,35.71,2.8876,1261689.09,1000000,30.0,42685.02,2025,2026,6,500000,1.0,ml_rerank,rerank,10.0,0.1,0.25,0.06,10,0.10384920634920636,False
49.53,-18.17,46,24,52.17,3.8988,1495322.5,1000000,30.0,67922.16,2025,2026,6,1000000,0.5,ml_rerank,rerank,10.0,0.1,0.25,0.06,10,0.19654761904761905,False
37.15,-29.65,40,19,47.5,2.905,1371461.17,1000000,30.0,69332.24,2025,2026,6,1000000,0.75,ml_rerank,rerank,10.0,0.1,0.25,0.06,10,0.14742063492063492,False
0.0,0.0,0,0,0.0,0.0,1000000.0,1000000,30.0,0.0,2025,2026,6,1000000,1.0,ml_rerank,rerank,10.0,0.1,0.25,0.06,10,0.0,False
93.57,-7.89,63,31,49.21,8.4805,1935725.28,1000000,30.0,69762.21,2025,2026,8,200000,0.5,ml_rerank,rerank,10.0,0.1,0.25,0.06,10,0.37130952380952376,False
84.93,-8.23,63,29,46.03,7.9557,1849253.63,1000000,30.0,71417.89,2025,2026,8,200000,0.75,ml_rerank,rerank,10.0,0.1,0.25,0.06,10,0.33702380952380956,False
65.37,-9.11,56,22,39.29,6.4645,1653699.38,1000000,30.0,68965.12,2025,2026,8,200000,1.0,ml_rerank,rerank,10.0,0.1,0.25,0.06,10,0.2594047619047619,False
88.68,-12.79,63,33,52.38,7.0582,1886785.05,1000000,30.0,78421.56,2025,2026,8,300000,0.5,ml_rerank,rerank,10.0,0.1,0.25,0.06,10,0.35190476190476194,False
94.71,-14.44,65,30,46.15,7.0317,1947147.6,1000000,30.0,84662.71,2025,2026,8,300000,0.75,ml_rerank,rerank,10.0,0.1,0.25,0.06,10,0.3758333333333333,False
89.4,-11.53,41,17,41.46,7.2958,1893956.05,1000000,30.0,76252.54,2025,2026,8,300000,1.0,ml_rerank,rerank,10.0,0.1,0.25,0.06,10,0.3547619047619048,False
67.99,-13.12,63,31,49.21,5.1922,1679868.62,1000000,30.0,72886.57,2025,2026,8,500000,0.5,ml_rerank,rerank,10.0,0.1,0.25,0.06,10,0.26980158730158726,False
58.23,-17.46,55,29,52.73,4.449,1582326.58,1000000,30.0,71726.51,2025,2026,8,500000,0.75,ml_rerank,rerank,10.0,0.1,0.25,0.06,10,0.23107142857142857,False
26.17,-19.03,14,5,35.71,2.8876,1261689.09,1000000,30.0,42685.02,2025,2026,8,500000,1.0,ml_rerank,rerank,10.0,0.1,0.25,0.06,10,0.10384920634920636,False
66.4,-13.98,61,33,54.1,4.8806,1663986.89,1000000,30.0,72744.09,2025,2026,8,1000000,0.5,ml_rerank,rerank,10.0,0.1,0.25,0.06,10,0.2634920634920635,False
36.56,-29.94,48,24,50.0,2.8738,1365557.1,1000000,30.0,69813.51,2025,2026,8,1000000,0.75,ml_rerank,rerank,10.0,0.1,0.25,0.06,10,0.14507936507936509,False
0.0,0.0,0,0,0.0,0.0,1000000.0,1000000,30.0,0.0,2025,2026,8,1000000,1.0,ml_rerank,rerank,10.0,0.1,0.25,0.06,10,0.0,False
