Code,Name
000080,—
000100,—
000120,—
000150,—
000210,—
000240,—
000250,—
000270,—
000370,—
000500,—
000660,—
000670,—
000720,—
000810,—
000880,—
000990,—
001040,—
001060,—
001120,—
001270,—
001430,—
001440,—
001450,—
001510,—
001570,—
001720,—
001740,—
001800,—
001820,—
002020,—
002350,—
002380,—
002790,—
002960,—
003090,—
003160,—
003230,—
003240,—
003470,—
003490,—
003530,—
003540,—
003550,—
003570,—
003620,—
003670,—
003690,—
003850,—
004000,—
004020,—
004170,—
004370,—
004490,—
004800,—
004990,—
005070,—
005090,—
005180,—
005290,—
005300,—
005380,—
005440,—
005490,—
005690,—
005830,—
005850,—
005880,—
005930,—
005940,—
006040,—
006110,—
006120,—
006260,—
006280,—
006340,—
006360,—
006380,—
006400,—
006650,—
006800,—
007070,—
007310,—
007340,—
007390,—
007660,—
007700,—
007810,—
008060,—
008770,—
008930,—
009150,—
009240,—
009420,—
009450,—
009540,—
009830,—
009970,—
010060,—
010120,—
010130,—
010140,—
010170,—
010780,—
010950,—
011070,—
011170,—
011200,—
011210,—
011780,—
011790,—
012330,—
012450,—
012510,—
012630,—
012750,—
014680,—
015760,—
016360,—
017670,—
017800,—
017960,—
018260,—
018670,—
018880,—
019210,—
020150,—
020560,—
021240,—
022100,—
023530,—
023590,—
024110,—
025540,—
026960,—
027360,—
028050,—
028260,—
028300,—
028670,—
029780,—
030000,—
030190,—
030200,—
030530,—
030610,—
031210,—
031330,—
031980,—
032190,—
032350,—
032500,—
032640,—
032820,—
032830,—
033160,—
033240,—
033640,—
033780,—
033790,—
034020,—
034220,—
034230,—
034730,—
035250,—
035420,—
035720,—
036460,—
036530,—
036540,—
036570,—
036810,—
037460,—
039030,—
039200,—
039490,—
041830,—
042660,—
042700,—
043260,—
044490,—
047040,—
047050,—
047810,—
048410,—
050890,—
051600,—
051900,—
051910,—
052020,—
052690,—
053610,—
053800,—
055550,—
056080,—
057050,—
058610,—
059090,—
060370,—
062040,—
064350,—
064400,—
064960,—
065350,—
066570,—
066970,—
067310,—
068270,—
068760,—
069260,—
069620,—
069960,—
071050,—
071320,—
071970,—
073240,—
074600,—
075580,—
077970,—
078600,—
078930,—
079160,—
079550,—
079900,—
080220,—
081660,—
082640,—
082740,—
083450,—
083650,—
084370,—
085620,—
085660,—
086280,—
086790,—
086900,—
087010,—
088350,—
088980,—
089030,—
089860,—
089970,—
090360,—
090430,—
090460,—
090710,—
093050,—
093370,—
094170,—
095340,—
096770,—
097230,—
097950,—
098460,—
099320,—
100090,—
100790,—
100840,—
102710,—
102940,—
103140,—
103590,—
105560,—
108320,—
108490,—
111770,—
112610,—
114090,—
115180,—
120110,—
121600,—
122640,—
124500,—
126340,—
127120,—
128940,—
131290,—
137310,—
138930,—
139130,—
139480,—
140410,—
145020,—
160190,—
161390,—
161580,—
161890,—
166090,—
171090,—
175330,—
178320,—
178920,—
180640,—
181710,—
183300,—
185750,—
189300,—
192080,—
192400,—
192820,—
195870,—
204270,—
204320,—
207940,—
213420,—
214320,—
214370,—
218410,—
225570,—
229640,—
232140,—
241560,—
248070,—
251270,—
252990,—
257720,—
259960,—
263750,—
267250,—
267260,—
267270,—
271560,—
272210,—
277810,—
278470,—
279570,—
280360,—
281740,—
281820,—
282330,—
285130,—
290650,—
294870,—
295310,—
298020,—
298040,—
298050,—
300720,—
302440,—
307950,—
310210,—
316140,—
317450,—
319400,—
319660,—
322000,—
323280,—
323410,—
326030,—
328130,—
329180,—
330860,—
336260,—
336370,—
347700,—
347850,—
348370,—
352820,—
353200,—
356860,—
358570,—
361610,—
365340,—
373220,—
375500,—
376900,—
377300,—
383220,—
383310,—
388210,—
388720,—
397030,—
402340,—
415640,—
417200,—
420770,—
437730,—
439260,—
439960,—
440110,—
443060,—
445680,—
450080,—
454910,—
456040,—
456160,—
457190,—
458870,—
462870,—
466100,—
475150,—
475830,—
476060,—
476830,—
483650,—
484870,—
489790,—
490470,—
491000,—
499790,—
950160,—
