config,symbol,side,entry_date,entry_price,exit_date,exit_price,quantity,pnl_krw,pnl_pct,holding_steps,exit_reason,entry_year,entry_ret5,entry_ret20,entry_ret60,entry_vol20,entry_volume_surge
base_t55_sl12_mp4,000230,BUY,2022-01-11,13682.5595703125,2022-01-25,11825.6416015625,7.308574,-13830.71,-13.83,2,stop_loss,2022,,,,,
base_t55_sl12_mp4,000300,BUY,2022-01-11,8072.0478515625,2022-02-04,9306.2041015625,12.38843,14943.39,14.94,3,regime_risk_off,2022,,,,,
base_t55_sl12_mp4,000370,BUY,2022-01-11,3911.539306640625,2022-02-04,3619.490478515625,25.565383,-7743.94,-7.74,3,regime_risk_off,2022,,,,,
base_t55_sl12_mp4,000490,BUY,2022-01-11,10722.7802734375,2022-02-04,12365.0078125,9.325939,14969.37,14.97,3,regime_risk_off,2022,,,,,
base_t55_sl12_mp4,000230,BUY,2022-01-25,11825.6416015625,2022-02-04,12705.2353515625,8.456201,7115.71,7.12,1,regime_risk_off,2022,,,,,
base_t55_sl12_mp4,019170,BUY,2022-02-25,29050.0,2022-03-07,40300.0,3.442341,38310.15,38.31,1,take_profit,2022,,,,,
base_t55_sl12_mp4,241710,BUY,2022-02-25,15432.4755859375,2022-03-15,13397.9697265625,6.479842,-13443.73,-13.44,2,stop_loss,2022,,,,,
base_t55_sl12_mp4,000370,BUY,2022-02-25,4064.745361328125,2022-04-05,4883.439453125,24.601787,19780.91,19.78,5,take_profit,2022,,,,,
base_t55_sl12_mp4,053980,BUY,2022-04-05,6901.1171875,2022-04-12,6002.74658203125,14.490407,-13278.7,-13.28,1,stop_loss,2022,0.12516653410280076,0.2071428479917734,0.14343705326551537,0.021073480494003587,4.742728609883109
base_t55_sl12_mp4,002450,BUY,2022-02-25,1606.3922119140625,2022-05-12,1365.433349609375,62.251298,-15255.0,-15.26,10,stop_loss,2022,,,,,
base_t55_sl12_mp4,225530,BUY,2022-03-07,6461.48095703125,2022-05-12,6549.39306640625,15.476328,1056.47,1.06,9,regime_risk_off,2022,,,,,
base_t55_sl12_mp4,040610,BUY,2022-03-15,5360.0,2022-05-12,5290.0,18.656716,-1602.05,-1.6,8,regime_risk_off,2022,,,,,
base_t55_sl12_mp4,010100,BUY,2022-04-12,2814.142333984375,2022-05-12,2754.65625,35.534805,-2407.48,-2.41,4,regime_risk_off,2022,0.044142635055580026,0.12021862225104063,0.16257082802984613,0.017587605086295196,26.55971837048308
base_t55_sl12_mp4,061250,BUY,2022-07-18,29650.0,2022-08-23,25750.0,3.372681,-13414.0,-13.41,5,stop_loss,2022,0.086080586080586,0.15145631067961163,0.011945392491467643,0.037315824367214145,12.695642521851655
base_t55_sl12_mp4,007390,BUY,2022-07-18,22600.0,2022-08-30,27250.0,4.424779,20213.5,20.21,6,take_profit,2022,0.18947368421052624,0.25207756232686984,0.382262996941896,0.03557494668933418,1.8294634184506204
base_t55_sl12_mp4,096690,BUY,2022-07-18,21881.892578125,2022-09-06,22422.69921875,4.569989,2164.07,2.16,7,regime_risk_off,2022,0.2232557418406973,0.25238089808562325,0.03543309706401154,0.05621966043538707,3.8623446325176265
base_t55_sl12_mp4,028300,BUY,2022-07-18,35896.76171875,2022-09-06,41069.078125,2.785767,14065.64,14.07,7,regime_risk_off,2022,0.002469090820630626,0.22844174581618515,0.2992000074647403,0.03836352419099896,1.9652701445426708
base_t55_sl12_mp4,125210,BUY,2022-08-23,13800.0,2022-09-06,15650.0,7.246377,13065.58,13.07,2,regime_risk_off,2022,0.022222222222222143,0.1694915254237288,0.01845018450184499,0.030513225735176053,4.631861039302533
base_t55_sl12_mp4,171120,BUY,2022-08-30,4281.53662109375,2022-09-06,5341.0205078125,23.356101,24371.18,24.37,1,take_profit,2022,0.07439819717072838,0.11464227024515594,0.2004889803159957,0.018299301705428317,4.080496560959791
base_t55_sl12_mp4,036890,BUY,2022-10-31,9873.548828125,2022-11-21,13301.86328125,10.128071,34318.04,34.32,3,take_profit,2022,0.17647057454575243,0.3251535366595706,-0.02702696980693864,0.024531706278187074,3.5843928485458565
base_t55_sl12_mp4,069920,BUY,2022-10-31,40200.0,2022-11-21,35150.0,2.487562,-12824.5,-12.82,3,stop_loss,2022,0.15517241379310343,0.22188449848024305,-0.042857142857142816,0.05734733021304393,2.6900635264104
base_t55_sl12_mp4,027740,BUY,2022-11-21,3070.0,2022-11-28,2670.0,32.57329,-13290.23,-13.29,1,stop_loss,2022,-0.04658385093167705,0.2581967213114753,0.03367003367003374,0.027074872871886934,7.473471003460476
base_t55_sl12_mp4,190510,BUY,2022-11-21,12283.7939453125,2022-12-05,14932.3447265625,8.140807,21196.66,21.2,2,take_profit,2022,0.08032126030616671,0.13983048351661287,0.3794871204344661,0.029019070929664992,3.510257733470343
base_t55_sl12_mp4,054940,BUY,2022-10-31,1355.0,2023-01-03,1285.0,73.800738,-5450.55,-5.45,9,regime_risk_off,2022,0.15319148936170213,0.2152466367713004,0.1386554621848739,0.03475641476011282,2.7929181851344222
base_t55_sl12_mp4,000490,BUY,2022-10-31,11060.8857421875,2023-01-03,12951.62890625,9.040867,16742.68,16.74,9,regime_risk_off,2022,0.12254904584272142,0.19519831178925817,-0.06910565129910684,0.03344158335809252,6.4702354245644
base_t55_sl12_mp4,054040,BUY,2022-11-28,3425.374267578125,2023-01-03,3361.308837890625,29.19389,-2164.71,-2.16,5,regime_risk_off,2022,0.05398775780582232,0.17189632129343546,0.09426754682269833,0.01735619795752984,3.329166800782521
base_t55_sl12_mp4,298540,BUY,2022-12-05,27200.408203125,2023-01-03,27569.923828125,3.676415,1054.42,1.05,4,regime_risk_off,2022,0.09201386669936973,0.1312948982829536,0.07705493807243591,0.018825734003199552,3.252294374594908
base_t55_sl12_mp4,256940,BUY,2023-01-10,7020.0,2023-02-02,8570.0,14.245014,21713.53,21.71,3,take_profit,2023,0.03083700440528636,0.040000000000000036,0.3984063745019921,0.018186068083504498,2.160053230099202
base_t55_sl12_mp4,060850,BUY,2023-01-10,9136.5126953125,2023-02-09,11348.8134765625,10.945095,23841.2,23.84,4,take_profit,2023,0.08409089697682925,0.11753893646738645,0.19765910993205793,0.017842158939247798,2.1991094656020134
base_t55_sl12_mp4,044380,BUY,2023-02-09,4650.0,2023-03-03,3985.0,21.505376,-14558.17,-14.56,3,stop_loss,2023,0.020856201975850697,0.14110429447852768,0.3285714285714285,0.021125332208683026,2.123490749216173
base_t55_sl12_mp4,011150,BUY,2023-01-10,3345.0,2023-03-10,3225.0,29.895366,-3876.68,-3.88,8,regime_risk_off,2023,0.11129568106312293,0.20758122743682317,0.2767175572519085,0.025412626574237557,5.960673729194021
base_t55_sl12_mp4,003960,BUY,2023-01-10,29177.662109375,2023-03-10,24688.79296875,3.427279,-15638.45,-15.64,8,stop_loss,2023,0.1544401117736336,0.13702532462081107,0.2120690375593044,0.032027405238290105,2.9453157047742264
base_t55_sl12_mp4,154030,BUY,2023-02-02,4000.0,2023-03-10,3705.0,25.0,-7652.88,-7.65,5,regime_risk_off,2023,0.11111111111111116,0.25,0.19760479041916157,0.014867076939936465,6.47354566662924
base_t55_sl12_mp4,005830,BUY,2023-03-03,64399.234375,2023-03-10,64907.65625,1.552813,487.12,0.49,1,regime_risk_off,2023,0.0482757234974589,0.17465213847670613,0.3231413809553467,0.018827760944455502,4.3181957134608195
base_t55_sl12_mp4,356890,BUY,2023-03-31,12602.9580078125,2023-04-28,10225.2265625,7.934645,-19109.86,-19.11,4,stop_loss,2023,0.027932960448876054,0.08691987422300018,0.5612120239935976,0.02075848331129754,2.9433662835380443
base_t55_sl12_mp4,049080,BUY,2023-03-31,1954.0,2023-04-28,1607.0,51.177073,-18005.17,-18.01,4,stop_loss,2023,0.08918617614269797,0.10395480225988707,0.3712280701754387,0.04071099483258139,10.302899106355333
base_t55_sl12_mp4,005389,BUY,2023-03-31,72986.3671875,2023-05-09,87615.625,1.370119,19683.69,19.68,5,take_profit,2023,0.030474156287844112,0.025842689966781185,0.25068493279057247,0.00991664177608319,3.1488825036079726
base_t55_sl12_mp4,276730,BUY,2023-03-31,87400.0,2023-05-16,75250.0,1.144165,-14159.9,-14.16,6,stop_loss,2023,0.1499999999999999,0.12992889463477697,0.3292775665399239,0.030898554964676972,5.111779071951907
base_t55_sl12_mp4,006880,BUY,2023-04-28,7482.919921875,2023-05-16,6990.99609375,13.363767,-6854.23,-6.85,2,regime_risk_off,2023,-0.011249992580352197,0.12999996681896753,0.18590703197456548,0.036324665331616934,8.82381240957453
base_t55_sl12_mp4,344820,BUY,2023-04-28,39494.64453125,2023-05-16,35154.1015625,2.531989,-11257.24,-11.26,2,regime_risk_off,2023,0.02566977090843836,0.15889024421834574,0.1812338043176025,0.01602655361199005,2.127770460759888
base_t55_sl12_mp4,023160,BUY,2023-05-09,17717.107421875,2023-05-16,16347.6689453125,5.644262,-8006.28,-8.01,1,regime_risk_off,2023,0.048986377292890015,0.12567966480624393,0.21052625608913988,0.018577571077058496,3.696260720312201
base_t55_sl12_mp4,092460,BUY,2023-05-23,6649.09326171875,2023-05-31,5617.95068359375,15.039645,-15761.49,-15.76,1,stop_loss,2023,0.0,0.19679994811097212,0.3122806114724763,0.029577162902194715,1.8242676212612476
base_t55_sl12_mp4,357550,BUY,2023-05-31,40550.0,2023-06-08,60100.0,2.466091,47767.45,47.77,1,take_profit,2023,-0.018159806295399483,-0.037959667852906276,0.5130597014925373,0.02376898928147124,7.4073722619781135
base_t55_sl12_mp4,309930,BUY,2023-05-23,5312.5,2023-06-15,6537.5,18.823529,22689.65,22.69,3,take_profit,2023,0.18055555555555558,0.13636363636363646,0.66015625,0.05409717500763893,2.652671032069948
base_t55_sl12_mp4,090410,BUY,2023-05-23,2003.2725830078125,2023-06-29,2742.34423828125,49.918319,36482.54,36.48,5,take_profit,2023,0.05478749971960495,0.11653119499688058,0.04834604573910828,0.015219822024015315,23.507231967993675
base_t55_sl12_mp4,006370,BUY,2023-06-08,10941.1767578125,2023-07-06,14442.3525390625,9.139785,31603.99,31.6,4,take_profit,2023,0.08374389716250286,0.15303993045389097,0.14583336529338675,0.013907635990606576,3.9437435633367666
base_t55_sl12_mp4,199820,BUY,2023-05-23,11291.7392578125,2023-07-13,13676.0908203125,8.856032,20752.55,20.75,7,take_profit,2023,0.03463579744664824,0.05429854887776653,0.23673020163228942,0.016749662705426542,2.393666232171661
base_t55_sl12_mp4,333620,BUY,2023-06-15,14276.60546875,2023-07-27,13395.21484375,7.004466,-6455.15,-6.46,6,regime_risk_off,2023,0.09754273599721675,0.13036810539348775,0.2032653140507914,0.023940091940091515,32.72267364439913
base_t55_sl12_mp4,066430,BUY,2023-06-29,1243.0,2023-07-27,1161.0,80.450523,-6877.15,-6.88,4,regime_risk_off,2023,0.14351425942962281,0.13412408759124084,0.4369942196531791,0.03675132533111859,3.206507780028167
base_t55_sl12_mp4,092780,BUY,2023-07-06,5198.63525390625,2023-07-27,5245.63916015625,19.235818,601.45,0.6,3,regime_risk_off,2023,0.08644403833145176,0.10599999626028644,0.2525482005186752,0.009852588774697683,6.515527440988696
base_t55_sl12_mp4,092870,BUY,2023-07-13,14549.9892578125,2023-07-27,14835.283203125,6.872857,1654.9,1.65,2,regime_risk_off,2023,0.10620790148660153,0.13769222986451934,0.42074915889932285,0.02726894173486323,4.220851752355442
base_t55_sl12_mp4,175140,BUY,2023-08-03,11980.0,2023-08-10,12430.0,8.347245,3444.99,3.44,1,regime_risk_off,2023,0.21255060728744946,0.08810172570390562,0.49750000000000005,0.04203305344902072,2.5295754839873763
base_t55_sl12_mp4,323410,BUY,2023-08-03,27334.919921875,2023-08-10,26756.400390625,3.658324,-2410.06,-2.41,1,regime_risk_off,2023,0.10311289459764317,0.2299349505757955,0.1454545752162233,0.039598565741853296,2.1636074274008408
base_t55_sl12_mp4,228760,BUY,2023-08-03,17470.0,2023-08-10,22250.0,5.724098,26979.11,26.98,1,take_profit,2023,0.19739547635366694,0.17248322147650996,0.3755905511811024,0.06653230760245324,8.530956113937126
base_t55_sl12_mp4,130660,BUY,2023-08-03,7640.11865234375,2023-08-10,7381.88671875,13.088802,-3669.81,-3.67,1,regime_risk_off,2023,0.18836562467152218,0.21015510238932533,0.10282766329951132,0.08361587704165842,4.880192550331486
base_t55_sl12_mp4,088910,BUY,2023-08-25,3043.5615234375,2023-09-22,2898.630126953125,32.856244,-5047.62,-5.05,4,regime_risk_off,2023,0.03618424661701525,0.188679234488631,0.06779667985392268,0.02441506413541619,4.558262936149652
base_t55_sl12_mp4,060540,BUY,2023-08-25,2382.24853515625,2023-09-22,2552.408935546875,41.977148,6821.42,6.82,4,regime_risk_off,2023,0.12000002754750416,0.19431284377517177,0.0019881234244600865,0.024895179426481787,5.064380396036397
base_t55_sl12_mp4,017810,BUY,2023-08-25,11050.619140625,2023-09-22,10709.25,9.049267,-3379.87,-3.38,4,regime_risk_off,2023,0.15967228631576869,0.16205122096241342,0.06086129400726459,0.02834457791370629,6.724979126544447
base_t55_sl12_mp4,082640,BUY,2023-08-25,3828.4931640625,2023-09-22,4475.890625,26.119937,16559.25,16.56,4,regime_risk_off,2023,0.0717079297188492,0.1742856473185017,0.09599994296875325,0.011937127757070705,2.0039874843975842
base_t55_sl12_mp4,002210,BUY,2023-11-03,6900.0,2023-11-10,6380.0,14.492754,-7813.62,-7.81,1,regime_risk_off,2023,0.16161616161616155,0.20629370629370625,0.19999999999999996,0.02180967173638754,5.584525933465379
base_t55_sl12_mp4,002290,BUY,2023-11-03,3616.947021484375,2023-11-10,3457.818603515625,27.647626,-4686.32,-4.69,1,regime_risk_off,2023,0.0659061747382148,0.1828410063695305,0.24041297379394755,0.017251269563126215,2.560034697607797
base_t55_sl12_mp4,377480,BUY,2023-11-03,28200.0,2023-11-10,28650.0,3.546099,1290.96,1.29,1,regime_risk_off,2023,0.2103004291845494,0.18736842105263163,0.12350597609561742,0.040605333199160105,2.761015182783929
base_t55_sl12_mp4,101730,BUY,2023-11-03,11010.0,2023-11-10,12990.0,9.082652,17629.7,17.63,1,regime_risk_off,2023,0.14093264248704673,0.15894736842105273,0.07101167315175094,0.04657816349815775,6.2844721818225855
base_t55_sl12_mp4,000120,BUY,2023-11-17,85581.1796875,2023-12-01,111431.78125,1.168481,29815.32,29.82,2,take_profit,2023,0.09799006030711155,0.15000004724133187,0.07768202549767222,0.026399166920463662,8.200078736482029
base_t55_sl12_mp4,060540,BUY,2023-11-17,2665.849365234375,2023-12-15,3270.864990234375,37.511497,22326.96,22.33,4,take_profit,2023,0.038673994784808485,0.13709669861080198,0.25333327670790795,0.02145653167692805,4.697521436457135
base_t55_sl12_mp4,091810,BUY,2023-11-17,2485.0,2024-01-10,3015.0,40.241449,20963.98,20.96,7,take_profit,2023,0.09471365638766516,0.22413793103448265,-0.06578947368421051,0.026992214469564697,6.121178048469911
base_t55_sl12_mp4,005880,BUY,2023-12-01,2020.0,2024-01-17,2810.0,49.50495,38691.58,38.69,6,take_profit,2023,0.16763005780346818,0.17784256559766765,0.13165266106442575,0.026470106104132706,3.1139954138727663
base_t55_sl12_mp4,039740,BUY,2023-11-17,3465.0,2024-01-31,3550.0,28.860029,2145.74,2.15,10,time_exit,2023,0.20103986135181984,0.2645985401459854,0.13050570962479613,0.027838761589329183,4.200363642700715
base_t55_sl12_mp4,067630,BUY,2023-12-15,11090.0,2024-01-31,15800.0,9.017133,42043.28,42.04,6,take_profit,2023,0.1316326530612244,0.22271223814773977,0.18991416309012865,0.020921605455287484,3.7444174672905604
base_t55_sl12_mp4,081000,BUY,2024-01-10,14363.236328125,2024-01-31,13432.2861328125,6.962219,-6762.03,-6.76,3,regime_risk_off,2024,0.016812368979050918,0.13137776981882676,0.16115093248811463,0.01604074469590122,6.761033540443454
base_t55_sl12_mp4,027740,BUY,2024-01-17,2460.0,2024-01-31,2340.0,40.650407,-5163.41,-5.16,2,regime_risk_off,2024,0.012345679012345734,0.10611510791366907,0.17590822179732313,0.012063708059546511,5.316971143266726
base_t55_sl12_mp4,194370,BUY,2024-02-16,9176.291015625,2024-03-04,7725.9892578125,10.897649,-16057.47,-16.06,2,stop_loss,2024,0.09216838125019833,0.19186048650219423,0.179206977164299,0.0293771953147412,3.815530603717609
base_t55_sl12_mp4,071850,BUY,2024-02-16,2585.0,2024-04-01,2260.0,38.68472,-12834.82,-12.83,6,stop_loss,2024,0.04233870967741926,0.10470085470085477,0.317533129459735,0.016811751068056647,2.8914811320369393
base_t55_sl12_mp4,096240,BUY,2024-02-16,15328.892578125,2024-04-16,15790.0400390625,6.523628,2699.33,2.7,8,regime_risk_off,2024,0.08262969835071399,0.11629360721361515,0.11892510441815718,0.009018306345844364,3.509015340012551
base_t55_sl12_mp4,016360,BUY,2024-02-16,36283.6484375,2024-04-16,31880.29296875,2.756062,-12399.51,-12.4,8,stop_loss,2024,0.04171928844329886,0.1318681151297476,0.12269103144831894,0.02457700934865798,2.8733016191625933
base_t55_sl12_mp4,316140,BUY,2024-03-04,12876.9521484375,2024-04-16,11933.3046875,7.765813,-7606.2,-7.61,6,regime_risk_off,2024,0.025148481721241955,0.10196070631457954,0.1847572779332427,0.01949976915743567,4.847603204368368
base_t55_sl12_mp4,104830,BUY,2024-04-01,36676.421875,2024-04-16,34025.6953125,2.726547,-7505.65,-7.51,2,regime_risk_off,2024,0.11420198827408634,0.18167698922168074,0.22150871579836973,0.03251093718085293,6.148822082414452
base_t55_sl12_mp4,336570,BUY,2024-05-09,10951.4443359375,2024-05-17,8075.70556640625,9.131216,-26480.21,-26.48,1,stop_loss,2024,0.0754351932637658,0.14994834384999556,0.44980438987365146,0.03342282000516607,2.572900220481892
base_t55_sl12_mp4,368600,BUY,2024-05-09,5980.0,2024-05-24,5010.0,16.722408,-16472.07,-16.47,2,stop_loss,2024,0.07553956834532372,0.1368821292775666,0.1611650485436893,0.01871505462678977,1.8618874695465883
base_t55_sl12_mp4,241710,BUY,2024-05-09,43865.9453125,2024-05-31,61134.4375,2.279673,38948.41,38.95,3,take_profit,2024,0.2398317667363259,0.22607497502470242,0.1555555601289731,0.03237179431137348,6.101075550237099
base_t55_sl12_mp4,003680,BUY,2024-05-17,5950.0,2024-05-31,7710.0,16.806723,29191.09,29.19,2,take_profit,2024,0.08775137111517362,0.21801432958034805,0.018835616438356073,0.022386559052870562,29.666545990285226
base_t55_sl12_mp4,003960,BUY,2024-05-09,40251.16796875,2024-06-17,71820.7109375,2.4844,77896.08,77.9,5,take_profit,2024,0.07086612618456711,0.19124086494247727,0.079364961314625,0.02488511931038147,3.596670103139604
base_t55_sl12_mp4,089980,BUY,2024-05-31,27449.13671875,2024-06-17,23639.470703125,3.643102,-14137.36,-14.14,2,stop_loss,2024,0.018115910531873336,0.23245619150605923,0.39800997350895484,0.03941861944885278,4.73244022199949
base_t55_sl12_mp4,092780,BUY,2024-06-17,5259.5185546875,2024-06-24,6468.82470703125,19.013147,22623.74,22.62,1,take_profit,2024,0.07450975932524151,0.1734474241009012,0.2097130188283629,0.017199183865521075,2.899455700384501
base_t55_sl12_mp4,339770,BUY,2024-05-24,4207.88232421875,2024-07-08,4333.49072265625,23.764923,2676.12,2.68,6,regime_risk_off,2024,0.1035293953437686,0.17691348034947918,0.14669924926083722,0.02069569463558942,18.281794371447262
base_t55_sl12_mp4,032350,BUY,2024-05-31,10840.0,2024-07-08,9830.0,9.225092,-9589.39,-9.59,5,regime_risk_off,2024,0.08944723618090444,0.08617234468937873,0.1859956236323852,0.025702924521952022,6.180496274644785
base_t55_sl12_mp4,002820,BUY,2024-06-17,2980.0,2024-07-08,3100.0,33.557047,3714.77,3.71,3,regime_risk_off,2024,0.051146384479717755,0.0875912408759123,0.23140495867768585,0.016616695779705305,4.675075635834777
base_t55_sl12_mp4,071970,BUY,2024-06-24,17810.0,2024-07-08,17780.0,5.614823,-467.94,-0.47,2,regime_risk_off,2024,0.11312499999999992,0.11591478696741864,0.5691629955947137,0.023719657771717893,2.0218308591792082
base_t55_sl12_mp4,071970,BUY,2024-07-15,17480.0,2024-07-22,21200.0,5.720824,20917.62,20.92,1,take_profit,2024,-0.01687289088863897,0.09250000000000003,0.384006334125099,0.039273371575705554,3.3169911193543298
base_t55_sl12_mp4,049430,BUY,2024-07-15,9433.83984375,2024-08-05,7626.76806640625,10.600138,-19397.74,-19.4,3,stop_loss,2024,0.11500555179792848,0.10054052674642455,0.2033096879597931,0.018951893815160957,7.885375992846815
base_t55_sl12_mp4,006360,BUY,2024-07-15,16629.560546875,2024-08-05,16427.23046875,6.013388,-1513.04,-1.51,3,regime_risk_off,2024,0.13403419856312038,0.18219187021671268,0.20699308302797625,0.02261976840641636,6.585388356804927
base_t55_sl12_mp4,094170,BUY,2024-07-15,21543.669921875,2024-08-05,18136.302734375,4.641735,-16068.65,-16.07,3,stop_loss,2024,0.12113391635820392,0.14233188849795186,0.06356959751709423,0.025384899538966478,4.194595212908355
base_t55_sl12_mp4,019770,BUY,2024-07-22,4143.3603515625,2024-08-05,3588.661376953125,24.134999,-13647.5,-13.65,2,stop_loss,2024,0.047561019495289125,0.10128208173100695,0.18975072669894444,0.0159720941559082,4.875440571869837
base_t55_sl12_mp4,067570,BUY,2024-08-20,2340.9072265625,2024-08-27,2288.00537109375,42.718481,-2553.11,-2.55,1,regime_risk_off,2024,0.09937887629030051,0.12978720420923184,0.05988023621142924,0.02320893481485764,5.478632568815531
base_t55_sl12_mp4,016360,BUY,2024-08-20,42096.078125,2024-08-27,41039.2734375,2.375518,-2802.93,-2.8,1,regime_risk_off,2024,0.088838266951484,0.07415731009045001,0.2746665865510005,0.02657992471837844,2.1816769463079684
base_t55_sl12_mp4,000370,BUY,2024-08-20,6190.0,2024-08-27,5990.0,16.155089,-3521.32,-3.52,1,regime_risk_off,2024,0.127504553734062,0.22090729783037477,0.23061630218687879,0.041768278713723385,2.5439117813553755
base_t55_sl12_mp4,244920,BUY,2024-08-20,4149.89501953125,2024-08-27,3899.789306640625,24.096995,-6308.72,-6.31,1,regime_risk_off,2024,0.1546392662953493,0.12421588977929332,0.08474587303817827,0.03174462175674807,2.55243429224698
base_t55_sl12_mp4,004000,BUY,2024-09-03,47427.83203125,2024-09-10,43772.328125,2.108467,-7984.39,-7.98,1,regime_risk_off,2024,0.026369045757291598,0.1794870225608305,0.09642466869603172,0.02072273453365106,2.831615431079872
base_t55_sl12_mp4,035250,BUY,2024-09-03,14511.6669921875,2024-09-10,15382.89453125,6.891007,5685.62,5.69,1,regime_risk_off,2024,0.07286915765247604,0.20805859251404235,0.11872458016811938,0.012114313393523892,2.187537541240219
base_t55_sl12_mp4,004700,BUY,2024-09-03,56900.0,2024-09-10,57000.0,1.757469,-124.78,-0.12,1,regime_risk_off,2024,0.038321167883211604,0.12896825396825395,0.12228796844181455,0.021637397885142375,2.2099576580522706
base_t55_sl12_mp4,214330,BUY,2024-09-03,6100.0,2024-09-10,5700.0,16.393443,-6837.7,-6.84,1,regime_risk_off,2024,0.06830122591943955,0.15969581749049433,0.01836393989983298,0.018029885533295105,2.4743599043908406
base_t55_sl12_mp4,009450,BUY,2024-09-27,71274.796875,2024-10-16,86939.5859375,1.40302,21612.09,21.61,2,take_profit,2024,0.038516467167090784,0.019607882582036495,0.42187504383368735,0.024254550991048538,1.2986857532211629
base_t55_sl12_mp4,049430,BUY,2024-09-27,10379.0771484375,2024-10-30,10147.4013671875,9.634768,-2525.45,-2.53,4,regime_risk_off,2024,0.17894735090632574,0.1752361214838869,0.2068965713028159,0.0234697320296434,3.7234305879067526
base_t55_sl12_mp4,081580,BUY,2024-09-27,4371.5419921875,2024-10-30,4342.20263671875,22.875223,-969.13,-0.97,4,regime_risk_off,2024,0.14615388111319416,0.14910030705632726,0.19518722145861966,0.03390414535075542,2.2545800557978724
base_t55_sl12_mp4,321550,BUY,2024-09-27,6980.0,2024-10-30,5230.0,14.326648,-25296.42,-25.3,4,stop_loss,2024,0.10268562401263814,0.05757575757575761,0.18505942275042453,0.03794686628082261,3.3802763898211623
base_t55_sl12_mp4,060590,BUY,2024-10-16,8280.0,2024-10-30,7850.0,12.077295,-5477.66,-5.48,2,regime_risk_off,2024,0.07532467532467524,0.19308357348703176,0.054777070063694255,0.02446046702064706,2.7269589048116862
base_t55_sl12_mp4,090410,BUY,2024-12-11,1747.012939453125,2024-12-26,1520.0,57.240561,-13255.36,-13.26,2,stop_loss,2024,0.12025317050199513,0.16677649716029141,0.2651893793092839,0.045221229289765935,4.975122424253454
base_t55_sl12_mp4,215480,BUY,2024-12-11,2965.0,2025-02-07,2515.0,33.726813,-15431.53,-15.43,7,stop_loss,2024,0.24318658280922434,0.25105485232067504,0.08409506398537481,0.03796516516700041,13.67787342195517
base_t55_sl12_mp4,002290,BUY,2024-12-11,3256.94287109375,2025-02-28,3554.010009765625,30.70364,8793.68,8.79,10,time_exit,2024,0.11864407348160166,0.2895204001905798,0.2781690245428181,0.01892314086286135,2.758841029174237
base_t55_sl12_mp4,020180,BUY,2024-12-11,1014.746337890625,2025-02-28,1163.7445068359375,98.546796,14339.24,14.34,10,time_exit,2024,0.1313789848527298,0.2645631691958279,0.19495416322358672,0.03115799654343484,2.7852532053716406
base_t55_sl12_mp4,319400,BUY,2025-02-07,4159.17431640625,2025-03-10,3530.809814453125,24.043234,-15362.59,-15.36,4,stop_loss,2025,0.03860524329279991,0.1440328930699224,0.37233837222865596,0.026084264794174722,8.895664561350427
base_t55_sl12_mp4,092460,BUY,2024-12-26,7952.0966796875,2025-03-17,8867.79296875,12.5753,11180.61,11.18,10,time_exit,2024,0.10608020716149147,0.13696805242793064,0.30335365658464375,0.024874382560418292,2.625242729359925
base_t55_sl12_mp4,284740,BUY,2025-02-28,21055.90625,2025-03-24,20103.150390625,4.749261,-4811.31,-4.81,3,regime_risk_off,2025,0.0728155808387918,0.1444847468016528,0.1068578606743742,0.017499183453368865,16.85767567065392
base_t55_sl12_mp4,052220,BUY,2025-02-28,3975.0,2025-03-24,4125.0,25.157233,3462.26,3.46,3,regime_risk_off,2025,0.06998654104979818,0.14388489208633093,0.6358024691358024,0.021822770379917072,3.068607383856414
base_t55_sl12_mp4,194370,BUY,2025-03-10,7814.49169921875,2025-03-24,8419.6376953125,12.796738,7420.66,7.42,2,regime_risk_off,2025,0.08825482771298909,0.1460516945247372,0.21852441867786787,0.023467366901918377,3.840608282560974
base_t55_sl12_mp4,036170,BUY,2025-03-17,1029.0,2025-03-24,882.0,97.18173,-14542.86,-14.54,1,stop_loss,2025,0.08773784355179703,0.2220902612826603,0.2382671480144405,0.014104330806593767,4.54970577773895
base_t55_sl12_mp4,900310,BUY,2025-04-14,4635.0,2025-04-21,4050.0,21.574973,-12883.5,-12.88,1,stop_loss,2025,0.06551724137931036,0.10488676996424307,0.2928870292887029,0.021352904680513547,4.909895810043375
base_t55_sl12_mp4,452300,BUY,2025-04-14,3088.084716796875,2025-04-21,3741.333251953125,32.382531,20790.38,20.79,1,take_profit,2025,0.1345455201050303,0.10638304758232708,0.1345455201050303,0.03122512963048042,4.126024768528383
base_t55_sl12_mp4,024800,BUY,2025-04-21,2130.0,2025-05-22,2675.0,46.948357,25210.09,25.21,4,take_profit,2025,0.11518324607329844,0.1588683351468989,0.13297872340425543,0.017835835696250628,5.676151568413219
base_t55_sl12_mp4,084440,BUY,2025-04-14,1254.867919921875,2025-06-30,1216.603759765625,79.689662,-3340.11,-3.34,10,time_exit,2025,0.0885106234285633,0.14605738203495822,0.2514677072151683,0.03218675169186579,3.792089175610461
base_t55_sl12_mp4,424760,BUY,2025-04-14,1970.0,2025-06-30,1846.0,50.761421,-6575.53,-6.58,10,time_exit,2025,-0.012036108324974926,0.2056303549571603,-0.03431372549019607,0.037705186472781205,5.633963673600523
base_t55_sl12_mp4,023410,BUY,2025-04-21,3434.75537109375,2025-07-07,3410.80322265625,29.114155,-995.25,-1.0,10,time_exit,2025,0.12031242833189792,0.11682239392445792,0.1335914905610709,0.022533360138711468,68.02823382989858
base_t55_sl12_mp4,199820,BUY,2025-06-30,10102.5263671875,2025-07-21,12863.158203125,9.898514,26944.17,26.94,3,take_profit,2025,0.041836773127848614,0.09903117279150231,0.2301204496931235,0.018452192487840385,2.7939317965602446
base_t55_sl12_mp4,053980,BUY,2025-05-22,3605.199462890625,2025-08-04,3422.779296875,27.737716,-5344.74,-5.34,10,time_exit,2025,0.10930580875545637,0.17343753402054918,0.0622347901260607,0.015386067455450958,4.938624054874671
base_t55_sl12_mp4,102260,BUY,2025-06-30,4287.14208984375,2025-08-11,4110.95849609375,23.325562,-4397.25,-4.4,6,regime_risk_off,2025,0.050068385480750655,0.0922756917641423,0.23350525942679523,0.013173210652855023,4.49756704040138
base_t55_sl12_mp4,439580,BUY,2025-07-07,4820.0,2025-08-11,5410.0,20.746888,11903.94,11.9,5,regime_risk_off,2025,0.003121748178980255,-0.07307692307692304,0.5960264900662251,0.02131735041777554,4.149903511875215
base_t55_sl12_mp4,256840,BUY,2025-07-21,5473.2216796875,2025-08-11,5020.4013671875,18.270775,-8548.56,-8.55,3,regime_risk_off,2025,0.09448817898149486,0.06923078757481482,0.3544457462949471,0.019802820951463716,8.106700477127891
base_t55_sl12_mp4,307930,BUY,2025-08-04,7209.33984375,2025-08-11,6410.46728515625,13.870896,-11347.83,-11.35,1,regime_risk_off,2025,0.12633182705449308,0.25000004233061524,0.22314047122054426,0.026681178069096707,30.87802992530886
base_t55_sl12_mp4,031440,BUY,2025-08-26,41427.265625,2025-10-15,36322.484375,2.413869,-12585.31,-12.59,6,stop_loss,2025,0.13746632635780243,0.11640209078144914,0.20571432404369694,0.027284372640103825,3.1279551400580146
base_t55_sl12_mp4,082640,BUY,2025-08-26,8060.0,2025-10-29,7050.0,12.406948,-12793.42,-12.79,8,stop_loss,2025,0.007500000000000062,-0.03818615751789978,0.4341637010676156,0.013033456969690774,4.356020703054844
base_t55_sl12_mp4,454910,BUY,2025-08-26,64600.0,2025-11-05,81400.0,1.547988,25628.17,25.63,9,take_profit,2025,0.0713101160862355,0.0713101160862355,0.35146443514644354,0.019690637197631804,4.989870505476511
base_t55_sl12_mp4,032350,BUY,2025-08-26,17070.0,2025-11-12,18940.0,5.858231,10622.03,10.62,10,time_exit,2025,0.04723926380368093,0.02522522522522519,0.44661016949152543,0.02708312578528388,2.923843766115898
base_t55_sl12_mp4,089980,BUY,2025-10-29,19028.822265625,2025-11-19,15799.7490234375,5.255186,-17218.47,-17.22,3,stop_loss,2025,0.1068351473173772,0.13687311138763825,0.0992584136322725,0.021123721748437296,3.210083712491578
base_t55_sl12_mp4,388720,BUY,2025-10-15,84400.0,2025-11-26,73000.0,1.184834,-13766.59,-13.77,6,stop_loss,2025,0.25037037037037035,0.15934065934065944,0.1937765205091937,0.03399887873111422,5.384551098423157
base_t55_sl12_mp4,170900,BUY,2025-11-05,48195.70703125,2025-11-26,50352.3203125,2.074874,4161.28,4.16,3,regime_risk_off,2025,0.09946533165922733,0.13465790546513845,0.11739133191087014,0.016574809851787796,5.620670975749576
base_t55_sl12_mp4,314140,BUY,2025-11-12,7806.4580078125,2025-11-26,6992.04345703125,12.809907,-10701.28,-10.7,2,regime_risk_off,2025,0.06648574852734401,0.04105965525975974,0.31879202160005526,0.024301738665984667,5.671048537605554
base_t55_sl12_mp4,006730,BUY,2025-11-19,11131.3046875,2025-11-26,11240.4345703125,8.983673,677.45,0.68,1,regime_risk_off,2025,0.23704518865323965,0.2550335866055242,0.18105264488531314,0.047369290630829085,3.308245402132986
base_t55_sl12_mp4,319400,BUY,2025-12-03,10402.9228515625,2025-12-24,18531.765625,9.612683,77605.57,77.61,3,take_profit,2025,0.23871739187059626,0.08419961678547216,0.7239668709946745,0.03480675704033516,4.541071510689897
base_t55_sl12_mp4,011320,BUY,2025-12-24,4898.765625,2026-01-05,4240.0,20.413306,-13707.24,-13.71,1,stop_loss,2025,0.032258064516129004,0.10837997121851983,0.2685422098366128,0.014635822630535427,4.602878410669717
base_t55_sl12_mp4,016250,BUY,2025-12-03,15000.0,2026-02-19,18380.0,6.666667,22165.73,22.17,10,take_profit,2025,0.10294117647058831,0.21457489878542502,-0.011857707509881465,0.023116614320721603,5.186018252798676
base_t55_sl12_mp4,054800,BUY,2025-12-03,12173.8681640625,2026-02-19,14610.0,8.214316,19651.12,19.65,10,take_profit,2025,0.08333331160764446,0.15341956410025337,0.06303243116576396,0.015819296464383573,3.465013497287769
base_t55_sl12_mp4,002290,BUY,2025-12-03,3742.802001953125,2026-02-19,3775.0,26.717951,557.68,0.56,10,time_exit,2025,0.06729481078991006,0.09681886751010849,0.16275662170598482,0.010653503355928889,67.89768420853922
base_t55_sl12_mp4,179290,BUY,2026-01-05,7550.0,2026-03-20,6700.0,13.245033,-11524.5,-11.52,10,time_exit,2026,0.14400143177745428,0.15953088432827545,0.12229049921691382,0.023951074910015274,10.486779991109042
base_t55_sl12_mp4,290520,BUY,2026-03-20,1949.0,2026-03-27,2435.0,51.308363,24561.06,24.56,1,take_profit,2026,0.12269585253456228,0.1608100059559261,0.17409638554216866,0.036528977693859856,3.6621426992920663
base_t55_sl12_mp4,016250,BUY,2026-02-19,18380.0,2026-04-03,15170.0,5.440696,-17712.24,-17.71,6,stop_loss,2026,0.13247073321010472,0.23025435073627842,0.38195488721804516,0.023953348446968004,3.5096042044556066
base_t55_sl12_mp4,424760,BUY,2026-03-27,2550.0,2026-04-24,3774.0,39.215686,47556.0,47.56,4,take_profit,2026,0.19606003752345225,0.2737262737262738,0.2295081967213115,0.04636669013987144,5.41220085738657
base_t55_sl12_mp4,003690,BUY,2026-02-19,13161.5986328125,2026-05-04,12170.0,7.597861,-7811.43,-7.81,10,time_exit,2026,0.08954036233513785,0.25113737423622706,0.21145370647938955,0.017301966366982745,3.1336288749657455
base_t55_sl12_mp4,027740,BUY,2026-02-19,1756.0,2026-05-04,1642.0,56.947608,-6772.55,-6.77,10,time_exit,2026,0.11139240506329107,0.15374507227332468,0.13144329896907214,0.028459087331258827,29.43641887335614
base_t55_sl12_mp4,047080,BUY,2026-04-03,1321.0,2026-05-19,1450.0,75.700227,9436.03,9.44,6,regime_risk_off,2026,0.006092916984006047,0.12425531914893617,0.12617220801364026,0.01680567589941183,1.4642789394231643
base_t55_sl12_mp4,012610,BUY,2026-04-24,4845.0,2026-05-19,5380.0,20.639835,10709.18,10.71,3,regime_risk_off,2026,0.1254355400696865,0.22658227848101276,0.07547169811320753,0.028340132883539766,4.982013257974544
base_t55_sl12_mp4,088910,BUY,2026-05-04,2625.0,2026-05-19,2355.0,38.095238,-10554.86,-10.55,2,regime_risk_off,2026,0.050000000000000044,0.10993657505285404,0.27118644067796605,0.011695304376327792,3.300314481727885
base_t55_sl12_mp4,067900,BUY,2026-05-04,7700.0,2026-05-19,6900.0,12.987013,-10658.44,-10.66,2,regime_risk_off,2026,0.056241426611796985,0.12408759124087587,0.18461538461538463,0.014568421401485811,3.8141803912078607
def_t65_sl8_mp3,019170,BUY,2022-02-25,29050.0,2022-03-07,40300.0,3.442341,38310.15,38.31,1,take_profit,2022,,,,,
def_t65_sl8_mp3,002450,BUY,2022-02-25,1606.3922119140625,2022-03-15,1454.20751953125,62.251298,-9745.27,-9.75,2,stop_loss,2022,,,,,
def_t65_sl8_mp3,000370,BUY,2022-02-25,4064.745361328125,2022-04-05,4883.439453125,24.601787,19780.91,19.78,5,take_profit,2022,,,,,
def_t65_sl8_mp3,053980,BUY,2022-04-05,6901.1171875,2022-04-12,6002.74658203125,14.490407,-13278.7,-13.28,1,stop_loss,2022,0.12516653410280076,0.2071428479917734,0.14343705326551537,0.021073480494003587,4.742728609883109
def_t65_sl8_mp3,225530,BUY,2022-03-07,6461.48095703125,2022-05-12,6549.39306640625,15.476328,1056.47,1.06,9,regime_risk_off,2022,,,,,
def_t65_sl8_mp3,040610,BUY,2022-03-15,5360.0,2022-05-12,5290.0,18.656716,-1602.05,-1.6,8,regime_risk_off,2022,,,,,
def_t65_sl8_mp3,010100,BUY,2022-04-12,2814.142333984375,2022-05-12,2754.65625,35.534805,-2407.48,-2.41,4,regime_risk_off,2022,0.044142635055580026,0.12021862225104063,0.16257082802984613,0.017587605086295196,26.55971837048308
def_t65_sl8_mp3,061250,BUY,2022-07-18,29650.0,2022-08-01,26950.0,3.372681,-9378.92,-9.38,2,stop_loss,2022,0.086080586080586,0.15145631067961163,0.011945392491467643,0.037315824367214145,12.695642521851655
def_t65_sl8_mp3,126560,BUY,2022-08-01,2590.574951171875,2022-08-23,2356.251953125,38.60147,-9318.08,-9.32,3,stop_loss,2022,0.11588780584657754,0.2463464682722396,-0.1089553098596564,0.018244511544697594,67.92921068327092
def_t65_sl8_mp3,096690,BUY,2022-07-18,21881.892578125,2022-09-06,22422.69921875,4.569989,2164.07,2.16,7,regime_risk_off,2022,0.2232557418406973,0.25238089808562325,0.03543309706401154,0.05621966043538707,3.8623446325176265
def_t65_sl8_mp3,028300,BUY,2022-07-18,35896.76171875,2022-09-06,41069.078125,2.785767,14065.64,14.07,7,regime_risk_off,2022,0.002469090820630626,0.22844174581618515,0.2992000074647403,0.03836352419099896,1.9652701445426708
def_t65_sl8_mp3,125210,BUY,2022-08-23,13800.0,2022-09-06,15650.0,7.246377,13065.58,13.07,2,regime_risk_off,2022,0.022222222222222143,0.1694915254237288,0.01845018450184499,0.030513225735176053,4.631861039302533
def_t65_sl8_mp3,000490,BUY,2022-10-31,11060.8857421875,2022-11-21,10046.5693359375,9.040867,-9442.79,-9.44,3,stop_loss,2022,0.12254904584272142,0.19519831178925817,-0.06910565129910684,0.03344158335809252,6.4702354245644
def_t65_sl8_mp3,036890,BUY,2022-10-31,9873.548828125,2022-11-21,13301.86328125,10.128071,34318.04,34.32,3,take_profit,2022,0.17647057454575243,0.3251535366595706,-0.02702696980693864,0.024531706278187074,3.5843928485458565
def_t65_sl8_mp3,027740,BUY,2022-11-21,3070.0,2022-11-28,2670.0,32.57329,-13290.23,-13.29,1,stop_loss,2022,-0.04658385093167705,0.2581967213114753,0.03367003367003374,0.027074872871886934,7.473471003460476
def_t65_sl8_mp3,190510,BUY,2022-11-21,12283.7939453125,2022-12-05,14932.3447265625,8.140807,21196.66,21.2,2,take_profit,2022,0.08032126030616671,0.13983048351661287,0.3794871204344661,0.029019070929664992,3.510257733470343
def_t65_sl8_mp3,054940,BUY,2022-10-31,1355.0,2023-01-03,1285.0,73.800738,-5450.55,-5.45,9,regime_risk_off,2022,0.15319148936170213,0.2152466367713004,0.1386554621848739,0.03475641476011282,2.7929181851344222
def_t65_sl8_mp3,054040,BUY,2022-11-28,3425.374267578125,2023-01-03,3361.308837890625,29.19389,-2164.71,-2.16,5,regime_risk_off,2022,0.05398775780582232,0.17189632129343546,0.09426754682269833,0.01735619795752984,3.329166800782521
def_t65_sl8_mp3,298540,BUY,2022-12-05,27200.408203125,2023-01-03,27569.923828125,3.676415,1054.42,1.05,4,regime_risk_off,2022,0.09201386669936973,0.1312948982829536,0.07705493807243591,0.018825734003199552,3.252294374594908
def_t65_sl8_mp3,060850,BUY,2023-01-10,9136.5126953125,2023-02-09,11348.8134765625,10.945095,23841.2,23.84,4,take_profit,2023,0.08409089697682925,0.11753893646738645,0.19765910993205793,0.017842158939247798,2.1991094656020134
def_t65_sl8_mp3,003960,BUY,2023-01-10,29177.662109375,2023-02-16,26445.306640625,3.427279,-9636.45,-9.64,5,stop_loss,2023,0.1544401117736336,0.13702532462081107,0.2120690375593044,0.032027405238290105,2.9453157047742264
def_t65_sl8_mp3,044380,BUY,2023-02-09,4650.0,2023-02-23,4130.0,21.505376,-11449.25,-11.45,2,stop_loss,2023,0.020856201975850697,0.14110429447852768,0.3285714285714285,0.021125332208683026,2.123490749216173
def_t65_sl8_mp3,011150,BUY,2023-01-10,3345.0,2023-03-10,3225.0,29.895366,-3876.68,-3.88,8,regime_risk_off,2023,0.11129568106312293,0.20758122743682317,0.2767175572519085,0.025412626574237557,5.960673729194021
def_t65_sl8_mp3,357550,BUY,2023-02-16,27850.0,2023-03-10,37400.0,3.590664,33887.97,33.89,3,take_profit,2023,-0.024518388791593737,0.11623246492985961,0.15082644628099184,0.023761669731018554,4.0878017615114315
def_t65_sl8_mp3,005389,BUY,2023-02-23,71307.6015625,2023-03-10,71467.4921875,1.402375,-76.45,-0.08,2,regime_risk_off,2023,-0.007786497685998706,0.11779466300884622,0.23237244075787467,0.01293706112367164,4.560394218753684
def_t65_sl8_mp3,356890,BUY,2023-03-31,12602.9580078125,2023-04-21,11242.8564453125,7.934645,-11059.55,-11.06,3,stop_loss,2023,0.027932960448876054,0.08691987422300018,0.5612120239935976,0.02075848331129754,2.9433662835380443
def_t65_sl8_mp3,276730,BUY,2023-03-31,87400.0,2023-04-28,79350.0,1.144165,-9482.89,-9.48,4,stop_loss,2023,0.1499999999999999,0.12992889463477697,0.3292775665399239,0.030898554964676972,5.111779071951907
def_t65_sl8_mp3,049080,BUY,2023-03-31,1954.0,2023-04-28,1607.0,51.177073,-18005.17,-18.01,4,stop_loss,2023,0.08918617614269797,0.10395480225988707,0.3712280701754387,0.04071099483258139,10.302899106355333
def_t65_sl8_mp3,344820,BUY,2023-04-28,39494.64453125,2023-05-09,35626.8359375,2.531989,-10063.87,-10.06,1,stop_loss,2023,0.02566977090843836,0.15889024421834574,0.1812338043176025,0.01602655361199005,2.127770460759888
def_t65_sl8_mp3,006880,BUY,2023-04-21,7568.060546875,2023-05-16,6990.99609375,13.213425,-7902.12,-7.9,3,regime_risk_off,2023,0.14285710072249858,0.1494252498504205,0.24031003533662787,0.015306325647275373,24.20428896299202
def_t65_sl8_mp3,092460,BUY,2023-04-28,5866.84716796875,2023-05-16,6649.09326171875,17.04493,12993.33,12.99,2,regime_risk_off,2023,0.05599998523482941,0.10552760906217196,0.06623594128156474,0.02417673543381041,3.2534732411249605
def_t65_sl8_mp3,023160,BUY,2023-05-09,17717.107421875,2023-05-16,16347.6689453125,5.644262,-8006.28,-8.01,1,regime_risk_off,2023,0.048986377292890015,0.12567966480624393,0.21052625608913988,0.018577571077058496,3.696260720312201
def_t65_sl8_mp3,092460,BUY,2023-05-23,6649.09326171875,2023-05-31,5617.95068359375,15.039645,-15761.49,-15.76,1,stop_loss,2023,0.0,0.19679994811097212,0.3122806114724763,0.029577162902194715,1.8242676212612476
def_t65_sl8_mp3,357550,BUY,2023-05-31,40550.0,2023-06-08,60100.0,2.466091,47767.45,47.77,1,take_profit,2023,-0.018159806295399483,-0.037959667852906276,0.5130597014925373,0.02376898928147124,7.4073722619781135
def_t65_sl8_mp3,090410,BUY,2023-05-23,2003.2725830078125,2023-06-29,2742.34423828125,49.918319,36482.54,36.48,5,take_profit,2023,0.05478749971960495,0.11653119499688058,0.04834604573910828,0.015219822024015315,23.507231967993675
def_t65_sl8_mp3,006370,BUY,2023-06-08,10941.1767578125,2023-07-06,14442.3525390625,9.139785,31603.99,31.6,4,take_profit,2023,0.08374389716250286,0.15303993045389097,0.14583336529338675,0.013907635990606576,3.9437435633367666
def_t65_sl8_mp3,066430,BUY,2023-06-29,1243.0,2023-07-06,1115.0,80.450523,-10566.77,-10.57,1,stop_loss,2023,0.14351425942962281,0.13412408759124084,0.4369942196531791,0.03675132533111859,3.206507780028167
def_t65_sl8_mp3,199820,BUY,2023-05-23,11291.7392578125,2023-07-13,13676.0908203125,8.856032,20752.55,20.75,7,take_profit,2023,0.03463579744664824,0.05429854887776653,0.23673020163228942,0.016749662705426542,2.393666232171661
def_t65_sl8_mp3,092780,BUY,2023-07-06,5198.63525390625,2023-07-27,5245.63916015625,19.235818,601.45,0.6,3,regime_risk_off,2023,0.08644403833145176,0.10599999626028644,0.2525482005186752,0.009852588774697683,6.515527440988696
def_t65_sl8_mp3,021820,BUY,2023-07-06,8705.3564453125,2023-07-27,7207.76513671875,11.48718,-17451.49,-17.45,3,stop_loss,2023,0.020384954645029874,0.05951240929388746,0.28697851533569074,0.017604462850834227,5.1652504322573645
def_t65_sl8_mp3,092870,BUY,2023-07-13,14549.9892578125,2023-07-27,14835.283203125,6.872857,1654.9,1.65,2,regime_risk_off,2023,0.10620790148660153,0.13769222986451934,0.42074915889932285,0.02726894173486323,4.220851752355442
def_t65_sl8_mp3,175140,BUY,2023-08-03,11980.0,2023-08-10,12430.0,8.347245,3444.99,3.44,1,regime_risk_off,2023,0.21255060728744946,0.08810172570390562,0.49750000000000005,0.04203305344902072,2.5295754839873763
def_t65_sl8_mp3,323410,BUY,2023-08-03,27334.919921875,2023-08-10,26756.400390625,3.658324,-2410.06,-2.41,1,regime_risk_off,2023,0.10311289459764317,0.2299349505757955,0.1454545752162233,0.039598565741853296,2.1636074274008408
def_t65_sl8_mp3,228760,BUY,2023-08-03,17470.0,2023-08-10,22250.0,5.724098,26979.11,26.98,1,take_profit,2023,0.19739547635366694,0.17248322147650996,0.3755905511811024,0.06653230760245324,8.530956113937126
def_t65_sl8_mp3,017810,BUY,2023-08-25,11050.619140625,2023-09-08,10153.3056640625,9.049267,-8395.67,-8.4,2,stop_loss,2023,0.15967228631576869,0.16205122096241342,0.06086129400726459,0.02834457791370629,6.724979126544447
def_t65_sl8_mp3,088910,BUY,2023-08-25,3043.5615234375,2023-09-22,2898.630126953125,32.856244,-5047.62,-5.05,4,regime_risk_off,2023,0.03618424661701525,0.188679234488631,0.06779667985392268,0.02441506413541619,4.558262936149652
def_t65_sl8_mp3,060540,BUY,2023-08-25,2382.24853515625,2023-09-22,2552.408935546875,41.977148,6821.42,6.82,4,regime_risk_off,2023,0.12000002754750416,0.19431284377517177,0.0019881234244600865,0.024895179426481787,5.064380396036397
def_t65_sl8_mp3,214320,BUY,2023-09-08,18197.552734375,2023-09-22,18218.662109375,5.495244,-184.35,-0.18,2,regime_risk_off,2023,0.05121966409791168,0.05637258014336588,0.11931476479864056,0.015036371075774888,3.8385286083860657
def_t65_sl8_mp3,002210,BUY,2023-11-03,6900.0,2023-11-10,6380.0,14.492754,-7813.62,-7.81,1,regime_risk_off,2023,0.16161616161616155,0.20629370629370625,0.19999999999999996,0.02180967173638754,5.584525933465379
def_t65_sl8_mp3,002290,BUY,2023-11-03,3616.947021484375,2023-11-10,3457.818603515625,27.647626,-4686.32,-4.69,1,regime_risk_off,2023,0.0659061747382148,0.1828410063695305,0.24041297379394755,0.017251269563126215,2.560034697607797
def_t65_sl8_mp3,377480,BUY,2023-11-03,28200.0,2023-11-10,28650.0,3.546099,1290.96,1.29,1,regime_risk_off,2023,0.2103004291845494,0.18736842105263163,0.12350597609561742,0.040605333199160105,2.761015182783929
def_t65_sl8_mp3,000120,BUY,2023-11-17,85581.1796875,2023-12-01,111431.78125,1.168481,29815.32,29.82,2,take_profit,2023,0.09799006030711155,0.15000004724133187,0.07768202549767222,0.026399166920463662,8.200078736482029
def_t65_sl8_mp3,091810,BUY,2023-11-17,2485.0,2023-12-08,2275.0,40.241449,-8725.35,-8.73,3,stop_loss,2023,0.09471365638766516,0.22413793103448265,-0.06578947368421051,0.026992214469564697,6.121178048469911
def_t65_sl8_mp3,060540,BUY,2023-11-17,2665.849365234375,2023-12-15,3270.864990234375,37.511497,22326.96,22.33,4,take_profit,2023,0.038673994784808485,0.13709669861080198,0.25333327670790795,0.02145653167692805,4.697521436457135
def_t65_sl8_mp3,005880,BUY,2023-12-01,2020.0,2024-01-17,2810.0,49.50495,38691.58,38.69,6,take_profit,2023,0.16763005780346818,0.17784256559766765,0.13165266106442575,0.026470106104132706,3.1139954138727663
def_t65_sl8_mp3,067630,BUY,2023-12-15,11090.0,2024-01-17,10150.0,9.017133,-8750.68,-8.75,4,stop_loss,2023,0.1316326530612244,0.22271223814773977,0.18991416309012865,0.020921605455287484,3.7444174672905604
def_t65_sl8_mp3,095570,BUY,2023-12-08,3859.8193359375,2024-01-31,4209.48876953125,25.907948,8732.04,8.73,7,regime_risk_off,2023,0.03884551080897869,0.16273281948930074,0.1555553866341577,0.015247853380784819,2.79159929333491
def_t65_sl8_mp3,027740,BUY,2024-01-17,2460.0,2024-01-31,2340.0,40.650407,-5163.41,-5.16,2,regime_risk_off,2024,0.012345679012345734,0.10611510791366907,0.17590822179732313,0.012063708059546511,5.316971143266726
def_t65_sl8_mp3,044450,BUY,2024-01-17,8648.703125,2024-01-31,8594.1376953125,11.562427,-929.02,-0.93,2,regime_risk_off,2024,0.03934423805415754,0.09478553938535672,0.26117065111346593,0.023466829946054254,13.921399644671178
def_t65_sl8_mp3,194370,BUY,2024-02-16,9176.291015625,2024-02-23,8424.283203125,10.897649,-8470.53,-8.47,1,stop_loss,2024,0.09216838125019833,0.19186048650219423,0.179206977164299,0.0293771953147412,3.815530603717609
def_t65_sl8_mp3,071850,BUY,2024-02-16,2585.0,2024-03-04,2300.0,38.68472,-11292.07,-11.29,2,stop_loss,2024,0.04233870967741926,0.10470085470085477,0.317533129459735,0.016811751068056647,2.8914811320369393
def_t65_sl8_mp3,023410,BUY,2024-02-23,3621.4130859375,2024-04-08,3275.650146484375,27.61353,-9819.09,-9.82,6,stop_loss,2024,0.09944741184572359,0.19699248265918068,0.17503778215015808,0.01999529662706076,54.54066390741182
def_t65_sl8_mp3,096240,BUY,2024-02-16,15328.892578125,2024-04-16,15790.0400390625,6.523628,2699.33,2.7,8,regime_risk_off,2024,0.08262969835071399,0.11629360721361515,0.11892510441815718,0.009018306345844364,3.509015340012551
def_t65_sl8_mp3,316140,BUY,2024-03-04,12876.9521484375,2024-04-16,11933.3046875,7.765813,-7606.2,-7.61,6,regime_risk_off,2024,0.025148481721241955,0.10196070631457954,0.1847572779332427,0.01949976915743567,4.847603204368368
def_t65_sl8_mp3,155650,BUY,2024-04-08,5567.5556640625,2024-04-16,4705.11181640625,17.961203,-15744.06,-15.74,1,stop_loss,2024,0.21167876696119614,0.17730496600356083,0.04496404278739208,0.037155381687397356,45.92009733333516
def_t65_sl8_mp3,336570,BUY,2024-05-09,10951.4443359375,2024-05-17,8075.70556640625,9.131216,-26480.21,-26.48,1,stop_loss,2024,0.0754351932637658,0.14994834384999556,0.44980438987365146,0.03342282000516607,2.572900220481892
def_t65_sl8_mp3,241710,BUY,2024-05-09,43865.9453125,2024-05-31,61134.4375,2.279673,38948.41,38.95,3,take_profit,2024,0.2398317667363259,0.22607497502470242,0.1555555601289731,0.03237179431137348,6.101075550237099
def_t65_sl8_mp3,003680,BUY,2024-05-17,5950.0,2024-05-31,7710.0,16.806723,29191.09,29.19,2,take_profit,2024,0.08775137111517362,0.21801432958034805,0.018835616438356073,0.022386559052870562,29.666545990285226
def_t65_sl8_mp3,089980,BUY,2024-05-31,27449.13671875,2024-06-10,24176.73046875,3.643102,-12185.94,-12.19,1,stop_loss,2024,0.018115910531873336,0.23245619150605923,0.39800997350895484,0.03941861944885278,4.73244022199949
def_t65_sl8_mp3,032350,BUY,2024-05-31,10840.0,2024-06-10,9790.0,9.225092,-9957.29,-9.96,1,stop_loss,2024,0.08944723618090444,0.08617234468937873,0.1859956236323852,0.025702924521952022,6.180496274644785
def_t65_sl8_mp3,003960,BUY,2024-05-09,40251.16796875,2024-06-17,71820.7109375,2.4844,77896.08,77.9,5,take_profit,2024,0.07086612618456711,0.19124086494247727,0.079364961314625,0.02488511931038147,3.596670103139604
def_t65_sl8_mp3,125210,BUY,2024-06-10,12160.0,2024-06-17,11160.0,8.223684,-8499.01,-8.5,1,stop_loss,2024,0.06479859894921192,0.15370018975332078,0.10948905109489049,0.026358725256176885,2.0992047843179513
def_t65_sl8_mp3,092780,BUY,2024-06-17,5259.5185546875,2024-06-24,6468.82470703125,19.013147,22623.74,22.62,1,take_profit,2024,0.07450975932524151,0.1734474241009012,0.2097130188283629,0.017199183865521075,2.899455700384501
def_t65_sl8_mp3,006380,BUY,2024-06-10,3660.0,2024-07-08,3660.0,27.322404,-300.0,-0.3,4,regime_risk_off,2024,0.0,0.0,4.0,0.0,1.0
def_t65_sl8_mp3,002820,BUY,2024-06-17,2980.0,2024-07-08,3100.0,33.557047,3714.77,3.71,3,regime_risk_off,2024,0.051146384479717755,0.0875912408759123,0.23140495867768585,0.016616695779705305,4.675075635834777
def_t65_sl8_mp3,071970,BUY,2024-06-24,17810.0,2024-07-08,17780.0,5.614823,-467.94,-0.47,2,regime_risk_off,2024,0.11312499999999992,0.11591478696741864,0.5691629955947137,0.023719657771717893,2.0218308591792082
def_t65_sl8_mp3,071970,BUY,2024-07-15,17480.0,2024-07-22,21200.0,5.720824,20917.62,20.92,1,take_profit,2024,-0.01687289088863897,0.09250000000000003,0.384006334125099,0.039273371575705554,3.3169911193543298
def_t65_sl8_mp3,049430,BUY,2024-07-15,9433.83984375,2024-08-05,7626.76806640625,10.600138,-19397.74,-19.4,3,stop_loss,2024,0.11500555179792848,0.10054052674642455,0.2033096879597931,0.018951893815160957,7.885375992846815
def_t65_sl8_mp3,006360,BUY,2024-07-15,16629.560546875,2024-08-05,16427.23046875,6.013388,-1513.04,-1.51,3,regime_risk_off,2024,0.13403419856312038,0.18219187021671268,0.20699308302797625,0.02261976840641636,6.585388356804927
def_t65_sl8_mp3,019770,BUY,2024-07-22,4143.3603515625,2024-08-05,3588.661376953125,24.134999,-13647.5,-13.65,2,stop_loss,2024,0.047561019495289125,0.10128208173100695,0.18975072669894444,0.0159720941559082,4.875440571869837
def_t65_sl8_mp3,067570,BUY,2024-08-20,2340.9072265625,2024-08-27,2288.00537109375,42.718481,-2553.11,-2.55,1,regime_risk_off,2024,0.09937887629030051,0.12978720420923184,0.05988023621142924,0.02320893481485764,5.478632568815531
def_t65_sl8_mp3,016360,BUY,2024-08-20,42096.078125,2024-08-27,41039.2734375,2.375518,-2802.93,-2.8,1,regime_risk_off,2024,0.088838266951484,0.07415731009045001,0.2746665865510005,0.02657992471837844,2.1816769463079684
def_t65_sl8_mp3,000370,BUY,2024-08-20,6190.0,2024-08-27,5990.0,16.155089,-3521.32,-3.52,1,regime_risk_off,2024,0.127504553734062,0.22090729783037477,0.23061630218687879,0.041768278713723385,2.5439117813553755
def_t65_sl8_mp3,004000,BUY,2024-09-03,47427.83203125,2024-09-10,43772.328125,2.108467,-7984.39,-7.98,1,regime_risk_off,2024,0.026369045757291598,0.1794870225608305,0.09642466869603172,0.02072273453365106,2.831615431079872
def_t65_sl8_mp3,035250,BUY,2024-09-03,14511.6669921875,2024-09-10,15382.89453125,6.891007,5685.62,5.69,1,regime_risk_off,2024,0.07286915765247604,0.20805859251404235,0.11872458016811938,0.012114313393523892,2.187537541240219
def_t65_sl8_mp3,004700,BUY,2024-09-03,56900.0,2024-09-10,57000.0,1.757469,-124.78,-0.12,1,regime_risk_off,2024,0.038321167883211604,0.12896825396825395,0.12228796844181455,0.021637397885142375,2.2099576580522706
def_t65_sl8_mp3,321550,BUY,2024-09-27,6980.0,2024-10-08,6420.0,14.326648,-8298.85,-8.3,1,stop_loss,2024,0.10268562401263814,0.05757575757575761,0.18505942275042453,0.03794686628082261,3.3802763898211623
def_t65_sl8_mp3,049430,BUY,2024-09-27,10379.0771484375,2024-10-30,10147.4013671875,9.634768,-2525.45,-2.53,4,regime_risk_off,2024,0.17894735090632574,0.1752361214838869,0.2068965713028159,0.0234697320296434,3.7234305879067526
def_t65_sl8_mp3,081580,BUY,2024-09-27,4371.5419921875,2024-10-30,4342.20263671875,22.875223,-969.13,-0.97,4,regime_risk_off,2024,0.14615388111319416,0.14910030705632726,0.19518722145861966,0.03390414535075542,2.2545800557978724
def_t65_sl8_mp3,179290,BUY,2024-10-08,8088.11572265625,2024-10-30,8388.7529296875,12.363819,3405.87,3.41,3,regime_risk_off,2024,0.10904247519821819,0.15193361809122452,0.06923069623997447,0.027408360587508708,3.3952494829166793
def_t65_sl8_mp3,215480,BUY,2024-12-11,2965.0,2024-12-26,2705.0,33.726813,-9042.66,-9.04,2,stop_loss,2024,0.24318658280922434,0.25105485232067504,0.08409506398537481,0.03796516516700041,13.67787342195517
def_t65_sl8_mp3,002290,BUY,2024-12-11,3256.94287109375,2025-02-28,3554.010009765625,30.70364,8793.68,8.79,10,time_exit,2024,0.11864407348160166,0.2895204001905798,0.2781690245428181,0.01892314086286135,2.758841029174237
def_t65_sl8_mp3,020180,BUY,2024-12-11,1014.746337890625,2025-02-28,1163.7445068359375,98.546796,14339.24,14.34,10,time_exit,2024,0.1313789848527298,0.2645631691958279,0.19495416322358672,0.03115799654343484,2.7852532053716406
def_t65_sl8_mp3,092460,BUY,2024-12-26,7952.0966796875,2025-03-17,8867.79296875,12.5753,11180.61,11.18,10,time_exit,2024,0.10608020716149147,0.13696805242793064,0.30335365658464375,0.024874382560418292,2.625242729359925
def_t65_sl8_mp3,284740,BUY,2025-02-28,21055.90625,2025-03-24,20103.150390625,4.749261,-4811.31,-4.81,3,regime_risk_off,2025,0.0728155808387918,0.1444847468016528,0.1068578606743742,0.017499183453368865,16.85767567065392
def_t65_sl8_mp3,052220,BUY,2025-02-28,3975.0,2025-03-24,4125.0,25.157233,3462.26,3.46,3,regime_risk_off,2025,0.06998654104979818,0.14388489208633093,0.6358024691358024,0.021822770379917072,3.068607383856414
def_t65_sl8_mp3,036170,BUY,2025-03-17,1029.0,2025-03-24,882.0,97.18173,-14542.86,-14.54,1,stop_loss,2025,0.08773784355179703,0.2220902612826603,0.2382671480144405,0.014104330806593767,4.54970577773895
def_t65_sl8_mp3,900310,BUY,2025-04-14,4635.0,2025-04-21,4050.0,21.574973,-12883.5,-12.88,1,stop_loss,2025,0.06551724137931036,0.10488676996424307,0.2928870292887029,0.021352904680513547,4.909895810043375
def_t65_sl8_mp3,024800,BUY,2025-04-21,2130.0,2025-05-22,2675.0,46.948357,25210.09,25.21,4,take_profit,2025,0.11518324607329844,0.1588683351468989,0.13297872340425543,0.017835835696250628,5.676151568413219
def_t65_sl8_mp3,424760,BUY,2025-04-14,1970.0,2025-05-29,1786.0,50.761421,-9612.08,-9.61,6,stop_loss,2025,-0.012036108324974926,0.2056303549571603,-0.03431372549019607,0.037705186472781205,5.633963673600523
def_t65_sl8_mp3,084440,BUY,2025-04-14,1254.867919921875,2025-06-30,1216.603759765625,79.689662,-3340.11,-3.34,10,time_exit,2025,0.0885106234285633,0.14605738203495822,0.2514677072151683,0.03218675169186579,3.792089175610461
def_t65_sl8_mp3,054800,BUY,2025-05-29,10174.154296875,2025-07-14,14027.26171875,9.828827,37457.91,37.46,6,take_profit,2025,0.07636746614711742,0.16797309241288017,0.11550801955813261,0.015403780188167602,3.790160282508997
def_t65_sl8_mp3,009200,BUY,2025-07-14,2334.211181640625,2025-07-21,2141.650390625,42.841025,-8524.75,-8.52,1,stop_loss,2025,0.15046298928506818,0.14516132509599977,0.20338980597539513,0.01929903128904259,10.127712930977408
def_t65_sl8_mp3,256840,BUY,2025-07-21,5473.2216796875,2025-07-28,5030.2451171875,18.270775,-8369.24,-8.37,1,stop_loss,2025,0.09448817898149486,0.06923078757481482,0.3544457462949471,0.019802820951463716,8.106700477127891
def_t65_sl8_mp3,053980,BUY,2025-05-22,3605.199462890625,2025-08-04,3422.779296875,27.737716,-5344.74,-5.34,10,time_exit,2025,0.10930580875545637,0.17343753402054918,0.0622347901260607,0.015386067455450958,4.938624054874671
def_t65_sl8_mp3,102260,BUY,2025-06-30,4287.14208984375,2025-08-11,4110.95849609375,23.325562,-4397.25,-4.4,6,regime_risk_off,2025,0.050068385480750655,0.0922756917641423,0.23350525942679523,0.013173210652855023,4.49756704040138
def_t65_sl8_mp3,059210,BUY,2025-07-28,5790.634765625,2025-08-11,5614.56787109375,17.269264,-3331.42,-3.33,2,regime_risk_off,2025,0.08424913917207277,0.09629627164495558,0.2569002906216671,0.01783062905210169,8.39889347748025
def_t65_sl8_mp3,307930,BUY,2025-08-04,7209.33984375,2025-08-11,6410.46728515625,13.870896,-11347.83,-11.35,1,stop_loss,2025,0.12633182705449308,0.25000004233061524,0.22314047122054426,0.026681178069096707,30.87802992530886
def_t65_sl8_mp3,032350,BUY,2025-08-26,17070.0,2025-09-02,15260.0,5.858231,-10871.59,-10.87,1,stop_loss,2025,0.04723926380368093,0.02522522522522519,0.44661016949152543,0.02708312578528388,2.923843766115898
def_t65_sl8_mp3,031440,BUY,2025-08-26,41427.265625,2025-10-01,37255.0859375,2.413869,-10340.88,-10.34,5,stop_loss,2025,0.13746632635780243,0.11640209078144914,0.20571432404369694,0.027284372640103825,3.1279551400580146
def_t65_sl8_mp3,080220,BUY,2025-09-02,16690.0,2025-10-15,22550.0,5.991612,34705.51,34.71,5,take_profit,2025,0.1786723163841808,0.14471879286694111,0.2102973168963016,0.024485168625118167,3.4375507190896895
def_t65_sl8_mp3,454910,BUY,2025-08-26,64600.0,2025-11-05,81400.0,1.547988,25628.17,25.63,9,take_profit,2025,0.0713101160862355,0.0713101160862355,0.35146443514644354,0.019690637197631804,4.989870505476511
def_t65_sl8_mp3,008370,BUY,2025-10-01,4699.3203125,2025-11-26,4944.1748046875,21.279673,4894.79,4.89,7,regime_risk_off,2025,0.029927721482914116,0.15606504815452205,0.1652297344123017,0.011344039715538039,2.75391312779737
def_t65_sl8_mp3,388720,BUY,2025-10-15,84400.0,2025-11-26,73000.0,1.184834,-13766.59,-13.77,6,stop_loss,2025,0.25037037037037035,0.15934065934065944,0.1937765205091937,0.03399887873111422,5.384551098423157
def_t65_sl8_mp3,170900,BUY,2025-11-05,48195.70703125,2025-11-26,50352.3203125,2.074874,4161.28,4.16,3,regime_risk_off,2025,0.09946533165922733,0.13465790546513845,0.11739133191087014,0.016574809851787796,5.620670975749576
def_t65_sl8_mp3,016250,BUY,2025-12-03,15000.0,2026-02-19,18380.0,6.666667,22165.73,22.17,10,take_profit,2025,0.10294117647058831,0.21457489878542502,-0.011857707509881465,0.023116614320721603,5.186018252798676
def_t65_sl8_mp3,054800,BUY,2025-12-03,12173.8681640625,2026-02-19,14610.0,8.214316,19651.12,19.65,10,take_profit,2025,0.08333331160764446,0.15341956410025337,0.06303243116576396,0.015819296464383573,3.465013497287769
def_t65_sl8_mp3,002290,BUY,2025-12-03,3742.802001953125,2026-02-19,3775.0,26.717951,557.68,0.56,10,time_exit,2025,0.06729481078991006,0.09681886751010849,0.16275662170598482,0.010653503355928889,67.89768420853922
def_t65_sl8_mp3,016250,BUY,2026-02-19,18380.0,2026-03-27,16840.0,5.440696,-8653.54,-8.65,5,stop_loss,2026,0.13247073321010472,0.23025435073627842,0.38195488721804516,0.023953348446968004,3.5096042044556066
def_t65_sl8_mp3,003690,BUY,2026-02-19,13161.5986328125,2026-04-10,11940.0,7.597861,-9553.69,-9.55,7,stop_loss,2026,0.08954036233513785,0.25113737423622706,0.21145370647938955,0.017301966366982745,3.1336288749657455
def_t65_sl8_mp3,027740,BUY,2026-02-19,1756.0,2026-04-10,1612.0,56.947608,-8475.85,-8.48,7,stop_loss,2026,0.11139240506329107,0.15374507227332468,0.13144329896907214,0.028459087331258827,29.43641887335614
def_t65_sl8_mp3,424760,BUY,2026-03-27,2550.0,2026-04-24,3774.0,39.215686,47556.0,47.56,4,take_profit,2026,0.19606003752345225,0.2737262737262738,0.2295081967213115,0.04636669013987144,5.41220085738657
def_t65_sl8_mp3,044450,BUY,2026-04-10,12640.0,2026-05-12,11470.0,7.911392,-9528.56,-9.53,4,stop_loss,2026,0.11660777385159005,0.19696969696969702,0.45120551090700345,0.028545803067671727,22.00260287713286
def_t65_sl8_mp3,091590,BUY,2026-04-10,4195.0,2026-05-19,3730.0,23.837902,-11351.37,-11.35,5,stop_loss,2026,0.08397932816537468,0.16689847009735748,0.09960681520314552,0.019156824424925434,3.9013932556206057
def_t65_sl8_mp3,012610,BUY,2026-04-24,4845.0,2026-05-19,5380.0,20.639835,10709.18,10.71,3,regime_risk_off,2026,0.1254355400696865,0.22658227848101276,0.07547169811320753,0.028340132883539766,4.982013257974544
def_t65_sl8_mp3,228850,BUY,2026-05-12,6320.0,2026-05-19,6640.0,15.822785,4748.1,4.75,1,regime_risk_off,2026,0.024311183144246407,0.05333333333333323,0.24654832347140032,0.015717237755584444,50.230637659911956
