status,rows,first_date,last_date,final_value_krw,total_return_pct,cagr_pct,max_drawdown_pct,sharpe,trades,profit_factor,buyhold_return_pct,invested_days_pct,outperformed_buyhold,code,name,market,yfinance_symbol,violations
PASS,974.0,2022-01-04,2025-12-30,519576.43,-48.04,-15.15,-79.18,-0.01,21.0,0.997,-40.3,43.33,False,340360,다보링크,KOSDAQ,340360.KQ,
PASS,974.0,2022-01-04,2025-12-30,1021323.92,2.13,0.53,-26.06,0.133,16.0,1.035,-15.88,47.02,True,126560,현대퓨처넷,KOSPI,126560.KS,
PASS,535.0,2023-10-19,2025-12-30,657933.24,-34.21,-17.34,-71.53,-0.011,10.0,0.997,-14.98,48.79,False,416180,신성에스티,KOSDAQ,416180.KQ,
PASS,974.0,2022-01-04,2025-12-30,375448.04,-62.46,-21.79,-71.94,-0.654,21.0,0.825,-68.96,38.4,True,042420,네오위즈홀딩스,KOSDAQ,042420.KQ,
PASS,974.0,2022-01-04,2025-12-30,979972.43,-2.0,-0.51,-66.18,0.171,17.0,1.054,-66.02,36.76,True,011690,와이투솔루션,KOSPI,011690.KS,
PASS,974.0,2022-01-04,2025-12-30,312595.46,-68.74,-25.3,-72.56,-0.97,31.0,0.779,-20.01,44.05,False,011780,금호석유화학,KOSPI,011780.KS,
PASS,638.0,2023-05-17,2025-12-30,619956.22,-38.0,-16.66,-40.46,-0.922,13.0,0.662,-12.53,44.2,False,446840,지슨,KOSDAQ,446840.KQ,
PASS,974.0,2022-01-04,2025-12-30,676102.49,-32.39,-9.35,-37.52,-0.494,12.0,0.835,-55.05,27.93,True,043650,국순당,KOSDAQ,043650.KQ,
PASS,974.0,2022-01-04,2025-12-30,232000.1,-76.8,-30.68,-77.71,-1.38,14.0,0.386,-34.25,12.42,False,041590,플래스크,KOSDAQ,041590.KQ,
PASS,974.0,2022-01-04,2025-12-30,1360146.45,36.01,8.02,-52.97,0.386,17.0,1.139,50.41,40.45,False,012030,DB,KOSPI,012030.KS,
PASS,279.0,2024-11-06,2025-12-30,838315.88,-16.17,-14.25,-16.31,-2.008,6.0,0.414,-52.43,15.41,True,475560,더본코리아,KOSPI,475560.KS,
PASS,974.0,2022-01-04,2025-12-30,344697.42,-65.53,-23.45,-70.04,-0.971,12.0,0.666,-88.81,18.07,True,106080,케이이엠텍,KOSDAQ,106080.KQ,
PASS,974.0,2022-01-04,2025-12-30,606089.41,-39.39,-11.8,-45.03,-0.315,20.0,0.89,-38.7,36.45,False,014910,성문전자,KOSPI,014910.KS,
PASS,974.0,2022-01-04,2025-12-30,1341491.94,34.15,7.65,-36.9,0.393,18.0,1.158,12.94,33.16,True,015590,DKME,KOSPI,015590.KS,
PASS,974.0,2022-01-04,2025-12-30,637416.22,-36.26,-10.68,-60.31,0.055,16.0,1.023,-54.72,27.1,True,082660,코스나인,KOSDAQ,082660.KQ,
PASS,974.0,2022-01-04,2025-12-30,672047.63,-32.8,-9.49,-46.22,-0.465,21.0,0.872,-13.95,40.76,False,140520,대창스틸,KOSDAQ,140520.KQ,
PASS,86.0,2025-08-22,2025-12-30,1000000.0,0.0,0.0,0.0,0.0,0.0,,-43.29,0.0,True,397810,애드포러스,KOSDAQ,397810.KQ,
PASS,974.0,2022-01-04,2025-12-30,724242.19,-27.58,-7.77,-47.76,-0.023,15.0,0.992,-38.98,46.61,True,053800,안랩,KOSDAQ,053800.KQ,
PASS,618.0,2023-06-16,2025-12-30,732628.78,-26.74,-11.53,-37.4,-0.338,10.0,0.911,-36.21,41.59,True,460860,동국제강,KOSPI,460860.KS,
PASS,974.0,2022-01-04,2025-12-30,1163978.39,16.4,3.88,-54.26,0.291,16.0,1.088,-59.11,38.81,True,064290,인텍플러스,KOSDAQ,064290.KQ,
PASS,974.0,2022-01-04,2025-12-30,1370611.68,37.06,8.23,-40.06,0.404,10.0,1.146,66.07,31.72,False,103230,에스앤더블류,KOSDAQ,103230.KQ,
PASS,974.0,2022-01-04,2025-12-30,739547.62,-26.05,-7.29,-78.03,0.122,17.0,1.039,-43.82,41.27,True,227610,아우딘퓨쳐스,KOSDAQ,227610.KQ,
PASS,974.0,2022-01-04,2025-12-30,458579.76,-54.14,-17.76,-63.16,-0.741,23.0,0.833,-32.4,49.08,False,004000,롯데정밀화학,KOSPI,004000.KS,
PASS,974.0,2022-01-04,2025-12-30,838782.04,-16.12,-4.31,-55.96,0.058,16.0,1.027,-80.46,26.28,True,042040,케이피엠테크,KOSDAQ,042040.KQ,
PASS,974.0,2022-01-04,2025-12-30,1506020.57,50.6,10.82,-27.56,0.538,16.0,1.129,179.73,53.8,False,005830,DB손해보험,KOSPI,005830.KS,
PASS,974.0,2022-01-04,2025-12-30,1204320.29,20.43,4.77,-40.97,0.301,6.0,1.242,-18.04,10.27,True,005030,부산주공,KOSPI,005030.KS,
PASS,974.0,2022-01-04,2025-12-30,1066636.28,6.66,1.63,-12.29,0.197,19.0,1.068,1.3,46.71,True,007590,동방아그로,KOSPI,007590.KS,
PASS,974.0,2022-01-04,2025-12-30,524940.1,-47.51,-14.93,-50.54,-0.663,24.0,0.836,-51.83,38.71,True,080160,모두투어,KOSDAQ,080160.KQ,
PASS,974.0,2022-01-04,2025-12-30,2462167.93,146.22,25.36,-26.57,1.214,13.0,1.315,196.62,67.56,False,005389,현대차3우B,KOSPI,005389.KS,
PASS,834.0,2022-08-01,2025-12-30,643225.52,-35.68,-12.12,-47.9,-0.35,12.0,0.856,-86.95,21.22,True,368600,아이씨에이치,KOSDAQ,368600.KQ,
PASS,974.0,2022-01-04,2025-12-30,558850.85,-44.11,-13.58,-59.11,-0.374,21.0,0.866,-50.14,35.52,True,032280,삼일,KOSDAQ,032280.KQ,
PASS,820.0,2022-08-22,2025-12-30,490410.95,-50.96,-19.13,-64.36,-0.38,15.0,0.861,-72.77,25.98,True,129920,대성하이텍,KOSDAQ,129920.KQ,
PASS,663.0,2023-04-10,2025-12-30,993694.63,-0.63,-0.23,-17.29,0.082,17.0,1.02,47.31,53.7,False,453340,현대그린푸드,KOSPI,453340.KS,
PASS,974.0,2022-01-04,2025-12-30,445579.66,-55.44,-18.35,-61.46,-0.338,20.0,0.904,-71.09,34.5,True,263720,디앤씨미디어,KOSDAQ,263720.KQ,
PASS,428.0,2024-03-26,2025-12-30,953231.06,-4.68,-2.68,-28.12,0.079,9.0,1.024,-52.85,30.84,True,455900,엔젤로보틱스,KOSDAQ,455900.KQ,
PASS,974.0,2022-01-04,2025-12-30,787996.34,-21.2,-5.8,-45.15,-0.211,19.0,0.95,-32.16,52.05,True,005750,대림바스,KOSPI,005750.KS,
PASS,625.0,2023-06-07,2025-12-30,628017.62,-37.2,-16.58,-39.15,-1.078,10.0,0.678,-71.37,23.52,True,405920,나라셀라,KOSDAQ,405920.KQ,
PASS,974.0,2022-01-04,2025-12-30,1674360.68,67.44,13.8,-40.05,0.562,21.0,1.143,121.4,55.34,False,001040,CJ,KOSPI,001040.KS,
PASS,974.0,2022-01-04,2025-12-30,560153.88,-43.98,-13.53,-44.47,-0.517,14.0,0.787,-48.4,20.43,True,036690,코맥스,KOSDAQ,036690.KQ,
PASS,974.0,2022-01-04,2025-12-30,272915.22,-72.71,-27.8,-89.05,-0.389,20.0,0.888,-59.8,44.46,False,072770,멤레이비티,KOSDAQ,072770.KQ,
PASS,974.0,2022-01-04,2025-12-30,2105514.7,110.55,20.54,-38.78,0.647,22.0,1.185,58.95,47.54,True,067310,하나마이크론,KOSDAQ,067310.KQ,
PASS,974.0,2022-01-04,2025-12-30,982351.39,-1.76,-0.45,-45.97,0.148,17.0,1.049,-49.45,34.6,True,263600,덕우전자,KOSDAQ,263600.KQ,
PASS,974.0,2022-01-04,2025-12-30,861978.74,-13.8,-3.66,-56.3,0.156,21.0,1.046,-20.28,51.33,True,217730,강스템바이오텍,KOSDAQ,217730.KQ,
PASS,974.0,2022-01-04,2025-12-30,388998.36,-61.1,-21.09,-64.8,-0.502,21.0,0.848,-56.58,37.47,False,039560,다산네트웍스,KOSDAQ,039560.KQ,
PASS,974.0,2022-01-04,2025-12-30,1876470.94,87.65,17.1,-70.38,0.571,21.0,1.165,20.99,47.54,True,140410,메지온,KOSDAQ,140410.KQ,
PASS,974.0,2022-01-04,2025-12-30,573584.01,-42.64,-13.02,-59.3,-0.356,19.0,0.89,-59.21,36.04,True,040160,누리플렉스,KOSDAQ,040160.KQ,
PASS,974.0,2022-01-04,2025-12-30,646813.45,-35.32,-10.35,-70.56,-0.062,16.0,0.983,-43.41,39.22,True,045970,코아시아,KOSDAQ,045970.KQ,
PASS,974.0,2022-01-04,2025-12-30,1273622.22,27.36,6.26,-31.5,0.347,19.0,1.089,257.74,59.45,False,092460,한라IMS,KOSDAQ,092460.KQ,
PASS,974.0,2022-01-04,2025-12-30,632782.73,-36.72,-10.85,-43.15,-0.249,17.0,0.93,-79.69,41.68,True,238090,앤디포스,KOSDAQ,238090.KQ,
PASS,974.0,2022-01-04,2025-12-30,275482.15,-72.45,-27.63,-73.28,-0.975,21.0,0.777,-30.8,48.97,False,378850,화승알앤에이,KOSPI,378850.KS,
PASS,974.0,2022-01-04,2025-12-30,615735.1,-38.43,-11.45,-52.61,-0.36,20.0,0.885,-65.97,30.8,True,154030,아시아종묘,KOSDAQ,154030.KQ,
PASS,974.0,2022-01-04,2025-12-30,636525.91,-36.35,-10.71,-53.77,-0.29,19.0,0.914,-29.45,35.73,False,120110,코오롱인더,KOSPI,120110.KS,
PASS,974.0,2022-01-04,2025-12-30,776845.5,-22.32,-6.14,-33.54,-0.328,19.0,0.923,3.49,50.21,False,234080,JW생명과학,KOSPI,234080.KS,
PASS,974.0,2022-01-04,2025-12-30,1197750.73,19.78,4.63,-35.45,0.334,17.0,1.096,51.28,54.62,False,016800,퍼시스,KOSPI,016800.KS,
PASS,974.0,2022-01-04,2025-12-30,660667.57,-33.93,-9.88,-51.44,-0.189,19.0,0.926,-54.96,28.34,True,196700,웹스,KOSDAQ,196700.KQ,
PASS,974.0,2022-01-04,2025-12-30,1506809.86,50.68,10.83,-50.64,0.452,20.0,1.136,114.12,45.07,False,032820,우리기술,KOSDAQ,032820.KQ,
PASS,974.0,2022-01-04,2025-12-30,963540.23,-3.65,-0.93,-23.07,-0.003,19.0,0.999,-5.99,40.97,True,002600,조흥,KOSPI,002600.KS,
PASS,974.0,2022-01-04,2025-12-30,494824.44,-50.52,-16.18,-53.19,-0.379,20.0,0.886,-58.0,34.6,True,133750,메가엠디,KOSDAQ,133750.KQ,
PASS,974.0,2022-01-04,2025-12-30,620266.53,-37.97,-11.29,-57.02,-0.054,21.0,0.981,-18.7,36.24,False,048430,유라테크,KOSDAQ,048430.KQ,
PASS,974.0,2022-01-04,2025-12-30,456614.76,-54.34,-17.85,-66.2,-0.611,23.0,0.818,-53.99,47.23,False,264450,유비쿼스,KOSDAQ,264450.KQ,
PASS,974.0,2022-01-04,2025-12-30,807849.25,-19.22,-5.21,-38.02,0.058,12.0,1.023,-92.15,24.23,True,063080,컴투스홀딩스,KOSDAQ,063080.KQ,
PASS,974.0,2022-01-04,2025-12-30,594684.67,-40.53,-12.22,-56.35,-0.24,19.0,0.931,-17.26,36.65,False,000490,대동,KOSPI,000490.KS,
PASS,974.0,2022-01-04,2025-12-30,529359.84,-47.06,-14.75,-61.07,-0.58,21.0,0.772,-47.41,32.44,True,002760,보락,KOSPI,002760.KS,
PASS,974.0,2022-01-04,2025-12-30,1848262.48,84.83,16.66,-35.13,0.615,13.0,1.186,37.46,47.43,True,190510,나무가,KOSDAQ,190510.KQ,
PASS,974.0,2022-01-04,2025-12-30,1192495.99,19.25,4.52,-34.56,0.304,20.0,1.086,3.29,50.72,True,001200,유진투자증권,KOSPI,001200.KS,
PASS,974.0,2022-01-04,2025-12-30,1790372.72,79.04,15.73,-51.12,0.531,18.0,1.234,-30.41,35.63,True,011230,삼화전자,KOSPI,011230.KS,
PASS,974.0,2022-01-04,2025-12-30,486393.12,-51.36,-16.54,-54.25,-1.321,18.0,0.637,-51.37,31.62,True,027970,한국제지,KOSPI,027970.KS,
PASS,974.0,2022-01-04,2025-12-30,641242.58,-35.88,-10.55,-56.61,-0.12,18.0,0.966,29.44,42.3,False,179290,엠아이텍,KOSDAQ,179290.KQ,
PASS,974.0,2022-01-04,2025-12-30,1461667.38,46.17,9.99,-38.83,0.47,14.0,1.135,-8.35,44.46,True,317870,엔바이오니아,KOSDAQ,317870.KQ,
PASS,974.0,2022-01-04,2025-12-30,755856.0,-24.41,-6.78,-39.19,-0.07,15.0,0.978,-68.81,33.37,True,032680,소프트센,KOSDAQ,032680.KQ,
PASS,282.0,2024-11-01,2025-12-30,744852.81,-25.51,-22.41,-30.28,-1.244,7.0,0.679,-39.43,31.56,True,336680,탑런토탈솔루션,KOSDAQ,336680.KQ,
PASS,338.0,2024-08-06,2025-12-30,707751.58,-29.22,-21.89,-42.93,-0.706,4.0,0.775,-75.37,21.3,True,460470,아이빔테크놀로지,KOSDAQ,460470.KQ,
PASS,974.0,2022-01-04,2025-12-30,469571.1,-53.04,-17.27,-59.94,-0.428,10.0,0.839,-62.73,23.31,True,091970,나노캠텍,KOSDAQ,091970.KQ,
PASS,974.0,2022-01-04,2025-12-30,938167.12,-6.18,-1.59,-37.16,0.109,15.0,1.034,-40.06,37.58,True,001780,알루코,KOSPI,001780.KS,
PASS,974.0,2022-01-04,2025-12-30,823079.54,-17.69,-4.77,-50.25,0.096,22.0,1.032,-51.53,39.63,True,175140,휴먼테크놀로지,KOSDAQ,175140.KQ,
PASS,974.0,2022-01-04,2025-12-30,610856.66,-38.91,-11.63,-57.37,-0.339,23.0,0.888,-15.87,47.43,False,039340,한국경제TV,KOSDAQ,039340.KQ,
PASS,974.0,2022-01-04,2025-12-30,4563002.57,356.3,46.35,-40.49,1.03,20.0,1.368,295.65,41.68,True,080220,제주반도체,KOSDAQ,080220.KQ,
PASS,974.0,2022-01-04,2025-12-30,790259.64,-20.97,-5.73,-20.97,-0.871,4.0,0.164,-32.02,1.23,True,208860,다산디엠씨,KOSDAQ,208860.KQ,
PASS,974.0,2022-01-04,2025-12-30,736277.27,-26.37,-7.39,-44.5,-0.176,22.0,0.954,28.12,47.23,False,003920,남양유업,KOSPI,003920.KS,
PASS,974.0,2022-01-04,2025-12-30,1336672.55,33.67,7.55,-28.37,0.43,15.0,1.134,52.81,42.71,False,058650,세아홀딩스,KOSPI,058650.KS,
PASS,974.0,2022-01-04,2025-12-30,211281.27,-78.87,-32.29,-80.64,-1.215,18.0,0.686,-79.52,32.14,True,051380,피씨디렉트,KOSDAQ,051380.KQ,
PASS,974.0,2022-01-04,2025-12-30,740300.77,-25.97,-7.27,-56.23,-0.018,22.0,0.995,-13.72,44.15,False,053080,케이엔솔,KOSDAQ,053080.KQ,
PASS,974.0,2022-01-04,2025-12-30,502811.92,-49.72,-15.84,-49.72,-0.721,14.0,0.744,-73.42,23.82,True,215480,토박스코리아,KOSDAQ,215480.KQ,
PASS,974.0,2022-01-04,2025-12-30,542971.04,-45.7,-14.2,-60.69,-0.461,17.0,0.876,1.84,44.76,False,002290,삼일기업공사,KOSDAQ,002290.KQ,
PASS,974.0,2022-01-04,2025-12-30,363276.99,-63.67,-22.43,-68.73,-0.812,24.0,0.737,-81.0,23.0,True,317120,라닉스,KOSDAQ,317120.KQ,
PASS,974.0,2022-01-04,2025-12-30,110449.89,-88.96,-42.46,-92.71,-0.536,18.0,0.787,-51.35,37.47,False,091810,트리니티항공,KOSPI,091810.KS,
PASS,974.0,2022-01-04,2025-12-30,638769.81,-36.12,-10.63,-44.26,-0.614,16.0,0.823,-65.14,28.44,True,298540,더네이쳐홀딩스,KOSDAQ,298540.KQ,
PASS,974.0,2022-01-04,2025-12-30,493392.47,-50.66,-16.24,-63.0,-0.489,20.0,0.879,50.43,42.92,False,000370,한화손해보험,KOSPI,000370.KS,
PASS,974.0,2022-01-04,2025-12-30,1881386.97,88.14,17.18,-22.89,0.786,25.0,1.193,145.5,58.52,False,055550,신한지주,KOSPI,055550.KS,
PASS,156.0,2025-05-13,2025-12-30,3439831.32,243.98,605.27,-28.49,2.823,1.0,2.149,320.95,40.38,False,376900,로킷헬스케어,KOSDAQ,376900.KQ,
PASS,974.0,2022-01-04,2025-12-30,840280.51,-15.97,-4.27,-27.23,-0.16,17.0,0.954,-22.93,35.52,True,024800,유성티엔에스,KOSDAQ,024800.KQ,
PASS,974.0,2022-01-04,2025-12-30,743078.06,-25.69,-7.18,-38.3,-0.268,21.0,0.915,-53.39,30.18,True,285130,SK케미칼,KOSPI,285130.KS,
PASS,974.0,2022-01-04,2025-12-30,631729.42,-36.83,-10.88,-52.88,-0.394,19.0,0.895,-9.14,45.79,False,123700,SJM,KOSPI,123700.KS,
PASS,974.0,2022-01-04,2025-12-30,1331065.55,33.11,7.44,-33.17,0.374,16.0,1.123,42.79,47.64,False,009780,엠에스씨,KOSDAQ,009780.KQ,
PASS,974.0,2022-01-04,2025-12-30,2662807.28,166.28,27.85,-54.11,0.723,19.0,1.23,152.98,40.14,True,174900,앱클론,KOSDAQ,174900.KQ,
PASS,974.0,2022-01-04,2025-12-30,520689.39,-47.93,-15.1,-53.49,-0.457,17.0,0.851,330.32,33.78,False,182400,엔케이젠바이오텍코리아,KOSDAQ,182400.KQ,
PASS,974.0,2022-01-04,2025-12-30,814294.28,-18.57,-5.02,-38.91,-0.009,14.0,0.997,-51.48,32.44,True,089150,케이씨티,KOSDAQ,089150.KQ,
PASS,974.0,2022-01-04,2025-12-30,863070.9,-13.69,-3.63,-44.24,0.024,16.0,1.008,-68.32,37.89,True,057540,옴니시스템,KOSDAQ,057540.KQ,
PASS,974.0,2022-01-04,2025-12-30,331708.89,-66.83,-24.18,-66.83,-0.571,20.0,0.801,-89.54,26.28,True,276730,한울앤제주,KOSDAQ,276730.KQ,
PASS,974.0,2022-01-04,2025-12-30,409485.63,-59.05,-20.07,-61.2,-0.432,22.0,0.89,-38.33,43.43,False,078600,대주전자재료,KOSDAQ,078600.KQ,
PASS,974.0,2022-01-04,2025-12-30,862704.29,-13.73,-3.64,-43.38,-0.03,13.0,0.99,-76.16,36.14,True,270870,뉴트리,KOSDAQ,270870.KQ,
PASS,469.0,2024-01-24,2025-12-30,582606.32,-41.74,-24.38,-75.49,-0.295,8.0,0.915,-3.35,42.22,False,457550,우진엔텍,KOSDAQ,457550.KQ,
PASS,974.0,2022-01-04,2025-12-30,454080.74,-54.59,-17.97,-64.06,-0.73,21.0,0.789,-38.8,39.63,False,155650,와이엠씨,KOSDAQ,155650.KQ,
PASS,974.0,2022-01-04,2025-12-30,894569.85,-10.54,-2.76,-28.09,-0.082,20.0,0.979,13.71,58.62,False,008370,원풍,KOSDAQ,008370.KQ,
PASS,187.0,2025-03-26,2025-12-30,887716.2,-11.23,-14.44,-29.85,-0.065,2.0,0.978,42.31,28.34,False,462860,더즌,KOSDAQ,462860.KQ,
PASS,974.0,2022-01-04,2025-12-30,591183.97,-40.88,-12.35,-48.49,-0.257,14.0,0.891,-67.85,25.56,True,119650,KC코트렐,KOSPI,119650.KS,
PASS,974.0,2022-01-04,2025-12-30,2937199.98,193.72,31.03,-62.17,0.898,12.0,1.247,195.76,49.9,False,336570,원텍,KOSDAQ,336570.KQ,
PASS,974.0,2022-01-04,2025-12-30,680051.82,-31.99,-9.22,-43.99,-0.355,20.0,0.898,-31.0,43.02,False,088910,동우팜투테이블,KOSDAQ,088910.KQ,
PASS,974.0,2022-01-04,2025-12-30,466516.51,-53.35,-17.41,-55.1,-0.908,6.0,0.506,-85.47,6.78,True,121800,비덴트,KOSDAQ,121800.KQ,
PASS,974.0,2022-01-04,2025-12-30,504324.42,-49.57,-15.78,-62.77,-0.272,22.0,0.918,-73.62,36.96,True,088390,이녹스,KOSDAQ,088390.KQ,
PASS,974.0,2022-01-04,2025-12-30,506375.67,-49.36,-15.69,-50.76,-0.592,16.0,0.805,-66.85,30.18,True,130500,GH신소재,KOSDAQ,130500.KQ,
PASS,974.0,2022-01-04,2025-12-30,290384.29,-70.96,-26.67,-71.07,-1.023,20.0,0.722,-49.73,33.06,False,060590,씨티씨바이오,KOSDAQ,060590.KQ,
PASS,974.0,2022-01-04,2025-12-30,581748.2,-41.83,-12.71,-63.32,-0.421,25.0,0.893,12.22,43.53,False,034730,SK,KOSPI,034730.KS,
PASS,974.0,2022-01-04,2025-12-30,932469.31,-6.75,-1.74,-33.22,-0.045,15.0,0.988,-8.44,39.43,True,035250,강원랜드,KOSPI,035250.KS,
PASS,974.0,2022-01-04,2025-12-30,645250.68,-35.47,-10.41,-55.01,-0.382,14.0,0.832,-73.59,17.45,True,122350,삼기,KOSDAQ,122350.KQ,
PASS,974.0,2022-01-04,2025-12-30,590019.02,-41.0,-12.4,-51.67,-0.261,21.0,0.893,-51.19,28.23,True,014190,원익큐브,KOSDAQ,014190.KQ,
PASS,974.0,2022-01-04,2025-12-30,845689.03,-15.43,-4.12,-36.18,-0.149,21.0,0.968,17.81,55.03,False,012750,에스원,KOSPI,012750.KS,
PASS,974.0,2022-01-04,2025-12-30,697627.83,-30.24,-8.64,-34.38,-0.385,14.0,0.901,-48.89,40.04,True,019680,대교,KOSPI,019680.KS,
PASS,717.0,2023-01-19,2025-12-30,708568.42,-29.14,-11.04,-53.29,-0.177,10.0,0.955,-42.8,38.63,True,425040,티이엠씨,KOSDAQ,425040.KQ,
PASS,974.0,2022-01-04,2025-12-30,769243.39,-23.08,-6.37,-50.06,-0.074,15.0,0.977,-34.31,43.43,True,024120,KB오토시스,KOSDAQ,024120.KQ,
PASS,974.0,2022-01-04,2025-12-30,540540.95,-45.95,-14.3,-55.59,-0.343,22.0,0.897,-69.28,31.31,True,321550,티움바이오,KOSDAQ,321550.KQ,
PASS,974.0,2022-01-04,2025-12-30,784055.23,-21.59,-5.92,-45.71,-0.072,22.0,0.98,-21.94,45.48,True,017810,풀무원,KOSPI,017810.KS,
PASS,974.0,2022-01-04,2025-12-30,234103.35,-76.59,-30.53,-84.99,-0.276,24.0,0.92,15.96,49.18,False,007390,네이처셀,KOSDAQ,007390.KQ,
PASS,974.0,2022-01-04,2025-12-30,1147447.11,14.74,3.51,-51.06,0.276,23.0,1.064,254.32,60.57,False,047810,한국항공우주,KOSPI,047810.KS,
PASS,974.0,2022-01-04,2025-12-30,712872.83,-28.71,-8.14,-35.49,-0.633,16.0,0.796,-50.98,25.36,True,169330,엠브레인,KOSDAQ,169330.KQ,
PASS,974.0,2022-01-04,2025-12-30,644768.79,-35.52,-10.42,-46.17,-0.319,19.0,0.906,-43.17,39.94,True,053980,오상자이엘,KOSDAQ,053980.KQ,
PASS,974.0,2022-01-04,2025-12-30,586119.55,-41.39,-12.54,-52.53,-0.223,24.0,0.944,74.81,52.77,False,059210,메타바이오메드,KOSDAQ,059210.KQ,
PASS,974.0,2022-01-04,2025-12-30,603899.93,-39.61,-11.88,-47.51,-0.187,19.0,0.948,-44.38,40.25,True,219420,링크제니시스,KOSDAQ,219420.KQ,
PASS,974.0,2022-01-04,2025-12-30,974644.99,-2.54,-0.64,-46.06,0.136,22.0,1.042,5.59,38.71,False,082640,동양생명,KOSPI,082640.KS,
PASS,974.0,2022-01-04,2025-12-30,290390.6,-70.96,-26.67,-74.08,-0.485,22.0,0.829,-4.12,33.06,False,117580,대성에너지,KOSPI,117580.KS,
PASS,974.0,2022-01-04,2025-12-30,1255506.98,25.55,5.87,-31.41,0.339,21.0,1.092,70.46,52.98,False,128940,한미약품,KOSPI,128940.KS,
PASS,974.0,2022-01-04,2025-12-30,930020.42,-7.0,-1.8,-68.75,0.115,17.0,1.035,100.0,37.99,False,187790,나노,KOSDAQ,187790.KQ,
PASS,974.0,2022-01-04,2025-12-30,413989.08,-58.6,-19.85,-59.0,-0.654,22.0,0.802,-57.15,35.11,False,279600,미디어젠,KOSDAQ,279600.KQ,
PASS,974.0,2022-01-04,2025-12-30,740523.62,-25.95,-7.26,-43.83,-0.452,19.0,0.861,-43.5,34.5,True,131180,딜리,KOSDAQ,131180.KQ,
PASS,974.0,2022-01-04,2025-12-30,485761.57,-51.42,-16.57,-67.26,-0.278,22.0,0.925,2.25,46.92,False,099190,아이센스,KOSDAQ,099190.KQ,
PASS,974.0,2022-01-04,2025-12-30,1756492.07,75.65,15.18,-14.55,0.808,15.0,1.216,116.75,64.07,False,033780,KT&G,KOSPI,033780.KS,
PASS,974.0,2022-01-04,2025-12-30,538300.89,-46.17,-14.39,-49.96,-0.796,17.0,0.761,-72.36,28.13,True,104480,티케이케미칼,KOSDAQ,104480.KQ,
PASS,974.0,2022-01-04,2025-12-30,1591040.72,59.1,12.36,-48.25,0.497,20.0,1.123,227.6,53.7,False,014620,성광벤드,KOSDAQ,014620.KQ,
PASS,553.0,2023-09-18,2025-12-30,422866.86,-57.71,-31.4,-64.51,-0.905,6.0,0.66,-88.34,15.55,True,384470,코어라인소프트,KOSDAQ,384470.KQ,
PASS,974.0,2022-01-04,2025-12-30,995022.36,-0.5,-0.13,-50.76,0.2,18.0,1.059,-69.13,41.89,True,067630,HLB생명과학,KOSDAQ,067630.KQ,
PASS,974.0,2022-01-04,2025-12-30,1844565.07,84.46,16.6,-25.94,0.675,14.0,1.179,-5.03,48.46,True,104830,원익머트리얼즈,KOSDAQ,104830.KQ,
PASS,735.0,2022-12-23,2025-12-30,464245.39,-53.58,-22.44,-53.58,-0.728,12.0,0.72,-61.19,21.09,True,162300,신스틸,KOSDAQ,162300.KQ,
PASS,974.0,2022-01-04,2025-12-30,1333468.58,33.35,7.49,-47.99,0.407,18.0,1.129,-11.93,38.6,True,136490,선진,KOSPI,136490.KS,
PASS,974.0,2022-01-04,2025-12-30,417748.23,-58.23,-19.67,-69.17,-0.73,20.0,0.791,-52.07,34.6,False,222980,한국맥널티,KOSDAQ,222980.KQ,
PASS,794.0,2022-09-29,2025-12-30,1173658.15,17.37,5.05,-27.61,0.319,10.0,1.096,-59.04,43.45,True,314140,알피바이오,KOSDAQ,314140.KQ,
PASS,974.0,2022-01-04,2025-12-30,934745.95,-6.53,-1.68,-39.72,0.158,22.0,1.057,-1.93,39.01,False,130660,한전산업,KOSPI,130660.KS,
PASS,974.0,2022-01-04,2025-12-30,243744.98,-75.63,-29.82,-77.57,-0.638,20.0,0.791,-90.24,27.82,True,229000,젠큐릭스,KOSDAQ,229000.KQ,
PASS,974.0,2022-01-04,2025-12-30,767055.0,-23.29,-6.44,-41.36,-0.16,16.0,0.93,-84.64,21.77,True,018700,졸스,KOSDAQ,018700.KQ,
PASS,974.0,2022-01-04,2025-12-30,394888.32,-60.51,-20.79,-60.51,-0.714,18.0,0.765,-67.73,31.42,True,131100,티엔엔터테인먼트,KOSDAQ,131100.KQ,
PASS,633.0,2023-05-24,2025-12-30,364934.21,-63.51,-32.1,-69.32,-0.761,14.0,0.786,-73.7,34.28,True,434480,모니터랩,KOSDAQ,434480.KQ,
PASS,203.0,2025-03-04,2025-12-30,858477.58,-14.15,-16.9,-47.72,-0.03,5.0,0.981,74.65,16.26,False,435570,에르코스,KOSDAQ,435570.KQ,
PASS,974.0,2022-01-04,2025-12-30,1278845.21,27.88,6.36,-43.51,0.364,12.0,1.105,-47.44,40.14,True,014830,유니드,KOSPI,014830.KS,
PASS,545.0,2023-10-04,2025-12-30,404903.4,-59.51,-33.22,-64.05,-1.184,8.0,0.68,-77.7,26.42,True,430690,한싹,KOSDAQ,430690.KQ,
PASS,270.0,2024-11-19,2025-12-30,1105596.83,10.56,9.45,-30.21,0.499,2.0,1.193,-18.86,19.63,True,475660,에스켐,KOSDAQ,475660.KQ,
PASS,974.0,2022-01-04,2025-12-30,438027.81,-56.2,-18.7,-61.75,-0.769,16.0,0.795,-56.42,35.52,True,004430,송원산업,KOSPI,004430.KS,
PASS,974.0,2022-01-04,2025-12-30,796232.19,-20.38,-5.56,-53.82,0.058,22.0,1.015,4.96,47.23,False,219130,타이거일렉,KOSDAQ,219130.KQ,
PASS,974.0,2022-01-04,2025-12-30,874902.88,-12.51,-3.3,-40.14,-0.0,15.0,1.0,-51.48,38.19,True,032620,GC메디아이,KOSDAQ,032620.KQ,
PASS,974.0,2022-01-04,2025-12-30,663388.42,-33.66,-9.78,-58.91,-0.141,19.0,0.96,50.19,44.05,False,194370,제이에스코퍼레이션,KOSPI,194370.KS,
PASS,974.0,2022-01-04,2025-12-30,833825.13,-16.62,-4.46,-32.84,-0.089,17.0,0.974,-41.0,37.68,True,339770,교촌에프앤비,KOSPI,339770.KS,
PASS,974.0,2022-01-04,2025-12-30,988681.93,-1.13,-0.29,-41.88,0.091,17.0,1.025,16.35,41.89,False,244920,에이플러스에셋,KOSPI,244920.KS,
PASS,520.0,2023-11-09,2025-12-30,875303.28,-12.47,-6.03,-43.68,0.064,8.0,1.02,-18.35,35.19,True,413640,비아이매트릭스,KOSDAQ,413640.KQ,
PASS,974.0,2022-01-04,2025-12-30,461639.1,-53.84,-17.63,-62.89,-0.931,21.0,0.681,-54.18,32.85,True,200780,비씨월드제약,KOSDAQ,200780.KQ,
PASS,974.0,2022-01-04,2025-12-30,534527.8,-46.55,-14.54,-58.66,-0.219,19.0,0.932,9.25,41.99,False,047770,코데즈컴바인,KOSDAQ,047770.KQ,
PASS,974.0,2022-01-04,2025-12-30,263229.28,-73.68,-28.45,-73.91,-1.077,18.0,0.7,-72.22,30.08,False,333620,엔시스,KOSDAQ,333620.KQ,
NO_DATA,,,,,,,,,,,,,,394420,리센스메디컬,KOSDAQ,394420.KQ,['no_yfinance_data']
PASS,974.0,2022-01-04,2025-12-30,342189.37,-65.78,-23.59,-66.67,-0.722,18.0,0.768,-68.12,31.01,True,071950,코아스,KOSPI,071950.KS,
PASS,974.0,2022-01-04,2025-12-30,611503.32,-38.85,-11.61,-64.87,-0.343,21.0,0.897,-62.03,35.52,True,036580,팜스코,KOSPI,036580.KS,
PASS,974.0,2022-01-04,2025-12-30,360206.11,-63.98,-22.6,-75.52,-0.414,20.0,0.855,-38.03,36.24,False,052220,iMBC,KOSDAQ,052220.KQ,
PASS,974.0,2022-01-04,2025-12-30,515915.56,-48.41,-15.3,-64.38,-0.408,18.0,0.887,-66.48,49.69,True,104460,디와이피엔에프,KOSDAQ,104460.KQ,
PASS,974.0,2022-01-04,2025-12-30,1278571.08,27.86,6.36,-47.32,0.36,21.0,1.118,19.11,50.0,True,032960,동일기연,KOSDAQ,032960.KQ,
PASS,974.0,2022-01-04,2025-12-30,740728.55,-25.93,-7.25,-35.25,-0.224,17.0,0.943,-18.68,44.76,False,170900,동아에스티,KOSPI,170900.KS,
PASS,974.0,2022-01-04,2025-12-30,905741.21,-9.43,-2.45,-54.31,0.12,22.0,1.033,184.07,51.85,False,000880,한화,KOSPI,000880.KS,
PASS,974.0,2022-01-04,2025-12-30,684843.24,-31.52,-9.06,-37.37,-0.363,19.0,0.908,-42.63,42.2,True,060850,영림원소프트랩,KOSDAQ,060850.KQ,
PASS,974.0,2022-01-04,2025-12-30,1056109.35,5.61,1.38,-42.7,0.227,14.0,1.072,-45.86,37.78,True,060250,NHN KCP,KOSDAQ,060250.KQ,
PASS,974.0,2022-01-04,2025-12-30,446006.32,-55.4,-18.34,-59.84,-0.522,20.0,0.83,-60.65,31.31,True,051490,나라엠앤디,KOSDAQ,051490.KQ,
PASS,974.0,2022-01-04,2025-12-30,364908.6,-63.51,-22.34,-69.84,-0.966,25.0,0.765,-29.92,42.92,False,011320,유니크,KOSDAQ,011320.KQ,
PASS,974.0,2022-01-04,2025-12-30,274100.82,-72.59,-27.72,-73.64,-0.579,16.0,0.792,-93.83,24.13,True,299900,위지윅스튜디오,KOSDAQ,299900.KQ,
PASS,974.0,2022-01-04,2025-12-30,440485.72,-55.95,-18.59,-57.69,-1.142,17.0,0.697,-52.22,32.24,False,225530,HC보광산업,KOSDAQ,225530.KQ,
PASS,974.0,2022-01-04,2025-12-30,534909.97,-46.51,-14.53,-53.44,-0.8,23.0,0.811,-33.82,44.97,False,016450,한세예스24홀딩스,KOSPI,016450.KS,
PASS,974.0,2022-01-04,2025-12-30,76986.91,-92.3,-47.44,-92.37,-0.605,18.0,0.831,-90.66,38.91,False,288330,파라택시스코리아,KOSDAQ,288330.KQ,
PASS,974.0,2022-01-04,2025-12-30,793910.71,-20.61,-5.63,-36.14,-0.35,13.0,0.858,-55.04,16.43,True,306040,에스제이그룹,KOSDAQ,306040.KQ,
PASS,974.0,2022-01-04,2025-12-30,528234.0,-47.18,-14.79,-55.19,-0.541,14.0,0.848,-53.19,40.86,True,035080,그래디언트,KOSDAQ,035080.KQ,
PASS,512.0,2023-11-21,2025-12-30,1062725.04,6.27,2.93,-37.66,0.279,9.0,1.098,-42.07,34.57,True,448280,에코아이,KOSDAQ,448280.KQ,
PASS,974.0,2022-01-04,2025-12-30,625352.61,-37.46,-11.11,-50.0,-0.319,16.0,0.911,-36.09,37.27,False,053270,구영테크,KOSDAQ,053270.KQ,
PASS,974.0,2022-01-04,2025-12-30,640231.02,-35.98,-10.58,-41.67,-0.27,14.0,0.908,-68.24,29.67,True,131370,알서포트,KOSDAQ,131370.KQ,
PASS,974.0,2022-01-04,2025-12-30,718429.03,-28.16,-7.96,-34.81,-0.545,20.0,0.87,-19.22,45.38,False,036670,삼양케이씨아이,KOSDAQ,036670.KQ,
PASS,974.0,2022-01-04,2025-12-30,491085.44,-50.89,-16.34,-85.05,-0.035,17.0,0.988,-9.6,35.63,False,000230,일동홀딩스,KOSPI,000230.KS,
PASS,974.0,2022-01-04,2025-12-30,601037.81,-39.9,-11.99,-46.29,-0.414,21.0,0.861,-53.26,33.88,True,060540,에스에이티,KOSDAQ,060540.KQ,
PASS,974.0,2022-01-04,2025-12-30,999123.51,-0.09,-0.02,-38.93,0.156,17.0,1.055,-26.42,38.19,True,011150,CJ씨푸드,KOSPI,011150.KS,
PASS,974.0,2022-01-04,2025-12-30,792123.12,-20.79,-5.68,-65.62,-0.001,28.0,1.0,23.91,47.33,False,058850,KTcs,KOSPI,058850.KS,
PASS,974.0,2022-01-04,2025-12-30,3177086.37,217.71,33.64,-44.52,0.836,18.0,1.2,1734.02,62.94,False,071970,HD현대마린엔진,KOSPI,071970.KS,
PASS,974.0,2022-01-04,2025-12-30,338076.01,-66.19,-23.82,-66.19,-1.564,8.0,0.396,-78.45,8.73,True,066410,버킷스튜디오,KOSDAQ,066410.KQ,
PASS,974.0,2022-01-04,2025-12-30,412028.51,-58.8,-19.94,-61.65,-1.189,21.0,0.675,-44.09,33.98,False,044960,이글벳,KOSDAQ,044960.KQ,
PASS,974.0,2022-01-04,2025-12-30,802482.7,-19.75,-5.37,-44.31,-0.117,21.0,0.969,5.34,49.28,False,001740,SK네트웍스,KOSPI,001740.KS,
PASS,974.0,2022-01-04,2025-12-30,835174.38,-16.48,-4.42,-57.82,0.097,20.0,1.029,-45.33,38.09,True,014470,부방,KOSDAQ,014470.KQ,
PASS,974.0,2022-01-04,2025-12-30,441144.39,-55.89,-18.56,-55.89,-0.475,20.0,0.845,-72.18,42.61,True,002880,디와이에이,KOSPI,002880.KS,
PASS,926.0,2022-03-18,2025-12-30,2069569.98,106.96,21.18,-46.82,0.623,15.0,1.176,220.0,54.64,False,388720,유일로보틱스,KOSDAQ,388720.KQ,
PASS,974.0,2022-01-04,2025-12-30,544328.29,-45.57,-14.15,-65.37,-0.182,14.0,0.923,-43.58,24.64,False,241820,피씨엘,KOSDAQ,241820.KQ,
PASS,974.0,2022-01-04,2025-12-30,1035831.78,3.58,0.89,-30.54,0.158,16.0,1.05,-12.51,50.82,True,145990,삼양사,KOSPI,145990.KS,
PASS,974.0,2022-01-04,2025-12-30,400467.88,-59.95,-20.51,-59.95,-1.286,20.0,0.637,-74.96,25.36,True,214330,금호에이치티,KOSPI,214330.KS,
PASS,974.0,2022-01-04,2025-12-30,634816.77,-36.52,-10.77,-52.37,-0.116,17.0,0.969,-64.92,43.63,True,032500,케이엠더블유,KOSDAQ,032500.KQ,
PASS,974.0,2022-01-04,2025-12-30,529452.4,-47.05,-14.75,-58.94,-0.762,25.0,0.803,-34.83,38.4,False,034810,해성산업,KOSDAQ,034810.KQ,
PASS,974.0,2022-01-04,2025-12-30,1902596.1,90.26,17.51,-38.5,0.581,16.0,1.269,66.08,39.53,True,039830,오로라,KOSDAQ,039830.KQ,
PASS,974.0,2022-01-04,2025-12-30,1864874.34,86.49,16.92,-40.86,0.581,21.0,1.178,401.14,51.13,False,319400,현대무벡스,KOSDAQ,319400.KQ,
PASS,522.0,2023-11-07,2025-12-30,656095.45,-34.39,-17.83,-35.46,-0.885,6.0,0.717,-82.18,19.54,True,088280,쏘닉스,KOSDAQ,088280.KQ,
PASS,974.0,2022-01-04,2025-12-30,448831.79,-55.12,-18.21,-55.12,-0.852,16.0,0.735,-84.21,25.67,True,115160,휴맥스,KOSDAQ,115160.KQ,
PASS,974.0,2022-01-04,2025-12-30,531106.73,-46.89,-14.68,-51.07,-0.679,18.0,0.841,-56.73,44.15,True,081000,일진다이아,KOSPI,081000.KS,
PASS,974.0,2022-01-04,2025-12-30,848641.54,-15.14,-4.03,-52.94,0.04,21.0,1.01,39.41,48.36,False,036890,진성티이씨,KOSDAQ,036890.KQ,
PASS,974.0,2022-01-04,2025-12-30,685398.1,-31.46,-9.04,-37.0,-0.527,17.0,0.859,-50.56,34.7,True,020000,한섬,KOSPI,020000.KS,
PASS,974.0,2022-01-04,2025-12-30,550725.31,-44.93,-13.9,-50.05,-0.627,17.0,0.833,-47.92,36.14,True,002820,SUN&L,KOSPI,002820.KS,
PASS,974.0,2022-01-04,2025-12-30,367845.12,-63.22,-22.19,-67.31,-1.223,22.0,0.69,-43.57,36.24,False,036170,에이치엠넥스,KOSDAQ,036170.KQ,
PASS,974.0,2022-01-04,2025-12-30,463530.2,-53.65,-17.54,-54.54,-0.808,23.0,0.777,-40.29,39.43,False,067900,와이엔텍,KOSDAQ,067900.KQ,
PASS,647.0,2023-05-03,2025-12-30,978696.57,-2.13,-0.81,-53.85,0.15,11.0,1.048,22.94,36.63,False,298830,슈어소프트테크,KOSDAQ,298830.KQ,
PASS,974.0,2022-01-04,2025-12-30,498777.48,-50.12,-16.01,-50.6,-0.593,16.0,0.838,-76.8,36.34,True,018880,한온시스템,KOSPI,018880.KS,
PASS,974.0,2022-01-04,2025-12-30,371457.72,-62.85,-22.0,-70.06,-0.889,24.0,0.756,-52.84,38.71,False,065530,와이어블,KOSDAQ,065530.KQ,
PASS,697.0,2023-02-20,2025-12-30,791667.15,-20.83,-7.85,-26.7,-0.419,12.0,0.874,-64.01,31.71,True,127980,화인써키트,KOSDAQ,127980.KQ,
PASS,974.0,2022-01-04,2025-12-30,480617.39,-51.94,-16.79,-75.15,-0.174,20.0,0.94,-85.49,29.77,True,189330,씨이랩,KOSDAQ,189330.KQ,
PASS,513.0,2023-11-20,2025-12-30,1184330.92,18.43,8.34,-15.52,0.501,7.0,1.171,-76.69,35.87,True,352090,스톰테크,KOSDAQ,352090.KQ,
PASS,974.0,2022-01-04,2025-12-30,1083909.35,8.39,2.04,-56.54,0.221,19.0,1.057,-19.39,47.74,True,014680,한솔케미칼,KOSPI,014680.KS,
PASS,974.0,2022-01-04,2025-12-30,346296.29,-65.37,-23.36,-76.68,-0.567,19.0,0.829,-39.28,31.83,False,048770,TPC로보틱스,KOSDAQ,048770.KQ,
PASS,974.0,2022-01-04,2025-12-30,374475.71,-62.55,-21.84,-63.11,-1.029,21.0,0.706,-48.6,29.47,False,002420,세기상사,KOSPI,002420.KS,
PASS,974.0,2022-01-04,2025-12-30,435383.62,-56.46,-18.83,-64.36,-0.525,18.0,0.821,-53.58,28.34,False,004540,깨끗한나라,KOSPI,004540.KS,
PASS,974.0,2022-01-04,2025-12-30,647843.48,-35.22,-10.32,-45.11,-0.423,14.0,0.864,-50.8,29.77,True,054940,엑사이엔씨,KOSDAQ,054940.KQ,
PASS,974.0,2022-01-04,2025-12-30,825167.6,-17.48,-4.71,-41.35,-0.177,21.0,0.939,-37.22,31.52,True,031440,신세계푸드,KOSPI,031440.KS,
PASS,974.0,2022-01-04,2025-12-30,354909.75,-64.51,-22.88,-65.64,-0.456,20.0,0.852,-70.41,32.65,True,336060,웨이버스,KOSDAQ,336060.KQ,
PASS,974.0,2022-01-04,2025-12-30,692054.59,-30.79,-8.82,-38.3,-0.292,19.0,0.925,0.61,43.33,False,025540,한국단자,KOSPI,025540.KS,
PASS,974.0,2022-01-04,2025-12-30,976782.81,-2.32,-0.59,-52.36,0.188,18.0,1.052,-56.52,40.35,True,309930,조이웍스앤코,KOSDAQ,309930.KQ,
PASS,974.0,2022-01-04,2025-12-30,1445940.89,44.59,9.69,-41.98,0.435,16.0,1.11,105.88,52.98,False,023160,태광,KOSDAQ,023160.KQ,
PASS,974.0,2022-01-04,2025-12-30,496376.07,-50.36,-16.11,-66.6,-0.29,21.0,0.906,-9.46,40.86,False,204840,지엘팜텍,KOSDAQ,204840.KQ,
PASS,974.0,2022-01-04,2025-12-30,423895.82,-57.61,-19.37,-70.98,-0.651,21.0,0.811,-44.01,41.38,False,019770,서연탑메탈,KOSDAQ,019770.KQ,
PASS,974.0,2022-01-04,2025-12-30,914840.47,-8.52,-2.21,-44.91,0.071,18.0,1.019,-44.59,47.02,True,259960,크래프톤,KOSPI,259960.KS,
PASS,974.0,2022-01-04,2025-12-30,18504376.28,1750.44,107.92,-30.58,1.731,11.0,1.39,3775.44,78.75,False,267260,HD현대일렉트릭,KOSPI,267260.KS,
PASS,974.0,2022-01-04,2025-12-30,518802.39,-48.12,-15.18,-51.18,-1.137,12.0,0.492,-87.71,8.42,True,106520,노블엠앤비,KOSDAQ,106520.KQ,
PASS,974.0,2022-01-04,2025-12-30,174688.8,-82.53,-35.45,-82.53,-1.179,22.0,0.594,-79.31,27.31,False,002070,비비안,KOSPI,002070.KS,
PASS,974.0,2022-01-04,2025-12-30,513341.95,-48.67,-15.4,-55.31,-0.496,25.0,0.853,-58.19,36.55,True,069330,유아이디,KOSDAQ,069330.KQ,
PASS,974.0,2022-01-04,2025-12-30,945716.91,-5.43,-1.39,-33.35,0.02,17.0,1.006,-27.75,36.86,True,284740,쿠쿠홈시스,KOSPI,284740.KS,
PASS,974.0,2022-01-04,2025-12-30,723429.57,-27.66,-7.8,-77.62,0.108,15.0,1.031,60.04,47.43,False,028300,HLB,KOSDAQ,028300.KQ,
PASS,974.0,2022-01-04,2025-12-30,585012.64,-41.5,-12.58,-44.4,-0.251,22.0,0.926,42.7,40.66,False,018310,삼목에스폼,KOSDAQ,018310.KQ,
PASS,974.0,2022-01-04,2025-12-30,1061251.05,6.13,1.5,-49.61,0.218,15.0,1.087,-33.05,30.9,True,168330,내츄럴엔도텍,KOSDAQ,168330.KQ,
PASS,974.0,2022-01-04,2025-12-30,574105.81,-42.59,-13.0,-49.85,-0.279,23.0,0.919,-15.64,43.33,False,003680,한성기업,KOSPI,003680.KS,
PASS,974.0,2022-01-04,2025-12-30,302360.51,-69.76,-25.92,-70.1,-1.023,24.0,0.614,-89.23,23.61,True,079950,인베니아,KOSDAQ,079950.KQ,
PASS,974.0,2022-01-04,2025-12-30,333531.78,-66.65,-24.08,-67.73,-0.621,23.0,0.834,-34.93,46.41,False,198080,캐프,KOSDAQ,198080.KQ,
PASS,974.0,2022-01-04,2025-12-30,866007.46,-13.4,-3.54,-84.55,0.15,20.0,1.041,3.24,45.89,False,005420,코스모화학,KOSPI,005420.KS,
PASS,974.0,2022-01-04,2025-12-30,503743.06,-49.63,-15.8,-55.15,-0.609,26.0,0.816,-64.63,35.83,True,104620,노랑풍선,KOSDAQ,104620.KQ,
PASS,974.0,2022-01-04,2025-12-30,818989.28,-18.1,-4.89,-34.96,-0.085,25.0,0.974,22.43,49.59,False,004700,조광피혁,KOSPI,004700.KS,
PASS,974.0,2022-01-04,2025-12-30,453055.14,-54.69,-18.01,-54.69,-1.446,16.0,0.491,-88.33,16.22,True,002210,동성제약,KOSPI,002210.KS,
PASS,974.0,2022-01-04,2025-12-30,475286.98,-52.47,-17.02,-74.87,-0.03,20.0,0.987,-29.87,30.7,False,294630,서남,KOSDAQ,294630.KQ,
PASS,974.0,2022-01-04,2025-12-30,1285561.62,28.56,6.5,-61.45,0.392,21.0,1.092,1146.72,59.75,False,083650,비에이치아이,KOSDAQ,083650.KQ,
PASS,974.0,2022-01-04,2025-12-30,672682.67,-32.73,-9.47,-54.25,-0.178,16.0,0.938,-67.76,29.16,True,187420,HLB제넥스,KOSDAQ,187420.KQ,
PASS,502.0,2023-12-05,2025-12-30,1381684.72,38.17,16.91,-55.11,0.564,9.0,1.147,78.91,51.59,False,338840,와이바이오로직스,KOSDAQ,338840.KQ,
PASS,974.0,2022-01-04,2025-12-30,818410.16,-18.16,-4.9,-64.07,0.122,17.0,1.045,-59.25,44.97,True,088130,동아엘텍,KOSDAQ,088130.KQ,
PASS,974.0,2022-01-04,2025-12-30,1091051.91,9.11,2.21,-62.56,0.338,18.0,1.118,-13.18,38.71,True,113810,디젠스,KOSDAQ,113810.KQ,
PASS,974.0,2022-01-04,2025-12-30,391767.56,-60.82,-20.95,-68.5,-1.05,23.0,0.737,-26.98,40.55,False,155660,DSR,KOSPI,155660.KS,
PASS,974.0,2022-01-04,2025-12-30,569160.27,-43.08,-13.18,-50.04,-0.509,23.0,0.829,-60.3,29.36,True,017180,명문제약,KOSPI,017180.KS,
PASS,544.0,2023-10-05,2025-12-30,426703.2,-57.33,-31.67,-71.26,-0.701,11.0,0.828,51.75,48.53,False,454910,두산로보틱스,KOSPI,454910.KS,
PASS,974.0,2022-01-04,2025-12-30,797582.3,-20.24,-5.52,-38.78,-0.165,19.0,0.952,-53.85,33.06,True,014790,HL D&I,KOSPI,014790.KS,
PASS,974.0,2022-01-04,2025-12-30,856377.01,-14.36,-3.81,-32.19,-0.239,15.0,0.931,-27.61,34.6,True,213500,한솔제지,KOSPI,213500.KS,
PASS,974.0,2022-01-04,2025-12-30,818012.95,-18.2,-4.91,-18.55,-0.237,21.0,0.926,-23.41,42.09,True,002840,미원상사,KOSPI,002840.KS,
PASS,974.0,2022-01-04,2025-12-30,1081039.61,8.1,1.97,-35.87,0.203,14.0,1.079,-35.48,39.84,True,010040,한국내화,KOSPI,010040.KS,
PASS,974.0,2022-01-04,2025-12-30,330366.08,-66.96,-24.26,-71.63,-1.068,21.0,0.706,-79.1,28.64,True,049080,기가레인,KOSDAQ,049080.KQ,
PASS,974.0,2022-01-04,2025-12-30,1281665.27,28.17,6.42,-25.57,0.494,18.0,1.123,32.67,55.13,False,032640,LG유플러스,KOSPI,032640.KS,
PASS,974.0,2022-01-04,2025-12-30,1247651.75,24.77,5.71,-24.39,0.366,23.0,1.085,114.06,60.68,False,016360,삼성증권,KOSPI,016360.KS,
PASS,974.0,2022-01-04,2025-12-30,1742769.51,74.28,14.95,-50.44,0.591,16.0,1.157,29.43,49.28,True,122870,와이지엔터테인먼트,KOSDAQ,122870.KQ,
PASS,974.0,2022-01-04,2025-12-30,605434.77,-39.46,-11.83,-40.21,-0.569,14.0,0.787,-67.21,24.33,True,046070,코다코,KOSDAQ,046070.KQ,
PASS,974.0,2022-01-04,2025-12-30,833980.33,-16.6,-4.45,-48.75,0.065,18.0,1.028,-48.13,28.75,True,246690,TS인베스트먼트,KOSDAQ,246690.KQ,
PASS,974.0,2022-01-04,2025-12-30,380266.6,-61.97,-21.54,-70.99,-0.698,19.0,0.781,-78.17,25.87,True,290520,신도기연,KOSDAQ,290520.KQ,
NO_DATA,,,,,,,,,,,,,,439960,코스모로보틱스,KOSDAQ,439960.KQ,['no_yfinance_data']
PASS,974.0,2022-01-04,2025-12-30,936270.66,-6.37,-1.64,-25.27,0.018,17.0,1.007,-18.97,41.48,True,002450,삼익악기,KOSPI,002450.KS,
PASS,974.0,2022-01-04,2025-12-30,1479227.86,47.92,10.32,-55.39,0.447,17.0,1.145,83.5,46.82,False,010100,한국무브넥스,KOSPI,010100.KS,
PASS,974.0,2022-01-04,2025-12-30,725448.49,-27.46,-7.74,-43.2,-0.246,19.0,0.916,-42.32,32.14,True,033130,디지틀조선,KOSDAQ,033130.KQ,
PASS,974.0,2022-01-04,2025-12-30,716122.25,-28.39,-8.04,-50.57,0.006,18.0,1.002,-36.92,34.39,True,237820,플레이디,KOSDAQ,237820.KQ,
PASS,328.0,2024-08-21,2025-12-30,984376.58,-1.56,-1.15,-5.84,-0.247,1.0,0.757,-81.06,2.13,True,464280,티디에스팜,KOSDAQ,464280.KQ,
PASS,680.0,2023-03-16,2025-12-30,921110.46,-7.89,-2.9,-29.26,0.072,12.0,1.025,-55.62,29.12,True,282720,금양그린파워,KOSDAQ,282720.KQ,
PASS,974.0,2022-01-04,2025-12-30,782649.18,-21.74,-5.96,-50.62,0.004,20.0,1.001,-49.42,40.86,True,125210,아모그린텍,KOSDAQ,125210.KQ,
PASS,974.0,2022-01-04,2025-12-30,372521.97,-62.75,-21.94,-72.03,-0.64,18.0,0.832,-79.12,37.47,True,020120,키다리스튜디오,KOSPI,020120.KS,
PASS,974.0,2022-01-04,2025-12-30,312955.49,-68.7,-25.28,-70.11,-1.431,21.0,0.621,-81.84,27.52,True,092190,서울바이오시스,KOSDAQ,092190.KQ,
PASS,974.0,2022-01-04,2025-12-30,678354.22,-32.16,-9.28,-55.35,-0.132,20.0,0.962,-63.45,31.42,True,230240,에치에프알,KOSDAQ,230240.KQ,
PASS,974.0,2022-01-04,2025-12-30,569426.78,-43.06,-13.17,-45.84,-0.981,22.0,0.715,-41.29,32.85,False,256150,한독크린텍,KOSDAQ,256150.KQ,
PASS,161.0,2025-05-02,2025-12-30,907769.37,-9.22,-13.59,-38.42,0.01,2.0,1.004,-39.21,29.81,True,364950,에이아이코리아,KOSDAQ,364950.KQ,
PASS,225.0,2025-01-24,2025-12-30,720114.33,-27.99,-29.72,-27.99,-1.674,4.0,0.507,-34.36,13.33,True,373160,데이원컴퍼니,KOSDAQ,373160.KQ,
PASS,974.0,2022-01-04,2025-12-30,512390.07,-48.76,-15.44,-54.24,-0.419,12.0,0.82,-73.15,25.56,True,080720,한국유니온제약,KOSDAQ,080720.KQ,
PASS,974.0,2022-01-04,2025-12-30,383924.68,-61.61,-21.35,-66.97,-0.645,22.0,0.815,-76.62,37.37,True,060570,드림어스컴퍼니,KOSDAQ,060570.KQ,
PASS,536.0,2023-10-18,2025-12-30,1181845.42,18.18,7.89,-30.21,0.395,5.0,1.114,-36.67,42.91,True,445180,퓨릿,KOSDAQ,445180.KQ,
PASS,974.0,2022-01-04,2025-12-30,1589701.56,58.97,12.33,-64.14,0.486,15.0,1.131,256.35,49.18,False,226950,올릭스,KOSDAQ,226950.KQ,
PASS,974.0,2022-01-04,2025-12-30,838952.65,-16.1,-4.31,-22.4,-0.326,31.0,0.916,13.38,56.16,False,034590,인천도시가스,KOSPI,034590.KS,
PASS,974.0,2022-01-04,2025-12-30,649932.09,-35.01,-10.25,-51.49,-0.074,16.0,0.974,-44.15,33.26,True,084440,유비온,KOSDAQ,084440.KQ,
PASS,148.0,2025-05-23,2025-12-30,1017515.32,1.75,2.91,-9.93,0.301,3.0,1.163,24.54,8.11,False,483650,달바글로벌,KOSPI,483650.KS,
PASS,974.0,2022-01-04,2025-12-30,269835.84,-73.02,-28.01,-73.1,-0.809,17.0,0.718,-81.55,22.48,True,008600,윌비스,KOSPI,008600.KS,
PASS,954.0,2022-02-04,2025-12-30,382642.59,-61.74,-21.83,-61.98,-0.947,15.0,0.722,-83.45,24.63,True,377330,이지트로닉스,KOSDAQ,377330.KQ,
PASS,974.0,2022-01-04,2025-12-30,961067.09,-3.89,-0.99,-54.37,0.167,16.0,1.052,-2.29,42.92,False,013310,아진산업,KOSDAQ,013310.KQ,
PASS,974.0,2022-01-04,2025-12-30,527398.85,-47.26,-14.83,-68.55,-0.339,26.0,0.918,28.79,44.35,False,003030,세아제강지주,KOSPI,003030.KS,
PASS,974.0,2022-01-04,2025-12-30,1381339.9,38.13,8.44,-42.92,0.409,16.0,1.11,101.2,52.36,False,054950,제이브이엠,KOSDAQ,054950.KQ,
PASS,243.0,2024-12-27,2025-12-30,672210.98,-32.78,-32.58,-32.78,-2.175,4.0,0.436,-27.94,18.93,False,389680,유디엠텍,KOSDAQ,389680.KQ,
PASS,974.0,2022-01-04,2025-12-30,548944.19,-45.11,-13.97,-47.98,-0.163,22.0,0.957,-26.22,46.51,False,263800,데이타솔루션,KOSDAQ,263800.KQ,
INSUFFICIENT_DATA,2.0,,,,,,,,,,,,,490470,세미파이브,KOSDAQ,490470.KQ,['need_61_rows']
PASS,974.0,2022-01-04,2025-12-30,1052264.53,5.23,1.29,-25.34,0.162,17.0,1.053,-17.23,47.02,True,039570,HDC랩스,KOSPI,039570.KS,
PASS,974.0,2022-01-04,2025-12-30,672276.46,-32.77,-9.48,-48.31,-0.232,21.0,0.934,-36.19,35.63,True,192650,드림텍,KOSPI,192650.KS,
PASS,974.0,2022-01-04,2025-12-30,817371.0,-18.26,-4.93,-52.67,0.011,12.0,1.004,-83.37,31.93,True,009440,KC그린홀딩스,KOSPI,009440.KS,
PASS,974.0,2022-01-04,2025-12-30,1192287.21,19.23,4.51,-45.32,0.3,17.0,1.096,-5.47,39.53,True,000990,DB하이텍,KOSPI,000990.KS,
PASS,509.0,2023-11-24,2025-12-30,516460.35,-48.35,-27.0,-56.47,-0.891,10.0,0.715,-68.37,26.33,True,402490,그린리소스,KOSDAQ,402490.KQ,
PASS,974.0,2022-01-04,2025-12-30,632893.43,-36.71,-10.84,-65.05,-0.025,22.0,0.992,2.23,41.79,False,092870,엑시콘,KOSDAQ,092870.KQ,
PASS,974.0,2022-01-04,2025-12-30,330924.12,-66.91,-24.23,-74.35,-0.679,21.0,0.804,-20.65,40.97,False,000670,영풍,KOSPI,000670.KS,
PASS,974.0,2022-01-04,2025-12-30,1108663.12,10.87,2.62,-51.06,0.269,28.0,1.092,-29.41,34.7,True,103840,우양,KOSDAQ,103840.KQ,
PASS,974.0,2022-01-04,2025-12-30,1024080.7,2.41,0.6,-50.94,0.208,22.0,1.065,38.66,48.36,False,003960,사조대림,KOSPI,003960.KS,
PASS,974.0,2022-01-04,2025-12-30,804864.17,-19.51,-5.3,-50.33,-0.003,18.0,0.999,-55.11,42.09,True,086390,유니테스트,KOSDAQ,086390.KQ,
PASS,974.0,2022-01-04,2025-12-30,984499.08,-1.55,-0.39,-25.65,0.087,17.0,1.022,2.14,50.51,False,280360,롯데웰푸드,KOSPI,280360.KS,
PASS,974.0,2022-01-04,2025-12-30,805546.22,-19.45,-5.28,-34.3,-0.274,23.0,0.926,-17.65,43.12,False,023410,유진기업,KOSDAQ,023410.KQ,
PASS,974.0,2022-01-04,2025-12-30,956073.9,-4.39,-1.12,-30.52,0.045,19.0,1.012,12.93,42.61,False,005300,롯데칠성,KOSPI,005300.KS,
PASS,974.0,2022-01-04,2025-12-30,748347.63,-25.17,-7.01,-35.53,-0.248,20.0,0.923,-44.21,32.03,True,092780,DYP,KOSPI,092780.KS,
PASS,974.0,2022-01-04,2025-12-30,1182424.31,18.24,4.29,-65.66,0.318,24.0,1.091,-1.82,44.25,True,079810,APS이노베이션,KOSDAQ,079810.KQ,
PASS,974.0,2022-01-04,2025-12-30,1325440.27,32.54,7.32,-58.54,0.382,18.0,1.112,78.49,42.71,False,058970,엠로,KOSDAQ,058970.KQ,
PASS,974.0,2022-01-04,2025-12-30,650802.96,-34.92,-10.22,-49.47,-0.266,19.0,0.919,-46.95,32.34,True,090410,덕신이피씨,KOSDAQ,090410.KQ,
PASS,974.0,2022-01-04,2025-12-30,4142970.35,314.3,42.84,-46.41,0.943,13.0,1.792,314.73,28.23,False,084670,동양고속,KOSPI,084670.KS,
PASS,974.0,2022-01-04,2025-12-30,845205.79,-15.48,-4.13,-31.95,-0.066,23.0,0.985,43.88,55.65,False,001560,제일연마,KOSPI,001560.KS,
PASS,974.0,2022-01-04,2025-12-30,638560.43,-36.14,-10.64,-71.77,0.047,18.0,1.018,-55.44,29.57,True,317690,퀀타매트릭스,KOSDAQ,317690.KQ,
PASS,974.0,2022-01-04,2025-12-30,833251.72,-16.67,-4.47,-24.18,-0.119,19.0,0.955,3.24,47.13,False,102260,동성케미컬,KOSPI,102260.KS,
PASS,974.0,2022-01-04,2025-12-30,806243.9,-19.38,-5.26,-24.77,-0.401,16.0,0.875,-53.59,27.1,True,228850,레이언스,KOSDAQ,228850.KQ,
PASS,974.0,2022-01-04,2025-12-30,381038.01,-61.9,-21.5,-74.51,-0.573,15.0,0.797,-71.87,23.72,True,032790,엠젠솔루션,KOSDAQ,032790.KQ,
PASS,974.0,2022-01-04,2025-12-30,972582.23,-2.74,-0.69,-39.55,0.059,17.0,1.018,12.76,42.09,False,002460,HS화성,KOSPI,002460.KS,
PASS,974.0,2022-01-04,2025-12-30,880522.7,-11.95,-3.14,-44.66,0.04,19.0,1.014,-31.42,43.33,True,059100,아이컴포넌트,KOSDAQ,059100.KQ,
PASS,974.0,2022-01-04,2025-12-30,220458.63,-77.95,-31.57,-78.11,-0.748,20.0,0.759,-65.0,31.11,False,187220,디티앤씨,KOSDAQ,187220.KQ,
PASS,404.0,2024-04-30,2025-12-30,966637.3,-3.34,-2.01,-18.81,0.068,6.0,1.021,-47.86,35.64,True,451250,삐아,KOSDAQ,451250.KQ,
PASS,974.0,2022-01-04,2025-12-30,4448950.92,344.9,45.42,-39.57,1.056,22.0,1.291,416.21,55.75,False,241710,코스메카코리아,KOSDAQ,241710.KQ,
PASS,974.0,2022-01-04,2025-12-30,1026041.21,2.6,0.65,-53.91,0.223,21.0,1.072,65.89,48.56,False,014710,사조씨푸드,KOSPI,014710.KS,
PASS,974.0,2022-01-04,2025-12-30,485102.58,-51.49,-16.6,-62.92,-0.355,19.0,0.899,-75.98,38.5,True,020150,롯데에너지머티리얼즈,KOSPI,020150.KS,
PASS,290.0,2024-10-22,2025-12-30,842479.29,-15.75,-13.43,-19.48,-0.548,4.0,0.847,-65.9,31.72,True,457370,한켐,KOSDAQ,457370.KQ,
PASS,974.0,2022-01-04,2025-12-30,635559.09,-36.44,-10.75,-46.52,-0.213,24.0,0.933,-26.69,38.3,False,246960,SCL사이언스,KOSDAQ,246960.KQ,
PASS,974.0,2022-01-04,2025-12-30,655476.82,-34.45,-10.05,-40.35,-0.207,19.0,0.935,-31.5,36.04,False,005880,대한해운,KOSPI,005880.KS,
PASS,974.0,2022-01-04,2025-12-30,1494961.38,49.5,10.61,-20.62,0.584,19.0,1.14,113.01,64.48,False,005940,NH투자증권,KOSPI,005940.KS,
PASS,974.0,2022-01-04,2025-12-30,823550.4,-17.64,-4.75,-40.5,-0.04,23.0,0.988,20.83,45.89,False,054040,한국컴퓨터,KOSDAQ,054040.KQ,
PASS,974.0,2022-01-04,2025-12-30,349824.84,-65.02,-23.16,-77.2,-0.241,19.0,0.922,19.0,39.32,False,388790,라이콤,KOSDAQ,388790.KQ,
PASS,974.0,2022-01-04,2025-12-30,1025017.31,2.5,0.62,-24.1,0.15,18.0,1.046,-52.6,38.6,True,071850,캐스텍코리아,KOSDAQ,071850.KQ,
PASS,974.0,2022-01-04,2025-12-30,267712.17,-73.23,-28.15,-77.41,-1.129,12.0,0.551,-22.87,18.48,False,006380,카프로,KOSPI,006380.KS,
PASS,974.0,2022-01-04,2025-12-30,371127.76,-62.89,-22.01,-78.32,-0.454,12.0,0.83,57.99,24.64,False,101680,한국정밀기계,KOSDAQ,101680.KQ,
PASS,974.0,2022-01-04,2025-12-30,899551.84,-10.04,-2.62,-48.74,0.121,18.0,1.041,-33.14,38.71,True,080530,코디,KOSDAQ,080530.KQ,
PASS,974.0,2022-01-04,2025-12-30,1389918.88,38.99,8.61,-58.23,0.409,25.0,1.109,823.79,54.83,False,298380,에이비엘바이오,KOSDAQ,298380.KQ,
PASS,141.0,2025-06-04,2025-12-30,945636.42,-5.44,-9.31,-5.44,-2.133,1.0,0.0,-45.14,2.13,True,475430,키스트론,KOSDAQ,475430.KQ,
PASS,974.0,2022-01-04,2025-12-30,472991.6,-52.7,-17.12,-65.06,-0.417,16.0,0.867,-16.0,36.14,False,189690,포시에스,KOSDAQ,189690.KQ,
PASS,974.0,2022-01-04,2025-12-30,764198.62,-23.58,-6.52,-51.54,-0.163,17.0,0.954,-21.82,45.59,False,036030,케이티알파,KOSDAQ,036030.KQ,
PASS,974.0,2022-01-04,2025-12-30,1298160.82,29.82,6.77,-60.67,0.385,19.0,1.1,492.48,53.49,False,214370,케어젠,KOSDAQ,214370.KQ,
PASS,974.0,2022-01-04,2025-12-30,695439.23,-30.46,-8.71,-41.11,-0.264,14.0,0.913,-29.98,31.62,False,003240,태광산업,KOSPI,003240.KS,
PASS,974.0,2022-01-04,2025-12-30,491273.39,-50.87,-16.33,-63.09,-0.494,19.0,0.83,-56.36,30.29,True,024910,경창산업,KOSDAQ,024910.KQ,
PASS,974.0,2022-01-04,2025-12-30,578981.24,-42.1,-12.81,-51.22,-0.455,17.0,0.891,-19.52,49.9,False,088790,진도,KOSPI,088790.KS,
PASS,974.0,2022-01-04,2025-12-30,971721.17,-2.83,-0.72,-31.73,0.109,18.0,1.031,4.72,52.05,False,006040,동원산업,KOSPI,006040.KS,
PASS,344.0,2024-07-29,2025-12-30,1920151.95,92.02,58.27,-37.23,1.14,3.0,1.459,-28.72,46.22,True,487570,HS효성,KOSPI,487570.KS,
PASS,974.0,2022-01-04,2025-12-30,616967.28,-38.3,-11.41,-38.54,-0.834,19.0,0.771,-48.12,35.01,True,344820,KCC글라스,KOSPI,344820.KS,
PASS,974.0,2022-01-04,2025-12-30,867105.77,-13.29,-3.51,-35.28,-0.047,23.0,0.985,-62.89,33.47,True,003520,영진약품,KOSPI,003520.KS,
PASS,974.0,2022-01-04,2025-12-30,695173.35,-30.48,-8.72,-45.42,-0.056,18.0,0.981,-36.72,37.27,True,004140,동방,KOSPI,004140.KS,
PASS,840.0,2022-07-22,2025-12-30,955818.55,-4.42,-1.3,-49.23,0.124,14.0,1.041,-51.61,36.67,True,424760,벨로크,KOSDAQ,424760.KQ,
PASS,974.0,2022-01-04,2025-12-30,519584.61,-48.04,-15.15,-70.8,-0.28,21.0,0.905,-25.02,39.73,False,100660,서암기계공업,KOSDAQ,100660.KQ,
PASS,820.0,2022-08-22,2025-12-30,383787.46,-61.62,-24.82,-72.09,-0.641,16.0,0.807,-55.2,33.41,False,328380,솔트웨어,KOSDAQ,328380.KQ,
PASS,974.0,2022-01-04,2025-12-30,369613.82,-63.04,-22.09,-63.72,-1.558,22.0,0.648,-55.62,37.47,False,005360,모나미,KOSPI,005360.KS,
PASS,974.0,2022-01-04,2025-12-30,826385.72,-17.36,-4.67,-58.62,0.031,18.0,1.013,-48.31,33.78,True,027710,팜스토리,KOSDAQ,027710.KQ,
PASS,846.0,2022-07-14,2025-12-30,1322263.53,32.23,8.4,-44.97,0.411,16.0,1.126,23.83,46.69,True,112290,와이씨켐,KOSDAQ,112290.KQ,
PASS,974.0,2022-01-04,2025-12-30,245936.87,-75.41,-29.66,-75.74,-0.584,20.0,0.815,-85.81,31.93,True,101730,위메이드맥스,KOSDAQ,101730.KQ,
INSUFFICIENT_DATA,29.0,,,,,,,,,,,,,403850,더핑크퐁컴퍼니,KOSDAQ,403850.KQ,['need_61_rows']
PASS,530.0,2023-10-26,2025-12-30,648775.97,-35.12,-18.01,-50.89,-0.295,12.0,0.916,-13.24,41.32,False,396470,워트,KOSDAQ,396470.KQ,
PASS,974.0,2022-01-04,2025-12-30,5993196.12,499.32,56.7,-57.73,1.033,12.0,1.414,99.2,34.19,True,001570,금양,KOSPI,001570.KS,
PASS,616.0,2023-06-20,2025-12-30,503756.14,-49.62,-23.74,-63.29,-0.388,17.0,0.852,-71.74,23.7,True,348080,큐라티스,KOSDAQ,348080.KQ,
PASS,974.0,2022-01-04,2025-12-30,803695.1,-19.63,-5.33,-22.14,-0.558,4.0,0.653,-69.11,6.47,True,257370,피엔티엠에스,KOSDAQ,257370.KQ,
PASS,974.0,2022-01-04,2025-12-30,707272.56,-29.27,-8.32,-47.54,-0.264,27.0,0.932,46.15,48.67,False,049430,코메론,KOSDAQ,049430.KQ,
PASS,974.0,2022-01-04,2025-12-30,436888.68,-56.31,-18.76,-58.75,-0.899,15.0,0.707,-74.17,23.61,True,038620,위즈코프,KOSDAQ,038620.KQ,
PASS,974.0,2022-01-04,2025-12-30,711879.18,-28.81,-8.17,-42.97,-0.096,22.0,0.975,6.44,48.15,False,009450,경동나비엔,KOSPI,009450.KS,
PASS,974.0,2022-01-04,2025-12-30,636996.1,-36.3,-10.7,-66.9,-0.196,18.0,0.938,-30.86,43.53,False,187270,신화콘텍,KOSDAQ,187270.KQ,
PASS,974.0,2022-01-04,2025-12-30,621775.95,-37.82,-11.24,-41.6,-0.744,19.0,0.801,-64.76,35.73,True,016250,SGC E&C,KOSDAQ,016250.KQ,
PASS,974.0,2022-01-04,2025-12-30,510920.36,-48.91,-15.5,-51.68,-0.539,21.0,0.854,-59.61,34.19,True,039740,한국정보공학,KOSDAQ,039740.KQ,
PASS,974.0,2022-01-04,2025-12-30,644644.58,-35.54,-10.43,-66.8,-0.04,15.0,0.988,-17.7,40.97,False,307930,컴퍼니케이,KOSDAQ,307930.KQ,
PASS,974.0,2022-01-04,2025-12-30,395844.55,-60.42,-20.74,-62.14,-0.647,18.0,0.821,-77.79,33.57,True,047080,한빛소프트,KOSDAQ,047080.KQ,
PASS,960.0,2022-01-24,2025-12-30,353198.15,-64.68,-23.26,-73.31,-0.452,14.0,0.844,-79.42,27.29,True,102370,케이옥션,KOSDAQ,102370.KQ,
PASS,974.0,2022-01-04,2025-12-30,447111.87,-55.29,-18.28,-74.97,-0.214,20.0,0.938,-0.65,42.4,False,391710,코닉오토메이션,KOSDAQ,391710.KQ,
PASS,974.0,2022-01-04,2025-12-30,694144.42,-30.59,-8.75,-46.84,-0.114,18.0,0.96,-71.32,38.4,True,123750,알톤,KOSDAQ,123750.KQ,
PASS,274.0,2024-11-13,2025-12-30,594312.03,-40.57,-36.95,-40.57,-1.069,6.0,0.631,-42.39,28.83,True,464580,닷밀,KOSDAQ,464580.KQ,
PASS,974.0,2022-01-04,2025-12-30,629678.69,-37.03,-10.96,-53.02,-0.456,21.0,0.886,-3.59,44.15,False,023530,롯데쇼핑,KOSPI,023530.KS,
PASS,974.0,2022-01-04,2025-12-30,678236.99,-32.18,-9.28,-40.03,-0.259,14.0,0.916,-51.16,33.68,True,038060,루멘스,KOSDAQ,038060.KQ,
PASS,974.0,2022-01-04,2025-12-30,854955.2,-14.5,-3.85,-80.43,0.2,12.0,1.083,-97.66,33.57,True,035290,골드앤에스,KOSDAQ,035290.KQ,
PASS,974.0,2022-01-04,2025-12-30,559781.26,-44.02,-13.55,-58.26,-0.334,22.0,0.893,-52.0,33.47,True,006370,대구백화점,KOSPI,006370.KS,
PASS,974.0,2022-01-04,2025-12-30,573057.69,-42.69,-13.04,-56.04,-0.305,22.0,0.902,-44.07,38.5,True,049480,오픈베이스,KOSDAQ,049480.KQ,
PASS,974.0,2022-01-04,2025-12-30,790290.6,-20.97,-5.73,-38.27,-0.175,18.0,0.935,-34.73,28.23,True,001510,SK증권,KOSPI,001510.KS,
PASS,974.0,2022-01-04,2025-12-30,2173876.46,117.39,21.51,-15.76,0.987,17.0,1.241,180.99,68.07,False,316140,우리금융지주,KOSPI,316140.KS,
PASS,974.0,2022-01-04,2025-12-30,1398018.6,39.8,8.77,-25.54,0.541,13.0,1.117,112.76,68.79,False,030200,KT,KOSPI,030200.KS,
PASS,974.0,2022-01-04,2025-12-30,292135.3,-70.79,-26.56,-71.81,-1.148,24.0,0.718,-51.48,40.04,False,208350,지란지교시큐리티,KOSDAQ,208350.KQ,
PASS,974.0,2022-01-04,2025-12-30,804826.36,-19.52,-5.3,-47.46,-0.1,19.0,0.968,-13.41,42.2,False,009200,무림페이퍼,KOSPI,009200.KS,
PASS,591.0,2023-07-25,2025-12-30,776576.3,-22.34,-9.87,-62.54,-0.01,8.0,0.997,-53.82,34.86,True,432430,와이랩,KOSDAQ,432430.KQ,
PASS,244.0,2024-12-26,2025-12-30,795840.99,-20.42,-20.23,-24.2,-0.923,5.0,0.72,-53.12,26.23,True,387570,파인메딕스,KOSDAQ,387570.KQ,
PASS,974.0,2022-01-04,2025-12-30,245557.14,-75.44,-29.69,-75.44,-1.323,17.0,0.642,-83.91,25.98,True,036420,콘텐트리중앙,KOSPI,036420.KS,
NO_DATA,,,,,,,,,,,,,,099520,DGI,KOSDAQ,099520.KQ,['no_yfinance_data']
PASS,974.0,2022-01-04,2025-12-30,806052.5,-19.39,-5.27,-28.34,-0.214,15.0,0.938,-31.79,39.73,True,002320,한진,KOSPI,002320.KS,
PASS,974.0,2022-01-04,2025-12-30,887078.15,-11.29,-2.96,-31.23,-0.047,19.0,0.987,2.83,43.22,False,095570,AJ네트웍스,KOSPI,095570.KS,
PASS,974.0,2022-01-04,2025-12-30,848126.84,-15.19,-4.05,-54.01,-0.053,17.0,0.983,-23.64,37.27,True,012610,경인양행,KOSPI,012610.KS,
PASS,974.0,2022-01-04,2025-12-30,590246.82,-40.98,-12.39,-56.61,-0.357,19.0,0.882,-51.55,31.93,True,091590,남화토건,KOSDAQ,091590.KQ,
PASS,974.0,2022-01-04,2025-12-30,621756.95,-37.82,-11.24,-50.65,-0.235,20.0,0.926,-33.29,39.22,False,041910,폴라리스AI파마,KOSDAQ,041910.KQ,
PASS,974.0,2022-01-04,2025-12-30,1755352.98,75.54,15.16,-47.26,0.591,12.0,1.172,-45.75,43.43,True,052710,아모텍,KOSDAQ,052710.KQ,
PASS,974.0,2022-01-04,2025-12-30,495691.18,-50.43,-16.14,-59.62,-0.398,21.0,0.86,-56.46,31.21,True,061250,화일약품,KOSDAQ,061250.KQ,
PASS,974.0,2022-01-04,2025-12-30,432833.58,-56.72,-18.95,-60.03,-0.446,19.0,0.867,-12.57,41.48,False,020180,대신정보통신,KOSDAQ,020180.KQ,
PASS,974.0,2022-01-04,2025-12-30,1923397.74,92.34,17.83,-70.81,0.579,15.0,1.158,105.62,52.46,False,228760,지노믹트리,KOSDAQ,228760.KQ,
PASS,974.0,2022-01-04,2025-12-30,602129.62,-39.79,-11.95,-50.98,-0.521,21.0,0.855,-52.34,33.88,True,066700,테라젠이텍스,KOSDAQ,066700.KQ,
PASS,520.0,2023-11-09,2025-12-30,592656.37,-40.73,-21.68,-43.7,-0.44,12.0,0.88,-36.85,42.5,False,446540,메가터치,KOSDAQ,446540.KQ,
PASS,974.0,2022-01-04,2025-12-30,786324.74,-21.37,-5.85,-47.59,-0.005,22.0,0.999,-30.89,50.1,True,092070,디엔에프,KOSDAQ,092070.KQ,
PASS,974.0,2022-01-04,2025-12-30,925462.34,-7.45,-1.92,-40.62,0.07,19.0,1.018,63.85,52.36,False,161390,한국타이어앤테크놀로지,KOSPI,161390.KS,
PASS,974.0,2022-01-04,2025-12-30,654551.48,-34.54,-10.09,-71.99,0.057,16.0,1.02,-78.87,29.57,True,069920,엑시온그룹,KOSDAQ,069920.KQ,
PASS,974.0,2022-01-04,2025-12-30,468779.04,-53.12,-17.31,-56.87,-0.597,16.0,0.805,-43.93,33.78,False,252500,세화피앤씨,KOSDAQ,252500.KQ,
PASS,974.0,2022-01-04,2025-12-30,1445664.76,44.57,9.69,-45.44,0.428,17.0,1.135,-20.61,42.61,True,256940,킵스파마,KOSDAQ,256940.KQ,
PASS,974.0,2022-01-04,2025-12-30,456146.83,-54.39,-17.87,-70.33,-0.332,19.0,0.915,-18.86,42.71,False,131290,티에스이,KOSDAQ,131290.KQ,
PASS,974.0,2022-01-04,2025-12-30,775709.82,-22.43,-6.17,-42.93,-0.236,14.0,0.906,-54.29,26.08,True,004410,서울식품,KOSPI,004410.KS,
PASS,974.0,2022-01-04,2025-12-30,810381.22,-18.96,-5.14,-62.91,0.138,20.0,1.037,116.73,45.59,False,333430,일승,KOSDAQ,333430.KQ,
PASS,974.0,2022-01-04,2025-12-30,1155582.86,15.56,3.69,-14.87,0.375,6.0,1.231,-96.57,14.68,True,056730,CNT85,KOSDAQ,056730.KQ,
PASS,974.0,2022-01-04,2025-12-30,616735.95,-38.33,-11.42,-42.7,-0.5,21.0,0.869,-25.27,37.89,False,000120,CJ대한통운,KOSPI,000120.KS,
PASS,974.0,2022-01-04,2025-12-30,984827.96,-1.52,-0.38,-36.41,0.121,14.0,1.047,-78.89,26.8,True,303530,이노뎁,KOSDAQ,303530.KQ,
PASS,974.0,2022-01-04,2025-12-30,389620.76,-61.04,-21.06,-61.08,-0.76,24.0,0.74,-71.38,25.36,True,004270,남성,KOSPI,004270.KS,
PASS,974.0,2022-01-04,2025-12-30,1893629.34,89.36,17.37,-53.03,0.595,20.0,1.16,144.21,50.1,False,018290,브이티,KOSDAQ,018290.KQ,
PASS,663.0,2023-04-10,2025-12-30,893973.11,-10.6,-4.03,-49.21,0.136,12.0,1.041,-14.15,37.25,True,355150,코스텍시스,KOSDAQ,355150.KQ,
PASS,974.0,2022-01-04,2025-12-30,766331.5,-23.37,-6.46,-47.28,-0.091,17.0,0.978,20.7,48.25,False,002380,KCC,KOSPI,002380.KS,
PASS,974.0,2022-01-04,2025-12-30,577167.63,-42.28,-12.88,-51.25,-0.303,23.0,0.917,-41.99,38.71,False,216080,제테마,KOSDAQ,216080.KQ,
PASS,974.0,2022-01-04,2025-12-30,383491.53,-61.65,-21.37,-61.83,-0.828,20.0,0.73,-74.03,33.78,True,198440,강동씨앤엘,KOSDAQ,198440.KQ,
PASS,974.0,2022-01-04,2025-12-30,420769.09,-57.92,-19.52,-60.4,-0.812,19.0,0.728,-58.47,32.44,True,008250,이건산업,KOSPI,008250.KS,
PASS,243.0,2024-12-27,2025-12-30,768861.36,-23.11,-22.96,-25.62,-1.07,4.0,0.652,30.19,17.7,False,474610,RF시스템즈,KOSDAQ,474610.KQ,
PASS,974.0,2022-01-04,2025-12-30,295296.62,-70.47,-26.36,-74.88,-0.718,19.0,0.79,-24.81,32.55,False,037440,희림,KOSDAQ,037440.KQ,
PASS,974.0,2022-01-04,2025-12-30,867482.8,-13.25,-3.5,-52.63,0.101,15.0,1.032,-0.66,39.53,False,331380,포커스에이아이,KOSDAQ,331380.KQ,
PASS,974.0,2022-01-04,2025-12-30,882045.62,-11.8,-3.1,-62.3,0.139,18.0,1.049,16.41,50.82,False,007540,샘표,KOSPI,007540.KS,
PASS,974.0,2022-01-04,2025-12-30,464237.3,-53.58,-17.51,-69.48,-0.082,22.0,0.972,-44.99,44.05,False,199820,제일일렉트릭,KOSDAQ,199820.KQ,
PASS,974.0,2022-01-04,2025-12-30,1688481.83,68.85,14.04,-52.33,0.528,18.0,1.144,20.73,47.02,True,078350,한양디지텍,KOSDAQ,078350.KQ,
PASS,974.0,2022-01-04,2025-12-30,717309.87,-28.27,-8.0,-65.36,0.15,16.0,1.052,-75.56,35.32,True,307870,비투엔,KOSDAQ,307870.KQ,
PASS,974.0,2022-01-04,2025-12-30,897391.15,-10.26,-2.68,-18.28,-0.126,19.0,0.968,-17.91,43.33,True,214320,이노션,KOSPI,214320.KS,
PASS,974.0,2022-01-04,2025-12-30,501650.1,-49.83,-15.89,-50.21,-0.648,24.0,0.835,-49.33,45.17,False,063160,종근당바이오,KOSPI,063160.KS,
PASS,244.0,2024-12-26,2025-12-30,805653.47,-19.43,-19.26,-20.38,-1.609,4.0,0.569,-51.39,22.13,True,432980,엠에프씨,KOSDAQ,432980.KQ,
PASS,974.0,2022-01-04,2025-12-30,371546.56,-62.85,-21.99,-71.83,-0.366,17.0,0.864,-81.69,25.87,True,058110,멕아이씨에스,KOSDAQ,058110.KQ,
PASS,974.0,2022-01-04,2025-12-30,996901.59,-0.31,-0.08,-0.31,-0.622,2.0,0.0,-80.9,2.16,True,215090,솔디펜스,KOSDAQ,215090.KQ,
PASS,974.0,2022-01-04,2025-12-30,456479.8,-54.35,-17.86,-55.61,-0.717,20.0,0.767,-77.37,24.44,True,083790,CG인바이츠,KOSDAQ,083790.KQ,
PASS,974.0,2022-01-04,2025-12-30,1206859.66,20.69,4.83,-71.71,0.32,21.0,1.091,282.56,55.03,False,357550,석경에이티,KOSDAQ,357550.KQ,
PASS,974.0,2022-01-04,2025-12-30,514458.9,-48.55,-15.36,-51.21,-1.103,21.0,0.738,-51.81,38.09,True,376290,씨유테크,KOSDAQ,376290.KQ,
PASS,974.0,2022-01-04,2025-12-30,752737.03,-24.73,-6.88,-61.45,0.095,20.0,1.026,-41.05,41.48,True,377480,마음AI,KOSDAQ,377480.KQ,
PASS,974.0,2022-01-04,2025-12-30,519217.68,-48.08,-15.16,-73.86,-0.139,29.0,0.96,-29.0,46.3,False,254120,자비스,KOSDAQ,254120.KQ,
PASS,974.0,2022-01-04,2025-12-30,691936.52,-30.81,-8.82,-30.81,-1.053,17.0,0.7,-46.95,32.96,True,096240,크레버스,KOSDAQ,096240.KQ,
PASS,974.0,2022-01-04,2025-12-30,477048.89,-52.3,-16.95,-52.73,-0.755,22.0,0.818,-51.25,37.78,False,096870,엘디티,KOSDAQ,096870.KQ,
PASS,974.0,2022-01-04,2025-12-30,816214.21,-18.38,-4.97,-35.16,-0.163,12.0,0.946,-72.2,31.01,True,033560,블루콤,KOSDAQ,033560.KQ,
PASS,974.0,2022-01-04,2025-12-30,492600.49,-50.74,-16.27,-62.16,-0.454,25.0,0.879,-50.77,41.99,True,307180,아이엘,KOSDAQ,307180.KQ,
PASS,974.0,2022-01-04,2025-12-30,417520.88,-58.25,-19.68,-65.15,-0.493,24.0,0.847,-54.04,37.27,False,348350,위드텍,KOSDAQ,348350.KQ,
PASS,974.0,2022-01-04,2025-12-30,1786791.52,78.68,15.67,-42.57,0.586,17.0,1.179,177.05,49.28,False,071320,지역난방공사,KOSPI,071320.KS,
PASS,483.0,2024-01-04,2025-12-30,858953.7,-14.1,-7.36,-44.74,0.041,6.0,1.014,-25.12,28.36,True,452190,한빛레이저,KOSDAQ,452190.KQ,
PASS,974.0,2022-01-04,2025-12-30,802322.54,-19.77,-5.38,-49.81,0.051,22.0,1.013,42.41,55.44,False,084110,휴온스글로벌,KOSDAQ,084110.KQ,
PASS,974.0,2022-01-04,2025-12-30,1473088.3,47.31,10.21,-40.59,0.44,15.0,1.167,-2.41,30.7,True,066430,아이로보틱스,KOSDAQ,066430.KQ,
PASS,974.0,2022-01-04,2025-12-30,585975.54,-41.4,-12.55,-65.7,-0.242,26.0,0.923,-39.23,32.75,False,037950,엘컴텍,KOSDAQ,037950.KQ,
PASS,974.0,2022-01-04,2025-12-30,3002104.86,200.21,31.75,-26.65,0.949,16.0,1.334,181.78,67.35,True,001270,부국증권,KOSPI,001270.KS,
PASS,974.0,2022-01-04,2025-12-30,1020016.88,2.0,0.5,-24.84,0.116,17.0,1.036,0.26,40.04,True,054800,아이디스홀딩스,KOSDAQ,054800.KQ,
PASS,974.0,2022-01-04,2025-12-30,627107.98,-37.29,-11.05,-62.43,0.05,27.0,1.017,20.7,35.63,False,255220,SG,KOSDAQ,255220.KQ,
PASS,974.0,2022-01-04,2025-12-30,235707.38,-76.43,-30.41,-80.89,-0.875,17.0,0.675,-66.26,28.03,False,090370,메타랩스,KOSPI,090370.KS,
PASS,974.0,2022-01-04,2025-12-30,9549448.3,854.94,76.13,-51.71,0.534,15.0,5.076,246839.23,44.66,False,000300,DH오토넥스,KOSPI,000300.KS,
PASS,974.0,2022-01-04,2025-12-30,504287.55,-49.57,-15.78,-75.47,-0.121,26.0,0.962,22.67,37.17,False,071090,하이스틸,KOSPI,071090.KS,
PASS,974.0,2022-01-04,2025-12-30,466261.72,-53.37,-17.42,-57.17,-0.653,19.0,0.815,-61.77,34.19,True,096690,에이루트,KOSDAQ,096690.KQ,
PASS,974.0,2022-01-04,2025-12-30,383222.23,-61.68,-21.39,-67.75,-0.728,21.0,0.791,-30.08,37.89,False,013000,세우글로벌,KOSPI,013000.KS,
PASS,974.0,2022-01-04,2025-12-30,562056.25,-43.79,-13.46,-59.1,-0.405,16.0,0.877,-33.56,38.3,False,027740,마니커,KOSPI,027740.KS,
PASS,974.0,2022-01-04,2025-12-30,1267020.31,26.7,6.12,-41.43,0.343,18.0,1.118,138.29,43.02,False,032940,원익,KOSDAQ,032940.KQ,
PASS,974.0,2022-01-04,2025-12-30,1255001.02,25.5,5.86,-45.68,0.352,14.0,1.14,-34.47,37.47,True,008970,KBI동양철관,KOSPI,008970.KS,
PASS,974.0,2022-01-04,2025-12-30,1264016.92,26.4,6.05,-51.85,0.346,16.0,1.102,-11.2,43.02,True,217190,제너셈,KOSDAQ,217190.KQ,
PASS,974.0,2022-01-04,2025-12-30,8753099.09,775.31,72.33,-26.98,1.479,14.0,1.428,1221.97,64.89,False,003230,삼양식품,KOSPI,003230.KS,
PASS,974.0,2022-01-04,2025-12-30,375459.91,-62.45,-21.79,-65.33,-0.941,27.0,0.709,-69.43,30.08,True,102460,이연제약,KOSPI,102460.KS,
PASS,974.0,2022-01-04,2025-12-30,782088.7,-21.79,-5.98,-44.57,-0.044,18.0,0.984,-59.17,38.19,True,263770,유에스티,KOSDAQ,263770.KQ,
PASS,974.0,2022-01-04,2025-12-30,311657.61,-68.83,-25.36,-75.14,-0.755,16.0,0.644,-76.23,18.48,True,005110,한창,KOSPI,005110.KS,
PASS,974.0,2022-01-04,2025-12-30,1525127.32,52.51,11.17,-46.92,0.468,15.0,1.146,2.17,37.58,True,098460,고영,KOSDAQ,098460.KQ,
PASS,974.0,2022-01-04,2025-12-30,1623524.81,62.35,12.93,-20.09,0.716,19.0,1.16,156.66,64.48,False,003690,코리안리,KOSPI,003690.KS,
PASS,103.0,2025-07-29,2025-12-30,1946041.99,94.6,385.06,-15.19,2.863,1.0,2.211,530.2,41.75,False,468530,프로티나,KOSDAQ,468530.KQ,
PASS,974.0,2022-01-04,2025-12-30,504342.41,-49.57,-15.78,-55.6,-0.543,20.0,0.819,-75.27,28.95,True,054780,키이스트,KOSDAQ,054780.KQ,
PASS,974.0,2022-01-04,2025-12-30,1082957.97,8.3,2.02,-39.23,0.209,16.0,1.066,-41.67,34.8,True,081580,성우전자,KOSDAQ,081580.KQ,
PASS,974.0,2022-01-04,2025-12-30,1029367.89,2.94,0.73,-39.84,0.178,16.0,1.068,-49.51,34.6,True,074430,아미노로직스,KOSDAQ,074430.KQ,
PASS,974.0,2022-01-04,2025-12-30,1415260.02,41.53,9.1,-22.61,0.482,17.0,1.158,51.84,49.59,False,021820,세원정공,KOSPI,021820.KS,
PASS,974.0,2022-01-04,2025-12-30,949601.09,-5.04,-1.29,-48.67,0.101,23.0,1.027,63.53,51.03,False,006730,서부T&D,KOSDAQ,006730.KQ,
PASS,974.0,2022-01-04,2025-12-30,937931.32,-6.21,-1.59,-59.93,0.108,20.0,1.03,-36.03,39.01,True,310200,애니플러스,KOSDAQ,310200.KQ,
PASS,974.0,2022-01-04,2025-12-30,3118611.62,211.86,33.02,-34.91,0.92,10.0,1.253,37.14,51.85,True,101490,에스앤에스텍,KOSDAQ,101490.KQ,
PASS,496.0,2023-12-13,2025-12-30,840757.25,-15.92,-8.12,-52.58,0.13,6.0,1.046,-74.0,32.86,True,439580,블루엠텍,KOSDAQ,439580.KQ,
PASS,974.0,2022-01-04,2025-12-30,665258.88,-33.47,-9.72,-49.07,-0.079,16.0,0.972,-50.26,41.48,True,004870,티웨이홀딩스,KOSPI,004870.KS,
PASS,974.0,2022-01-04,2025-12-30,497175.5,-50.28,-16.08,-55.19,-0.682,27.0,0.817,-48.9,35.32,False,006360,GS건설,KOSPI,006360.KS,
PASS,974.0,2022-01-04,2025-12-30,513938.46,-48.61,-15.38,-53.7,-0.717,23.0,0.818,-28.94,44.35,False,040610,SG&G,KOSDAQ,040610.KQ,
PASS,974.0,2022-01-04,2025-12-30,823367.55,-17.66,-4.76,-38.11,-0.147,17.0,0.958,-13.29,43.74,False,005820,원림,KOSPI,005820.KS,
PASS,514.0,2023-11-17,2025-12-30,421054.91,-57.89,-33.51,-61.55,-1.039,13.0,0.732,-8.92,33.46,False,450080,에코프로머티,KOSPI,450080.KS,
PASS,516.0,2023-11-15,2025-12-30,1147899.62,14.79,6.71,-25.13,0.367,5.0,1.153,-68.94,27.33,True,452300,캡스톤파트너스,KOSDAQ,452300.KQ,
PASS,974.0,2022-01-04,2025-12-30,576757.62,-42.32,-12.89,-51.86,-0.339,20.0,0.9,-61.43,38.91,True,323410,카카오뱅크,KOSPI,323410.KS,
PASS,974.0,2022-01-04,2025-12-30,1833542.44,83.35,16.43,-69.44,0.552,25.0,1.187,208.35,38.81,False,094170,동운아나텍,KOSDAQ,094170.KQ,
PASS,188.0,2025-03-25,2025-12-30,878202.27,-12.18,-15.58,-33.3,-0.238,2.0,0.924,481.41,24.47,False,101970,우양에이치씨,KOSDAQ,101970.KQ,
PASS,974.0,2022-01-04,2025-12-30,709886.36,-29.01,-8.24,-67.81,-0.076,16.0,0.976,-39.45,36.45,True,336260,두산퓨얼셀,KOSPI,336260.KS,
PASS,974.0,2022-01-04,2025-12-30,2361934.53,136.19,24.06,-67.95,0.676,18.0,1.187,218.22,49.79,False,031980,피에스케이홀딩스,KOSDAQ,031980.KQ,
PASS,974.0,2022-01-04,2025-12-30,533508.87,-46.65,-14.58,-49.5,-0.44,16.0,0.861,-88.56,31.72,True,377220,프롬바이오,KOSDAQ,377220.KQ,
PASS,974.0,2022-01-04,2025-12-30,688691.84,-31.13,-8.93,-51.94,-0.319,16.0,0.911,-67.1,32.44,True,044380,주연테크,KOSPI,044380.KS,
PASS,974.0,2022-01-04,2025-12-30,1007560.16,0.76,0.19,-60.21,0.162,19.0,1.045,32.86,42.71,False,032350,롯데관광개발,KOSPI,032350.KS,
PASS,974.0,2022-01-04,2025-12-30,864941.07,-13.51,-3.57,-44.89,0.062,15.0,1.028,-39.57,27.93,True,171120,라이온켐텍,KOSDAQ,171120.KQ,
PASS,974.0,2022-01-04,2025-12-30,946497.81,-5.35,-1.37,-44.74,0.115,18.0,1.046,-48.07,31.42,True,087600,픽셀플러스,KOSDAQ,087600.KQ,
PASS,974.0,2022-01-04,2025-12-30,543708.59,-45.63,-14.17,-64.26,-0.204,14.0,0.928,-67.22,24.54,True,203690,아크솔루션스,KOSDAQ,203690.KQ,
PASS,974.0,2022-01-04,2025-12-30,831174.31,-16.88,-4.53,-43.17,0.016,14.0,1.006,-61.8,29.77,True,900310,컬러레이,KOSDAQ,900310.KQ,
PASS,974.0,2022-01-04,2025-12-30,596009.41,-40.4,-12.17,-61.59,-0.149,13.0,0.955,-82.38,35.63,True,256840,한국비엔씨,KOSDAQ,256840.KQ,
PASS,974.0,2022-01-04,2025-12-30,408098.01,-59.19,-20.13,-65.19,-0.793,27.0,0.791,-33.13,43.53,False,067570,엔브이에이치코리아,KOSDAQ,067570.KQ,
PASS,974.0,2022-01-04,2025-12-30,587316.38,-41.27,-12.5,-43.34,-0.421,20.0,0.882,-69.01,34.09,True,089980,상아프론테크,KOSDAQ,089980.KQ,
PASS,974.0,2022-01-04,2025-12-30,1431608.07,43.16,9.42,-75.9,0.423,13.0,1.125,-13.9,42.61,True,006110,삼아알미늄,KOSPI,006110.KS,
PASS,974.0,2022-01-04,2025-12-30,739078.99,-26.09,-7.3,-76.18,0.095,19.0,1.028,19.35,41.17,False,095500,미래나노텍,KOSDAQ,095500.KQ,
PASS,974.0,2022-01-04,2025-12-30,291200.45,-70.88,-26.62,-80.66,-0.615,17.0,0.802,-54.71,33.06,False,019170,신풍제약,KOSPI,019170.KS,
PASS,974.0,2022-01-04,2025-12-30,1009261.04,0.93,0.23,-70.22,0.29,13.0,1.092,41.45,46.82,False,006880,신송홀딩스,KOSPI,006880.KS,
PASS,584.0,2023-08-03,2025-12-30,682170.44,-31.78,-14.68,-37.35,-0.538,10.0,0.793,-74.49,30.31,True,462520,조선내화,KOSPI,462520.KS,
PASS,200.0,2025-03-07,2025-12-30,484944.39,-51.51,-58.81,-51.51,-1.501,2.0,0.021,-60.72,7.5,True,393970,대진첨단소재,KOSDAQ,393970.KQ,
PASS,974.0,2022-01-04,2025-12-30,541706.58,-45.83,-14.25,-64.19,-0.305,19.0,0.888,-45.45,27.1,False,308080,바이젠셀,KOSDAQ,308080.KQ,
PASS,974.0,2022-01-04,2025-12-30,730540.6,-26.95,-7.57,-31.62,-0.35,25.0,0.917,-8.27,49.28,False,044450,KSS해운,KOSPI,044450.KS,
PASS,974.0,2022-01-04,2025-12-30,662376.21,-33.76,-9.82,-54.9,0.06,18.0,1.02,-49.55,41.17,True,086960,MDS테크,KOSDAQ,086960.KQ,
PASS,974.0,2022-01-04,2025-12-30,580217.87,-41.98,-12.76,-57.47,-0.172,19.0,0.944,-70.99,37.17,True,356890,싸이버원,KOSDAQ,356890.KQ,
