Date,Open,High,Low,Close,Volume,code,name,ret_cc,mom_1d,mom_3d,mom_5d,mom_10d,mom_20d,vol_10d,vol_20d,dollar_volume,oc_ret,oo_ret,cc_next_ret,situation,market_mom_20d,market_vol_20d,weekday,week_key,monday_open,friday_close,monfri_open_to_fri_close_ret,score,rank,trade_return
2025-05-26,6705.89019603588,6884.185651765046,6289.8674660011575,6686.07958984375,117143,000230,일동홀딩스,0.02583586375659741,-0.0784313468280401,0.09302321963209104,0.10033448014123092,0.08580856662946235,0.09849753319589993,0.061634673366732666,0.04467154426329998,1209122641.2070312,-0.002954209748892156,0.004431301315908964,0.0044444311368412315,flat_low_vol,0.015886059403599218,0.0068225431302252485,0,2025-05-24/2025-05-30,6705.89019603588,6695.98486328125,-0.0014771092972093447,1.755733949239708,3.0,-0.004577109297209345
2023-09-04,3465.737909468709,3607.1035347233537,3420.136094870437,3497.6591796875,763158,001200,유진투자증권,0.015894108955090802,-0.1022592626049097,-0.10861870011754227,-0.07134076751411511,-0.08484853597702491,0.05446922821084321,0.03635721815428795,0.03861901555992962,31795366116.429443,0.009210526315789558,0.010526274365025845,0.045632290904380035,flat_low_vol,0.01771342291064082,0.009084769020333538,0,2023-09-02/2023-09-08,3465.737909468709,3483.978515625,0.005263123361537447,2.6478992569404594,3.0,0.0021631233615374474
2024-06-24,1125.5531005859375,1133.5357466893838,1121.5617775342143,1125.5531005859375,225836,001510,SK증권,0.0017761489531444852,-0.02931036319248459,-0.005300312496352655,0.0017794183046841994,-0.010544840971143166,-0.03924918879547168,0.013044363047970643,0.009935830198565062,1212820767.4317627,0.0,-0.005319082155329391,0.0053192164312445556,flat_low_vol,-0.001613557309759095,0.005701886836003283,0,2024-06-22/2024-06-28,1125.5531005859375,1121.561767578125,-0.0035461081362884173,2.9499661937376516,1.0,-0.006646108136288418
2025-05-26,2350.0,2405.0,2295.0,2325.0,579735,001780,알루코,-0.008528784648187626,-0.07677165354330706,-0.062000000000000055,-0.008456659619450302,0.03532008830022071,0.09836065573770503,0.037348630422976425,0.027376385019370838,3170583045.0,-0.010638297872340385,-0.004255319148936176,-0.008602150537634357,flat_low_vol,0.015886059403599218,0.0068225431302252485,0,2025-05-24/2025-05-30,2350.0,2255.0,-0.04042553191489362,2.804302083309589,1.0,-0.04352553191489362
2024-01-29,1075.0,1085.0,1003.0,1030.0,979139,002880,디와이에이,-0.01717557251908397,-0.09420916162489201,0.10084033613445387,0.11252653927813161,0.03762376237623766,-0.1649402390438247,0.07014410566658084,0.05184610805933049,1590403928.0,-0.041860465116279055,0.20930232558139528,0.09320388349514563,flat_low_vol,0.0011920354102821218,0.008538902312512822,0,2024-01-27/2024-02-02,1075.0,1077.0,0.0018604651162790198,1.8170922592122642,2.0,-0.0012395348837209801
2025-10-13,140730.72022058823,143602.77573529413,137957.70110294118,143107.59375,10908,003030,세아제강지주,0.0027758152294408145,-0.06184892797355379,-0.091997468120115,-0.0762820301474727,-0.14480716728310994,-0.18862616744222238,0.02242480482640882,0.018762656234492307,2604055885.171875,0.01688951442646025,0.002111219240962914,-0.011072634816068239,flat_low_vol,0.014900562602443879,0.006045044824193007,0,2025-10-11/2025-10-17,140730.72022058823,144890.25,0.02955665808355068,3.2963844351555025,1.0,0.02645665808355068
2025-04-07,764219.011988491,796102.9864130435,745287.9021739131,779164.625,79925,003230,삼양식품,-0.022499940997000922,-0.051008274813763466,-0.055489939836458335,-0.05213274404224977,-0.12758994393589462,-0.11699782046382301,0.024837579502195346,0.02236144305446447,111373904339.75,0.019556714471968606,0.0508473167197554,0.02813285446576841,flat_low_vol,-0.00166271842297816,0.00940218738510542,0,2025-04-05/2025-04-11,764219.011988491,899725.8125,0.17731409240777918,2.2810815334916255,2.0,0.1742140924077792
2024-04-01,717886.0867132867,724855.8545454545,706933.5944055944,711912.0,2504,003240,태광산업,-0.01379310523960331,-0.05598961334474328,0.006944489246351049,0.006944489246351049,-0.03718450328923095,-0.07760815915684194,0.03346612841688515,0.02478801150229094,4224376290.75,-0.00832177531206657,-0.011095713301127352,-0.029370642017552684,flat_low_vol,0.01669030955076245,0.0044383247490362415,0,2024-03-30/2024-04-05,717886.0867132867,679054.5,-0.054091571674094174,2.258737589320896,1.0,-0.05719157167409417
2025-11-10,1942.0,1987.0,1942.0,1985.0,337633,003520,영진약품,0.02266872746007209,-0.046191646191646174,-0.04384236453201973,-0.05776699029126209,-0.03672456575682381,-0.02511300853842291,0.01735747851432055,0.016523575398380872,3661508223.0,0.02214212152420192,0.02471678681771361,-0.011083123425692731,flat_low_vol,-0.005071239486558521,0.009728454567368419,0,2025-11-08/2025-11-14,1942.0,2060.0,0.0607621009268795,2.795499465338019,3.0,0.057662100926879505
2023-05-22,54268.84765625,54631.849981709864,53724.3441680602,54268.84765625,77850,004000,롯데정밀화학,-0.008291892075557805,-0.024271828431029707,-0.019512140837083636,-0.024271828431029707,-0.03519998115714551,-0.01631317968217383,0.009299820551087861,0.011690601515475569,4092867538.6640625,0.0,0.008361193229157848,0.0016722300899925102,flat_low_vol,-0.015481399551282027,0.00889588257321523,0,2023-05-20/2023-05-26,54268.84765625,53361.34375,-0.016722372879525937,2.0761830260743723,1.0,-0.019822372879525936
2025-11-10,43308.491849334074,43794.01305840733,42774.4185193535,43745.4609375,97127,004000,롯데정밀화학,0.034443141198220006,-0.07241743810572954,-0.05016359429457218,-0.04495613406341337,-0.10849543898864489,-0.056338040446000104,0.027509772037789294,0.02376359452982841,5868218991.6796875,0.010089686098654793,0.004484335728157651,-0.001109847289513466,flat_low_vol,-0.005071239486558521,0.009728454567368419,0,2025-11-08/2025-11-14,43308.491849334074,45444.78515625,0.04932735395977028,3.047410946808999,1.0,0.04622735395977028
2024-05-13,50300.0,50800.0,49850.0,50700.0,11368,004700,조광피혁,0.0019762845849802257,-0.02692307692307694,-0.02316602316602312,-0.03065134099616862,-0.01747572815533982,0.0170854271356784,0.011375786694620785,0.009268610551844267,1116033600.0,0.007952286282306265,0.007952286282306265,0.0039447731755424265,flat_low_vol,0.018775352957506763,0.008289731250196117,0,2024-05-11/2024-05-17,50300.0,50500.0,0.003976143141153132,2.904758676878466,2.0,0.0008761431411531324
2023-03-06,514.0,514.0,465.0,490.0,4120760,005030,부산주공,-0.02970297029702973,-0.02131782945736438,-0.054307116104868935,-0.08679927667269438,-0.14695945945945943,-0.20472440944881887,0.01521118446667097,0.013254621168000576,14849230585.0,-0.046692607003890996,-0.046692607003890996,0.0020408163265306367,flat_low_vol,0.0012671929590153397,0.00869361352885076,0,2023-03-04/2023-03-10,514.0,471.0,-0.08365758754863817,1.6083318555214592,3.0,-0.08675758754863817
2022-05-02,162618.2296875,180686.921875,160359.6431640625,180686.921875,150550,005300,롯데칠성,0.09890113336182904,-0.029333425327933704,-0.03448277760370533,-0.061855690322691115,-0.029333425327933704,0.002754734309501572,0.023477430393205646,0.018309825359936274,4580225411.5,0.11111111111111116,0.11111100587632139,-0.002500094474532699,flat_low_vol,-0.0038913988958134693,0.008994985804160261,0,2022-04-30/2022-05-06,162618.2296875,174814.609375,0.07500007662694119,1.6020592633350927,3.0,0.07190007662694119
2025-11-10,116248.09460263324,116248.09460263324,113140.37611701564,114791.3515625,13146,005300,롯데칠성,0.0068143106347702265,-0.07120255208789106,-0.02572613509543864,0.018213331409540512,0.012068949016956765,0.028021018229144934,0.03387637213195746,0.02411751553607771,3874210055.3125,-0.012531328320801949,-0.018379306866190825,-0.002538096803759382,flat_low_vol,-0.005071239486558521,0.009728454567368419,0,2025-11-08/2025-11-14,116248.09460263324,114888.46875,-0.011695897961001456,2.9523170403426597,2.0,-0.014795897961001456
2024-04-15,79233.77104028697,81558.9155629139,77802.91287251655,81022.34375,139123,005830,DB손해보험,0.028376881862879566,-0.07748691061161628,-0.07941486035610446,-0.073606768492543,-0.08515057744342436,-0.12449060879693219,0.027082518805768774,0.022614677534390053,21076210053.75,0.02257336343115135,0.012415294197950066,-0.020971356280964137,flat_low_vol,-0.013737995385303181,0.006233334398899085,0,2024-04-13/2024-04-19,79233.77104028697,78250.0546875,-0.012415367082386997,3.426399093853195,1.0,-0.015515367082386997
2025-03-17,7860.0,8210.0,7650.0,8080.0,113666,006370,대구백화점,0.029299363057324834,-0.1693121693121693,-0.148590021691974,-0.16489361702127658,-0.19897959183673475,0.12464183381088834,0.07069028742341896,0.07614643611478814,3389527950.0,0.027989821882951738,0.027989821882951738,0.017326732673267342,flat_low_vol,0.00517710123720283,0.008456610757328538,0,2025-03-15/2025-03-21,7860.0,8000.0,0.01781170483460559,2.2235074673348736,2.0,0.01471170483460559
2024-03-18,7140.315505014635,7286.433830492424,7042.903288029442,7072.126953125,130259,006730,서부T&D,-0.013586941716310696,-0.022576402240738758,-0.012080523907864849,-0.005405399547084411,-0.017356456715667212,-0.061224487186315124,0.01311612574594733,0.01207946286497049,1932642458.3046875,-0.009549795361528002,-0.015006819781558378,-0.0013774089467095685,flat_low_vol,-0.002669073908508901,0.005747158313378952,0,2024-03-16/2024-03-22,7140.315505014635,7150.056640625,0.0013642444235866247,1.8689905745899167,3.0,-0.0017357555764133752
2025-04-07,63725.45202978972,65303.7913989486,62936.28234521028,63330.8671875,89879,009450,경동나비엔,-0.048888934256150374,-0.05462185852658896,-0.09152079767639998,-0.06767955166531714,-0.11300914878139401,-0.1906474225785989,0.023136421653391987,0.020993529835980452,10970408608.710938,-0.006191950464396245,0.037151685563267645,-0.028037399318139533,flat_low_vol,-0.00166271842297816,0.00940218738510542,0,2025-04-05/2025-04-11,63725.45202978972,69446.9296875,0.08978324163217644,2.601842517830112,1.0,0.08668324163217643
2023-07-17,6000.497973111658,6010.037715517241,5800.163382594417,5809.703125,348811,009780,엠에스씨,-0.0333333143763318,-0.18075425370509224,-0.15322582420530795,-0.1286306769004273,-0.156626513453898,0.03960401224393362,0.07260922373416873,0.08179469025512427,10839487449.779297,-0.031796502384737635,-0.03815584126020166,-0.014778364454939297,flat_low_vol,-0.005966033454223751,0.007786288249558044,0,2023-07-15/2023-07-21,6000.497973111658,5762.0048828125,-0.03974554968068489,2.2098531474513208,1.0,-0.04284554968068489
2023-03-06,48962.115846238936,49664.08166482301,48786.62439159292,49576.3359375,87143,012750,에스원,0.018018012959583496,-0.014209571951896094,-0.01595743463277799,-0.012455489093010863,-0.03979232504739261,-0.05772497077241545,0.008317447804186692,0.008436493478433005,3496384709.953125,0.012544802867383575,0.008960573476702427,0.0,flat_low_vol,0.0012671929590153397,0.00869361352885076,0,2023-03-04/2023-03-10,48962.115846238936,46856.21875,-0.04301074534548943,1.684298338903639,1.0,-0.04611074534548943
2024-06-24,2190.0,2225.0,2130.0,2170.0,400065,014470,부방,-0.0091324200913242,-0.06808510638297871,-0.0331125827814569,-0.07594936708860756,0.011547344110854452,-0.002277904328018221,0.03305129190911821,0.025697478543709112,1323243990.0,-0.0091324200913242,-0.013698630136986356,0.004608294930875667,flat_low_vol,-0.001613557309759095,0.005701886836003283,0,2024-06-22/2024-06-28,2190.0,2150.0,-0.0182648401826484,2.6494858733775004,3.0,-0.0213648401826484
2023-07-24,15059.366434759124,15331.406602612837,14699.884784381002,15175.955078125,409542,014620,성광벤드,-0.0025542406267328177,-0.05090906986490962,-0.03333330644696453,-0.03571428350383421,-0.021249968982113954,0.09510489372860165,0.02467729975712764,0.022270521378033096,9543539847.82129,0.00774193548387081,0.006451542876627192,0.024327713620783564,flat_low_vol,-0.0020665757691195052,0.008094037299880173,0,2023-07-22/2023-07-28,15059.366434759124,15574.2978515625,0.03419343164496236,2.2859397407338937,3.0,0.03109343164496236
2022-12-19,80577.19934940888,81667.30802155421,78487.82439446368,78760.3515625,36324,014830,유니드,-0.026936043835402823,-0.02409627772789591,-0.047058880881175824,-0.07380452009160043,-0.08802448156466525,-0.09033132634319863,0.00964826257194459,0.01307131382102592,2455413141.0,-0.022547914317925577,-0.025930130640563154,0.004613580060160771,flat_low_vol,0.010986049626853678,0.009718234329775245,0,2022-12-17/2022-12-23,80577.19934940888,75308.3359375,-0.06538901146292486,1.8434472661145764,3.0,-0.06848901146292487
2024-03-11,70213.93164588949,71547.71053739892,69547.04220013478,70690.28125,31073,014830,유니드,0.0,-0.05717918652811249,-0.09512196121998118,-0.046272514166216916,-0.08957063091339501,-0.01721852722174766,0.033187350271153264,0.027718177126365654,7020605282.34375,0.006784260515603657,0.008141101536921491,0.0026954067678151006,flat_low_vol,0.019405720692826867,0.006482693798841207,0,2024-03-09/2024-03-15,70213.93164588949,72024.0625,0.02578022354936005,2.062876872004811,1.0,0.02268022354936005
2023-07-24,5928.5927734375,6165.61669921875,5421.5419921875,5622.5625,153849,018700,졸스,-0.05161937834702357,-0.10181820710404799,-0.11588366101945702,-0.15010756162455463,-0.16271186908199198,-0.1662447221456188,0.03197574696286891,0.028898201652904028,1796950541.0361328,-0.05161937834702357,-0.09463563678340481,-0.008004336601416195,flat_low_vol,-0.0020665757691195052,0.008094037299880173,0,2023-07-22/2023-07-28,5928.5927734375,5520.55224609375,-0.06882586524949685,3.5233405983868935,1.0,-0.07192586524949686
2025-10-13,65360.14229493647,65555.24719730942,64579.72268544469,65262.58984375,79927,023530,롯데쇼핑,0.0,-0.04154725607482379,-0.055084709815280464,-0.04836417882563093,-0.07596687573233918,0.004504547837094419,0.014158844259205279,0.013905912396573954,6280871646.5625,-0.0014925373134327957,-0.007462686567164201,0.0,flat_low_vol,0.014900562602443879,0.006045044824193007,0,2025-10-11/2025-10-17,65360.14229493647,65262.58984375,-0.0014925373134327957,2.9877403862446257,2.0,-0.004592537313432796
2025-05-26,1980.0,2278.0,1962.0,2074.0,6253138,027740,마니커,0.04747474747474745,-0.1421143847487002,-0.07042253521126762,0.15925058548009363,0.15519253208868156,0.15654205607476634,0.11314316762171484,0.07865631556907844,9181234260.0,0.04747474747474745,0.04949494949494948,-0.03664416586306651,flat_low_vol,0.015886059403599218,0.0068225431302252485,0,2025-05-24/2025-05-30,1980.0,1894.0,-0.04343434343434338,1.8067765279940031,2.0,-0.04653434343434338
2024-07-01,59400.0,63800.0,58500.0,62600.0,3064043,028300,HLB,0.07008547008547006,-0.08450704225352113,-0.1964285714285714,-0.09020217729393465,-0.0609951845906902,-0.04878048780487809,0.05821376418727157,0.045970194181475146,220558747500.0,0.05387205387205385,0.05387205387205385,-0.05591054313099042,flat_low_vol,-0.000694904204533886,0.006056645355885437,0,2024-06-29/2024-07-05,59400.0,93100.0,0.5673400673400673,1.8383007459119105,2.0,0.5642400673400673
2025-09-01,40641.91566780822,40641.91566780822,38923.96029537671,39414.8046875,16692,031440,신세계푸드,-0.020731661750198138,-0.05747128224201681,-0.028436039066964125,0.030150776376868027,0.11413046710349684,0.0775295285698181,0.03778011349021931,0.031678695453691605,3787413073.0273438,-0.03019323671497587,-0.030193251252192188,-0.0037360049711651078,flat_low_vol,-0.017247183964924306,0.009206176700881539,0,2025-08-30/2025-09-05,40641.91566780822,41427.265625,0.01932364516502938,1.8141934640594402,2.0,0.01622364516502938
2022-12-19,9552.060952719155,9674.523272625813,9429.5986328125,9429.5986328125,789076,032640,LG유플러스,-0.012820470877622725,-0.020920467749155347,-0.029045615144780434,-0.029045615144780434,-0.029045615144780434,-0.029045615144780434,0.014045032020793494,0.011166358005645636,7420432267.294922,-0.012820512820512775,-0.008547159023929218,0.0043288518978379376,flat_low_vol,0.010986049626853678,0.009718234329775245,0,2022-12-17/2022-12-23,9552.060952719155,9633.701171875,0.008546869577146454,1.87352651048606,2.0,0.005446869577146454
2023-05-08,12271.049100259,12619.815395562004,11683.654423253998,11702.0107421875,111500,032960,동일기연,-0.03990971535788357,-0.09289612680790704,0.10299014332277157,0.04484672378553345,-0.003750809888376838,-0.06082032166508422,0.07449280473317092,0.05327763713836006,2698754021.336914,-0.04637242940047315,-0.04338070821715023,0.05019603418516394,flat_low_vol,-0.005384796972986328,0.009747370537325419,0,2023-05-06/2023-05-12,12271.049100259,13399.94921875,0.09199703377172308,1.7436232497822532,3.0,0.08889703377172307
2024-06-17,3280.0,3280.0,3190.0,3230.0,42011,033560,블루콤,-0.007680491551459334,-0.03698224852071008,-0.06733524355300857,-0.04685212298682284,-0.05788712011577424,-0.08438818565400841,0.015589899098853473,0.012133370765496147,2670844680.0,-0.015243902439024404,-0.015243902439024404,-0.012383900928792602,flat_low_vol,0.0017222621464796362,0.005327966053220236,0,2024-06-15/2024-06-21,3280.0,3245.0,-0.010670731707317027,3.047978112222291,3.0,-0.013770731707317027
2024-03-18,85333.59577265373,86063.72279530745,84329.67111650486,84603.46875,116366,033780,KT&G,0.0010800031541304822,-0.027310940615363655,-0.0021552586928459405,-0.01384456874141482,-0.004301247085520821,0.02547058335604513,0.014988979173897118,0.011324238009180147,30235843604.757812,-0.008556149732620422,-0.017112290624751503,-0.003236236989396457,flat_low_vol,-0.002669073908508901,0.005747158313378952,0,2024-03-16/2024-03-22,85333.59577265373,84420.9375,-0.010695181240050422,2.411724355601116,1.0,-0.013795181240050422
2024-06-03,76937.13156876474,77849.79030623526,76937.13156876474,77393.4609375,379168,033780,KT&G,0.015568923294448034,-0.0199530979873489,-0.030197559610388724,-0.033564824103177626,-0.06494971508489933,-0.06599562972526019,0.006837790385814359,0.008896323897716878,51266811317.0,0.005931198102016477,-1.2795873249871192e-08,0.0047169682758445575,flat_low_vol,0.003817691180958427,0.005042318432426693,0,2024-06-01/2024-06-07,76937.13156876474,79127.515625,0.02846979100432856,2.2428475195771136,3.0,0.02536979100432856
2023-06-26,14173.190197989894,14281.192233496266,14048.572464713312,14181.498046875,476905,035250,강원랜드,0.0011730567984933327,-0.01785718638589373,-0.039436646021223654,-0.033994384651255816,-0.06215622924298514,-0.09066670762525653,0.006979256224317454,0.006175934344787002,10220330531.55664,0.0005861664712778492,3.505404833070713e-08,0.035735244273906064,flat_low_vol,0.004195127635106877,0.005155215363809974,0,2023-06-24/2023-06-30,14173.190197989894,14439.041015625,0.018757302620041827,2.891414543771287,3.0,0.01565730262004183
2024-03-04,6130.0,6430.0,5870.0,5980.0,152221,035290,골드앤에스,0.013559322033898313,-0.13868613138686137,0.057347670250896154,0.04982206405693956,0.06306306306306309,0.1368015414258188,0.11311343621362689,0.081095690976424,6300627700.0,-0.024469820554649302,-0.024469820554649302,-0.0317725752508361,flat_low_vol,0.016301889625526922,0.007632817277992734,0,2024-03-02/2024-03-08,6130.0,7690.0,0.2544861337683524,1.7101541366381596,3.0,0.2513861337683524
2022-12-19,3600.360107421875,3720.3720703125,3330.3330078125,3600.360107421875,403461,041590,플래스크,-0.028340079637888316,-0.07142852772713604,-0.11469530621389812,-0.1115107644127501,-0.13333335617461517,-0.13636365188278465,0.023544996151099572,0.019974395752984507,11309569215.717773,0.0,-0.012500038143157255,-0.012500038143157255,flat_low_vol,0.010986049626853678,0.009718234329775245,0,2022-12-17/2022-12-23,3600.360107421875,3225.322509765625,-0.10416669068272866,3.5760044313963,1.0,-0.10726669068272866
2024-04-08,3460.3257385744805,3663.874311431802,3436.657299870141,3531.3310546875,507606,051380,피씨디렉트,0.020519852056239518,-0.050649337775136694,0.005502010579217842,-0.0027284870427473074,0.0517985105395844,0.08296293466384475,0.031538294860699784,0.0245616412498868,1167721505.1855469,0.020519835841313228,0.0013679940284192504,-0.029490611802881705,flat_low_vol,0.010374850421206228,0.005753322551612,0,2024-04-06/2024-04-12,3460.3257385744805,3441.39111328125,-0.005471919906890332,2.0621316490961337,3.0,-0.008571919906890333
2024-04-08,61770.36012380192,61770.36012380192,59756.10925019968,60043.859375,80108,053800,안랩,-0.02795029877547961,-0.041666669191805505,-0.06666671388456447,-0.03880593494882845,-0.0344827249337204,-0.048744498531808844,0.018520250487391345,0.017513706740131467,7364076933.609375,-0.02795031055900621,-0.027950358683718757,0.01597439059520811,flat_low_vol,0.010374850421206228,0.005753322551612,0,2024-04-06/2024-04-12,61770.36012380192,66374.359375,0.07453411704206703,2.3790891220263024,2.0,0.07143411704206702
2025-10-20,56808.88845856442,57688.88845189846,56711.1106815273,57297.77734375,28709,053800,안랩,0.00687282156837532,-0.028380640959937975,-0.020201997783230063,-0.03801649279818531,-0.028380640959937975,-0.05825242592923352,0.013264892825355706,0.011638733722043791,7118796536.21875,0.008605851979345935,0.012048208013017536,0.011945407731852598,flat_low_vol,-0.017892701164922697,0.007778310742410715,0,2025-10-18/2025-10-24,56808.88845856442,57297.77734375,0.008605851979345935,2.438464667868891,3.0,0.005505851979345935
2025-10-20,4760.0,5500.0,4425.0,4830.0,1031939,054780,키이스트,-0.015290519877675823,-0.1825,-0.15866209262435682,-0.10818181818181816,-0.018018018018018056,0.08039647577092501,0.07916795945188058,0.06340633080116069,10038945780.0,0.014705882352941124,0.012605042016806678,-0.03416149068322982,flat_low_vol,-0.017892701164922697,0.007778310742410715,0,2025-10-18/2025-10-24,4760.0,4950.0,0.0399159663865547,2.8782614873633285,2.0,0.036815966386554703
2023-05-08,3228.3669115595458,3273.645549870339,3214.7833200663076,3232.894775390625,275496,058850,KTcs,0.001402514680235889,-0.03125,0.008486502749556424,0.004225398534237312,-0.028610372838624665,-0.11318408735941421,0.017566787661378553,0.016575896472771807,1325770854.060791,0.0014025245441795509,-0.005610081692671298,-0.0238095076271696,flat_low_vol,-0.005384796972986328,0.009747370537325419,0,2023-05-06/2023-05-12,3228.3669115595458,3042.724609375,-0.05750347072379902,1.8852675661513951,2.0,-0.06060347072379902
2025-03-10,55700.0,56700.0,54600.0,54800.0,120281,058970,엠로,-0.0036363636363636598,-0.07563025210084029,-0.08637873754152825,-0.17664670658682635,-0.2434662998624484,-0.3373493975903614,0.028605339574432266,0.028019223941417745,20039140000.0,-0.016157989228007152,-0.055655296229802476,-0.009124087591240837,flat_low_vol,0.009060884843619776,0.008098042022628614,0,2025-03-08/2025-03-14,55700.0,53800.0,-0.03411131059245964,2.6992272255279843,2.0,-0.03721131059245964
2024-05-13,3841.628398976631,3899.834889870217,3788.2724489908446,3865.881103515625,157763,059210,메타바이오메드,0.006313126338152841,-0.0715122681289928,-0.07692308594811892,-0.06823522194513598,-0.08545032735990432,-0.031784828739432114,0.02537501246710381,0.025674196285295388,3925237618.857422,0.0063131313131312705,-3.507596657570389e-08,-0.0037641503768097717,flat_low_vol,0.018775352957506763,0.008289731250196117,0,2024-05-11/2024-05-17,3841.628398976631,4768.08154296875,0.24116157206639666,2.7853751421987325,3.0,0.23806157206639667
2025-03-17,1799.0,1875.0,1769.0,1799.0,294537,060570,드림어스컴퍼니,0.0016703786191536452,-0.078974358974359,-0.054239073196419185,0.07932692307692313,0.023361823361823353,0.02511415525114158,0.049778597476725556,0.03590885454753131,1242145928.0,0.0,0.0,0.0,flat_low_vol,0.00517710123720283,0.008456610757328538,0,2025-03-15/2025-03-21,1799.0,1710.0,-0.0494719288493608,2.1993004224020396,3.0,-0.0525719288493608
2025-09-01,1789.0,1894.0,1767.0,1784.0,251406,060570,드림어스컴퍼니,0.015945330296127658,-0.13497536945812805,-0.09391124871001033,-0.10224948875255624,-0.14132029339853303,-0.21078651685393257,0.046843478385637405,0.040978550505719094,1004595308.0,-0.0027948574622693734,-0.0027948574622693734,-0.024663677130044803,flat_low_vol,-0.017247183964924306,0.009206176700881539,0,2025-08-30/2025-09-05,1789.0,1786.0,-0.001676914477361624,3.2938053638400526,1.0,-0.004776914477361624
2024-01-22,8987.633398642445,9335.541788267314,8968.305154774396,9209.908203125,31465,060850,영림원소프트랩,0.031385307897234815,-0.05521469730316553,-0.012820541886594095,-0.004310318543690794,0.05239170411550953,0.06438349355610984,0.03219325755450876,0.024232394123718665,2637460962.5,0.02473118279569886,0.024731189415512445,-0.0010493114900668177,flat_low_vol,0.011091062875752344,0.008983888295214144,0,2024-01-20/2024-01-26,8987.633398642445,9074.6103515625,0.009677403278731012,2.278548996077997,3.0,0.006577403278731011
2023-09-11,35550.0,36600.0,34950.0,36600.0,203792,064290,인텍플러스,0.025210084033613356,-0.06299212598425197,-0.0822622107969152,-0.12068965517241381,0.02145922746781115,0.008474576271186418,0.04585587933207805,0.042000221413533094,23283897000.0,0.029535864978903037,0.09563994374120965,0.06557377049180335,flat_low_vol,0.00026485857471092444,0.008495504103771163,0,2023-09-09/2023-09-15,35550.0,37800.0,0.06329113924050622,1.4998046168384,3.0,0.060191139240506224
2024-03-25,21634.214678574823,21843.848054699374,21424.581302450268,21550.361328125,970582,067310,하나마이크론,-0.003875967592566698,-0.053211112372350766,-0.03910625671653811,-0.06859211301022516,-0.0851065059941628,-0.019011486988663173,0.031173134803898904,0.03388522052100074,55741290108.22656,-0.003875959987254207,7.589210371250488e-08,-0.007782007715394168,flat_low_vol,-0.0027987668139914934,0.006103078235361996,0,2024-03-23/2024-03-29,21634.214678574823,24024.041015625,0.11046513000617075,1.5703339554592122,3.0,0.10736513000617075
2024-07-01,8210.0,8500.0,8150.0,8450.0,784029,067630,HLB생명과학,0.027980535279805263,-0.04418604651162794,-0.11326860841423947,-0.07640449438202246,-0.06164383561643838,-0.19490695396669933,0.027889877357511698,0.024469594339336573,7051280400.0,0.02923264311814866,0.01948842874543244,-0.03076923076923077,flat_low_vol,-0.000694904204533886,0.006056645355885437,0,2024-06-29/2024-07-05,8210.0,11740.0,0.42996345919610235,1.8057531276926728,3.0,0.42686345919610236
2023-07-17,15300.0,15390.0,14840.0,15140.0,193431,078350,한양디지텍,-0.009810333551340755,-0.061963190184049055,-0.036546943919344654,-0.003908794788273662,-0.13518099547511309,-0.08443113772455091,0.039856752028361905,0.03299915764948257,5060852390.0,-0.010457516339869244,-0.005228758169934622,-0.029722589167767488,flat_low_vol,-0.005966033454223751,0.007786288249558044,0,2023-07-15/2023-07-21,15300.0,14010.0,-0.08431372549019611,1.8777203600838168,3.0,-0.08741372549019612
2024-03-25,298.0,317.0,283.0,290.0,3153546,082660,코스나인,-0.02684563758389258,-0.20744680851063835,0.10780669144981414,0.06428571428571428,-0.019736842105263164,-0.053968253968254,0.12311571485003076,0.08888609685119335,3347680148.0,-0.02684563758389258,-0.020134228187919434,-0.0034482758620689724,flat_low_vol,-0.0027987668139914934,0.006103078235361996,0,2024-03-23/2024-03-29,298.0,268.0,-0.10067114093959728,2.3338499029598605,1.0,-0.10377114093959729
2023-07-24,13870.205246424692,13870.205246424692,13346.241684015207,13652.7109375,211329,086390,유니테스트,-0.007902292784003229,-0.06072878082991906,-0.053705004472356044,-0.04000002997502061,-0.01764295650178338,-0.046575390475437906,0.028248201696380117,0.02410951033634673,6786105218.644531,-0.015680684248039922,-0.01568064711475403,-0.022447464932273675,flat_low_vol,-0.0020665757691195052,0.008094037299880173,0,2023-07-22/2023-07-28,13870.205246424692,13731.7998046875,-0.009978615260424428,2.518872427631443,2.0,-0.013078615260424429
2024-03-25,22250.0,22650.0,22150.0,22250.0,54781,088390,이녹스,0.004514672686230181,-0.043196544276457916,-0.051391862955032175,-0.05341880341880345,-0.079002079002079,-0.06736842105263163,0.025412415500861395,0.024393489009216347,1076135600.0,0.0,0.011235955056179803,0.03370786516853941,flat_low_vol,-0.0027987668139914934,0.006103078235361996,0,2024-03-23/2024-03-29,22250.0,22300.0,0.0022471910112360494,1.7708227084750934,2.0,-0.0008528089887639505
2024-01-22,4205.0,4575.0,4205.0,4285.0,56304,091970,나노캠텍,0.019024970273483932,-0.13920163766632554,-0.16732673267326736,-0.19134615384615383,-0.22702205882352944,-0.25310834813499117,0.04199380725436779,0.034553391314528635,2652896655.0,0.019024970273483932,0.019024970273483932,0.03267211201866971,flat_low_vol,0.011091062875752344,0.008983888295214144,0,2024-01-20/2024-01-26,4205.0,4060.0,-0.03448275862068961,4.028595526245655,1.0,-0.03758275862068961
2024-01-29,19249.009439393423,19534.69074632403,17672.83671150041,18047.177734375,5496727,098460,고영,-0.0497925055183609,-0.08408549265670406,0.13079181143118546,0.20124609291183204,0.2414680909409841,0.1354534618856993,0.06157828116262653,0.05082611921258794,136907522671.48438,-0.06243602865916076,-0.06908911239214965,-0.025655089119176022,flat_low_vol,0.0011920354102821218,0.008538902312512822,0,2024-01-27/2024-02-02,19249.009439393423,17268.94140625,-0.10286597029201827,1.6543756233877263,3.0,-0.10596597029201828
2024-06-03,17515.35713661164,17663.45767609821,17396.876705022383,17643.7109375,91155,099190,아이센스,0.014188521645410512,-0.032399810764378256,-0.0531971762162774,-0.08133475442887372,-0.10829966465131768,-0.1023942870548552,0.01540028835134893,0.013254947764677,7245641865.625,0.00732807215332576,0.005637015375016929,-0.001119157631857992,flat_low_vol,0.003817691180958427,0.005042318432426693,0,2024-06-01/2024-06-07,17515.35713661164,20141.671875,0.14994354485063166,2.444355974809666,1.0,0.14684354485063167
2023-07-03,54953.46353226534,55348.10240861913,52585.6302741426,54657.484375,610691,101490,에스앤에스텍,0.0,-0.0735786520052808,-0.06418920500548486,-0.07666667568510843,-0.10500809325103588,-0.026362084645856987,0.027591426266014574,0.02846255130739087,52412373546.8125,-0.0053859964093356805,-0.010772000745023491,-0.0018050621498256758,flat_low_vol,0.011917685566188219,0.0054336016116788115,0,2023-07-01/2023-07-07,54953.46353226534,51303.0546875,-0.0664272751911632,2.5851038865294775,2.0,-0.06952727519116321
2023-05-15,11740.0,12400.0,11730.0,11830.0,350277,101730,위메이드맥스,-0.01988400994200501,-0.10856720827178734,-0.19800664451827243,-0.1877523553162853,-0.19853917662682607,-0.22528883183568682,0.0504820137087536,0.04072227806291127,9286332110.0,0.0076660988074956915,0.017035775127768327,0.040574809805578926,flat_low_vol,-0.009591717271591693,0.008220531523112896,0,2023-05-13/2023-05-19,11740.0,12190.0,0.03833049403747868,2.666039657802626,3.0,0.03523049403747868
2023-07-03,10120.0,10800.0,10120.0,10680.0,189763,101730,위메이드맥스,0.030888030888030826,-0.040740740740740744,-0.0839964633068081,-0.09519650655021838,-0.09913043478260875,-0.15081967213114755,0.018988002675200247,0.018618158696893282,2777246640.0,0.05533596837944654,0.06422924901185767,-0.02059925093632964,flat_low_vol,0.011917685566188219,0.0054336016116788115,0,2023-07-01/2023-07-07,10120.0,9920.0,-0.01976284584980237,2.188226097113403,3.0,-0.022862845849802367
2024-03-18,13220.0,15120.0,13000.0,14900.0,1578160,101730,위메이드맥스,0.1658841940532081,-0.07256894049346885,-0.07792207792207795,-0.0031201248049922414,0.08121827411167515,-0.0023419203747072626,0.04949862634625369,0.03810086868042187,6546324960.0,0.1270801815431164,0.10287443267776086,-0.045637583892617406,flat_low_vol,-0.002669073908508901,0.005747158313378952,0,2024-03-16/2024-03-22,13220.0,13410.0,0.01437216338880476,1.9046531747649733,2.0,0.01127216338880476
2023-05-15,22171.15385841837,25439.97782472364,20560.42900545635,20892.048828125,5790576,104460,디와이피엔에프,-0.23437500671021427,-0.2992701117988946,-0.3955928825233582,-0.3943217646469239,-0.39047618133528594,-0.3872340362076192,0.09601493737253954,0.0703854552723146,21779686512.992188,-0.05769230769230771,-0.010683760683760757,0.0,flat_low_vol,-0.009591717271591693,0.008220531523112896,0,2023-05-13/2023-05-19,22171.15385841837,21460.541015625,-0.032051234109475524,4.251874348770597,1.0,-0.03515123410947552
2023-07-17,1255.9597184806034,1291.5057482489224,1253.98493904903,1288.5435791015625,337274,113810,디젠스,0.02032837066522908,-0.04552234447685566,-0.0738595173533122,-0.03471697704777499,-0.027376418634613375,-0.2563953372197981,0.02560755597763737,0.023712495012676516,1291840468.3809814,0.02594339622641506,0.02751564010310048,-0.047509655638837134,flat_low_vol,-0.005966033454223751,0.007786288249558044,0,2023-07-15/2023-07-21,1255.9597184806034,1203.6280517578125,-0.04166667605080454,1.9197618998979131,2.0,-0.04476667605080454
2023-02-27,37750.0,39600.0,36500.0,38950.0,343215,115160,휴맥스,0.03178807947019857,-0.04309252217997461,-0.005270092226614009,0.04281767955801108,0.021650879566982306,0.07244318181818188,0.05896739230593476,0.0412691467424328,2780400750.0,0.03178807947019857,0.0,-0.029525032092426184,flat_low_vol,0.013380896480707838,0.008965107614614998,0,2023-02-25/2023-03-03,37750.0,38950.0,0.03178807947019857,1.0441825329930319,2.0,0.028688079470198573
2024-06-10,9634.697536945812,9992.235140855912,9465.337619304188,9550.017578125,1438634,117580,대성에너지,-0.027777755685071792,-0.1321695855266808,-0.05004546428154533,0.23843413916437362,0.12987017071685814,0.1877133025201978,0.11868736488680626,0.08373342344035573,50472102605.375,-0.0087890625,0.0009765067151483731,-0.014778380029977889,flat_low_vol,-0.0012606730115813924,0.005751251464338571,0,2024-06-08/2024-06-14,9634.697536945812,9211.2978515625,-0.04394530121570683,1.578456727268851,2.0,-0.04704530121570683
2023-07-03,2195.0,2250.0,2180.0,2210.0,700086,119650,KC코트렐,0.054280019370829935,-0.143939347864516,-0.1340996446786562,-0.1736745946474485,-0.13575521540023727,-0.3088684700206282,0.054410005954718704,0.04602731335635699,6136544040.605957,0.006833712984054774,0.011389521640091216,0.03393665158371051,flat_low_vol,0.011917685566188219,0.0054336016116788115,0,2023-07-01/2023-07-07,2195.0,2210.0,0.006833712984054774,3.127259389443291,1.0,0.003733712984054774
2024-03-04,36148.28184277723,36799.60223634079,35869.14453125,35869.14453125,115475,120110,코오롱인더,-0.005161243491431322,-0.03726710665917354,-0.04084155264925837,-0.042027176747456596,-0.04556642860304061,-0.04907982096597807,0.01809644004207052,0.014986517219839094,9992996648.90625,-0.0077220077220074845,-0.009009132348078652,-0.019455374957214833,flat_low_vol,0.016301889625526922,0.007632817277992734,0,2024-03-02/2024-03-08,36148.28184277723,34194.31640625,-0.054054171786802385,2.486708960627589,1.0,-0.057154171786802384
2024-05-13,3586.4532522048844,3614.255215400271,3234.2950517299864,3415.0078125,2433981,126560,현대퓨처넷,-0.04409856672243495,-0.15088106429842307,-0.14523276519315653,-0.1780383767762569,-0.1628664010616877,0.0605227090702567,0.05252949972575446,0.04539741816379408,15794196319.144531,-0.04780361757105933,-0.04521961297261479,-0.0067842342280513,flat_low_vol,0.018775352957506763,0.008289731250196117,0,2024-05-11/2024-05-17,3586.4532522048844,3465.97802734375,-0.03359174549035837,3.3235604666777205,1.0,-0.03669174549035837
2025-08-04,11510.446395039942,12002.5107421875,11510.446395039942,12002.5107421875,110057,130660,한전산업,0.04187604590721539,-0.05011937344442108,-0.06572770399240901,-0.042502031823967945,-0.07153965920025662,-0.092015243484031,0.019565883986226325,0.01563450710046799,2105976996.868164,0.042749371332774455,0.04358758412186026,-0.0008038682661692942,flat_low_vol,-0.017028588153927715,0.008459331929808191,0,2025-08-02/2025-08-08,11510.446395039942,12195.4775390625,0.05951386423360172,3.20568938453588,1.0,0.05641386423360172
2022-05-02,6800.0,8190.0,6770.0,7240.0,11845389,154030,아시아종묘,0.05079825834542806,-0.06512890094979651,-0.06385869565217395,-0.047026279391424675,0.020740740740740726,0.06327160493827155,0.04980309108434467,0.03941268811163855,7462545220.0,0.06470588235294117,0.06470588235294117,0.03176795580110503,flat_low_vol,-0.0038913988958134693,0.008994985804160261,0,2022-04-30/2022-05-06,6800.0,6910.0,0.016176470588235237,1.6524856352176591,2.0,0.013076470588235236
2023-06-26,3213.4626085069444,3705.2197652633104,3086.8716572627313,3286.495849609375,4782331,162300,신스틸,0.025835784728745148,-0.08864262772899367,-0.1364829220155872,-0.17128460549105518,-0.2062726826944148,-0.20722888742124823,0.02593874466462976,0.023935519244003473,2948365781.2973633,0.022727272727272707,0.02878792038375888,0.25481486554940025,flat_low_vol,0.004195127635106877,0.005155215363809974,0,2023-06-24/2023-06-30,3213.4626085069444,4411.2080078125,0.37272734903925286,3.70339272047341,2.0,0.3696273490392529
2025-08-04,5712.19752805629,5963.921486919788,5644.425692977657,5944.55810546875,175832,192650,드림텍,0.044217716832188,-0.04390245822571115,-0.0264900147985504,-0.018363929779432242,-0.06814577143710299,-0.028099195048483683,0.016928774103621057,0.013999689947192457,1389751710.7675781,0.04067796610169494,0.03898299881683265,0.009771936402902526,flat_low_vol,-0.017028588153927715,0.008459331929808191,0,2025-08-02/2025-08-08,5712.19752805629,6176.91845703125,0.08135589266519849,3.1359593241931396,2.0,0.07825589266519849
2024-03-04,7873.705159033712,7945.324989928846,7524.558483419938,7725.9892578125,211656,194370,제이에스코퍼레이션,-0.006904484161449287,-0.05440697352003332,-0.06256746342692376,-0.10688590128500353,-0.08718497011735693,-0.060032419278639226,0.04158049562539351,0.030925845170655313,3452648239.6816406,-0.018760659465605456,-0.0159180992465473,-0.026651181021645542,flat_low_vol,0.016301889625526922,0.007632817277992734,0,2024-03-02/2024-03-08,7873.705159033712,7099.31591796875,-0.09835131306339107,1.759272001130582,2.0,-0.10145131306339107
2025-04-07,1405.0,1700.0,1329.0,1495.0,3165231,196700,웹스,0.043994413407821176,-0.1959573273441887,0.16045380875202597,0.23982683982683972,0.25724319578577703,0.25284339457567806,0.1236107453223977,0.08669579144396822,6305826320.0,0.06405693950177938,0.039145907473309594,-0.018060200668896353,flat_low_vol,-0.00166271842297816,0.00940218738510542,0,2025-04-05/2025-04-11,1405.0,1402.0,-0.002135231316725994,2.260286503882216,3.0,-0.005235231316725994
2023-05-15,4035.0,4165.0,3775.0,3785.0,139552,203690,아크솔루션스,-0.061957868649318515,-0.08503401360544216,-0.08503401360544216,-0.08503401360544216,-0.08503401360544216,-0.01344743276283622,0.026890116157894377,0.026507110921313918,5627041530.0,-0.061957868649318515,-0.07063197026022305,-0.05416116248348746,flat_low_vol,-0.009591717271591693,0.008220531523112896,0,2023-05-13/2023-05-19,4035.0,3530.0,-0.12515489467162333,3.2079698861888324,2.0,-0.12825489467162332
2023-09-11,8580.0,9730.0,8500.0,9500.0,139173,203690,아크솔루션스,0.0674157303370786,-0.09276248725790015,-0.16431924882629112,0.06078665077473189,0.14543114543114544,0.2917271407837445,0.073072640819444,0.05300046119199343,4462602400.0,0.10722610722610715,0.09673659673659674,0.0189473684210526,flat_low_vol,0.00026485857471092444,0.008495504103771163,0,2023-09-09/2023-09-15,8580.0,9360.0,0.09090909090909083,1.7502203786844297,2.0,0.08780909090909082
2025-03-10,24792.586950515717,25831.79718197446,24545.15594302554,25188.4765625,92963,214370,케어젠,0.01596802534779762,-0.10053850893721616,-0.06179769094029586,-0.08409505989622568,-0.06529845484701446,-0.2621502367502956,0.036626489204744296,0.03431722545412174,6779706706.806641,0.015968063872255467,-0.021956082917190978,0.001964641569418113,flat_low_vol,0.009060884843619776,0.008098042022628614,0,2025-03-08/2025-03-14,24792.586950515717,26376.146484375,0.06387229928929794,2.929680578974102,1.0,0.06077229928929794
2025-10-27,57819.87751072543,65097.206921558114,57620.49862275741,63900.93359375,190199,214370,케어젠,0.07912462254707142,-0.05414013414470398,-0.048076929114920786,-0.005025158940456853,-0.05714286425110027,-0.09451220641275548,0.026957506061073326,0.037003562722176316,10079074909.179688,0.10517241379310338,0.09655169680644504,0.04836190834702081,flat_low_vol,0.00038242540331401287,0.008353387674641046,0,2025-10-25/2025-10-31,57819.87751072543,64698.44921875,0.11896551850613335,1.4631059866097076,2.0,0.11586551850613334
2024-04-08,30700.0,31150.0,28350.0,28500.0,289842,219130,타이거일렉,-0.048414023372287174,-0.13688760806916422,-0.20133333333333336,-0.2379134860050891,-0.2128777923784494,-0.05520504731861198,0.04701889650260147,0.05728668323041575,16268061300.0,-0.07166123778501632,-0.07166123778501632,0.042105263157894646,flat_low_vol,0.010374850421206228,0.005753322551612,0,2024-04-06/2024-04-12,30700.0,28900.0,-0.05863192182410426,2.3895188261917952,1.0,-0.06173192182410426
2023-03-06,7230.0,7290.0,7140.0,7240.0,228436,219420,링크제니시스,0.006954102920723182,-0.05643044619422577,0.037518037518037506,-0.013717421124828544,0.014104372355430161,-0.00277392510402219,0.040172169012999755,0.03358877429784098,15931479770.0,0.0013831258644536604,0.0,-0.002762430939226568,flat_low_vol,0.0012671929590153397,0.00869361352885076,0,2023-03-04/2023-03-10,7230.0,7040.0,-0.026279391424619658,1.6800388633964831,2.0,-0.029379391424619657
2024-06-24,8600.0,9800.0,8280.0,9550.0,765861,226950,올릭스,-0.1738754325259516,-0.08399366085578452,-0.1288620949510173,-0.1392405063291139,-0.21573948439620083,-0.1893408134642356,0.028056893143539447,0.029053871898551124,2641644960.0,0.11046511627906974,0.10465116279069764,-0.028272251308900542,flat_low_vol,-0.001613557309759095,0.005701886836003283,0,2024-06-22/2024-06-28,8600.0,8750.0,0.01744186046511631,2.89096273120049,2.0,0.01434186046511631
2024-06-17,13650.0,13960.0,13380.0,13750.0,47136,230240,에치에프알,0.014760147601476037,-0.04442877291960512,-0.04240282685512364,-0.057063326374391043,-0.07823129251700678,-0.09060402684563762,0.013666482982012663,0.012294199754069928,1138118700.0,0.0073260073260073,0.0,-0.008727272727272695,flat_low_vol,0.0017222621464796362,0.005327966053220236,0,2024-06-15/2024-06-21,13650.0,13530.0,-0.00879120879120876,3.61379949962967,2.0,-0.01189120879120876
2025-10-13,4636.488147806677,4764.459158255693,4606.956376164596,4754.615234375,400146,256840,한국비엔씨,0.006249992895504208,-0.033232640169948535,-0.041916216871532685,-0.03999998809544836,-0.056974429283638495,-0.038076174416387776,0.014297064076618151,0.012991557073111904,3600811304.2836914,0.02547770700636942,0.02547767179138516,-0.015527984117405635,flat_low_vol,0.014900562602443879,0.006045044824193007,0,2025-10-11/2025-10-17,4636.488147806677,4730.00537109375,0.020169839823986457,2.558018256235719,3.0,0.01706983982398646
2025-09-01,11180.0,11530.0,11000.0,11120.0,107462,256940,킵스파마,-0.013309671694764824,-0.053736356003358576,-0.047337278106508895,0.03394495412844045,-0.10838607594936711,-0.18333333333333335,0.04305203282361547,0.03634383656873489,1442210630.0,-0.00536672629695889,0.0017889087656528524,0.009892086330935301,flat_low_vol,-0.017247183964924306,0.009206176700881539,0,2025-08-30/2025-09-05,11180.0,12810.0,0.14579606440071546,1.4785548548714793,3.0,0.14269606440071547
2024-07-01,24000.0,24250.0,23750.0,23800.0,58761,263720,디앤씨미디어,-0.02857142857142858,-0.06130268199233713,-0.0020366598778004397,0.047008547008547064,-0.018036072144288595,-0.14782608695652177,0.03524247854688047,0.03031787672051978,4958261000.0,-0.008333333333333304,-0.014583333333333282,-0.05672268907563027,flat_low_vol,-0.000694904204533886,0.006056645355885437,0,2024-06-29/2024-07-05,24000.0,24000.0,0.0,2.021997864739854,1.0,-0.0031
2024-04-01,15956.571270249562,16245.16736673599,15714.522931260946,15947.26171875,43875,264450,유비쿼스,-0.004648469547599565,-0.03639419087526863,-0.0433573926555082,-0.028232692112911795,-0.001740142705209724,-0.006924422371605621,0.014799273738308022,0.01688824592831939,1275714888.90625,-0.0005834305717619115,-0.0011668011212581098,-0.0005837111043995868,flat_low_vol,0.01669030955076245,0.0044383247490362415,0,2024-03-30/2024-04-05,15956.571270249562,15528.33203125,-0.02683779815517129,2.1550012375317387,2.0,-0.029937798155171287
2023-05-22,43841.756642239154,47021.488442665286,43841.756642239154,46636.06640625,315112,267260,HD현대일렉트릭,0.061403387114583596,-0.0399999795166458,-0.03492057554235839,-0.03797466405705563,-0.12138715771644482,-0.08982024202284933,0.01995143141752243,0.02841282394034828,25936363008.960938,0.06373626373626373,0.07142861886290919,-0.005165245212827796,flat_low_vol,-0.015481399551282027,0.00889588257321523,0,2023-05-20/2023-05-26,43841.756642239154,46491.5390625,0.060439695468496035,1.4078142883869744,3.0,0.05733969546849604
2023-09-04,61667.52321981424,62823.78928018576,60896.67917956656,62245.65625,322702,267260,HD현대일렉트릭,0.023771781644616352,-0.10369324921902967,-0.09339087757393882,-0.06379830918237606,-0.09598861024207006,-0.13797819170888848,0.042362006860246354,0.03510587741221187,62496349262.83203,0.009374999999999911,0.006250125514403404,0.0015481125439977816,flat_low_vol,0.01771342291064082,0.009084769020333538,0,2023-09-02/2023-09-08,61667.52321981424,60414.91015625,-0.020312362134267903,2.9537290295145597,2.0,-0.0234123621342679
2024-06-10,250280.3821397188,284431.7013400703,247841.00219683655,277601.4375,747230,267260,HD현대일렉트릭,0.09423076247960394,-0.06137177833673346,-0.10652926200306112,-0.10189988967147812,0.017612488034687956,0.0038609959833844076,0.0551435012431084,0.041492476652307105,201666624498.5625,0.10916179337231968,0.11890835040365277,-0.04217928896711853,flat_low_vol,-0.0012606730115813924,0.005751251464338571,0,2024-06-08/2024-06-14,250280.3821397188,282968.0625,0.13060424505039037,1.4791061726926586,3.0,0.12750424505039037
2024-01-29,15450.0,16490.0,14650.0,14990.0,86821,279600,미디어젠,-0.05126582278481018,-0.11583659764969223,-0.1427021161150298,-0.1299559471365639,-0.12173429683157311,-0.1473286562331354,0.04842856851814623,0.03945432295537999,3069387000.0,-0.0297734627831715,-0.029126213592232997,0.03068712474983326,flat_low_vol,0.0011920354102821218,0.008538902312512822,0,2024-01-27/2024-02-02,15450.0,13940.0,-0.09773462783171516,2.935967188708196,1.0,-0.10083462783171517
2024-06-03,19204.74231740969,19840.360266449257,19113.939753261184,19794.958984375,44178,284740,쿠쿠홈시스,0.03562957576768255,-0.03881290692637929,-0.045351467065707585,-0.08478263492189075,-0.10425538224630315,-0.0887446226046148,0.015285125464253079,0.016217914563841036,2650070978.625,0.030732860520094496,0.03073278666361179,-0.011467960740872862,flat_low_vol,0.003817691180958427,0.005042318432426693,0,2024-06-01/2024-06-07,19204.74231740969,19704.154296875,0.026004617568472943,2.3932119492672226,2.0,0.022904617568472944
2025-10-27,22627.953998982404,22866.142988445376,22389.765009519433,22675.591796875,33120,284740,쿠쿠홈시스,0.002105301863223552,-0.03455281521040865,-0.036511161922009205,-0.02263373930132828,-0.05940597515886081,-0.14259930496258022,0.018453711816110333,0.01586207140618624,1170973946.265625,0.002105263157894832,0.004210461039159341,0.010504135994934716,flat_low_vol,0.00038242540331401287,0.008353387674641046,0,2025-10-25/2025-10-31,22627.953998982404,21913.38671875,-0.03157896114975922,2.1783293193934927,1.0,-0.03467896114975922
2023-06-26,4235.7080078125,4342.67041015625,3814.98974609375,3921.951904296875,589143,288330,파라택시스코리아,-0.08940404295770099,-0.1309352458445434,-0.1914323881526402,-0.1946666019047668,-0.2496893968250512,-0.2722891093134243,0.04038827938657779,0.031432717205091026,2465512890.415039,-0.07407406340024414,-0.07407406340024414,-0.11545453385345095,flat_low_vol,0.004195127635106877,0.005155215363809974,0,2023-06-24/2023-06-30,4235.7080078125,3779.33544921875,-0.10774410269829726,4.165571973629323,1.0,-0.11084410269829727
2024-01-22,13636.977811281677,13833.966328581871,13520.575505604287,13780.2421875,96219,298540,더네이쳐홀딩스,0.01920532140359854,-0.052697598632880815,-0.09036150673490484,-0.1271676646766987,-0.14204545630591592,-0.15815129852006837,0.01915050264759044,0.018018375662049637,6951820065.873047,0.01050558108995392,0.019697976079450452,0.0012995564868405474,flat_low_vol,0.011091062875752344,0.008983888295214144,0,2024-01-20/2024-01-26,13636.977811281677,13869.7822265625,0.017071554893066443,2.924658671862008,2.0,0.013971554893066443
2023-09-04,2625.0,3175.0,2135.0,2410.0,22227102,307870,비투엔,-0.18718381112984828,-0.2998819362455726,-0.3088578088578089,-0.3276643990929705,-0.13430656934306573,-0.15042979942693413,0.13934574115946444,0.10139953893814221,13328021905.0,-0.08190476190476192,-0.09333333333333338,-0.08713692946058094,flat_low_vol,0.01771342291064082,0.009084769020333538,0,2023-09-02/2023-09-08,2625.0,2200.0,-0.16190476190476188,2.9574289921427805,1.0,-0.16500476190476188
2022-05-02,10788.338775736833,11161.6376953125,10751.008883779265,11161.6376953125,1954649,316140,우리금융지주,0.0135593905723288,-0.03594788759161571,-0.060509684947102405,-0.08950636422739333,-0.02960549187962669,-0.0390879739739588,0.021450427570551805,0.01749544207652881,54922930825.89551,0.03460207612456734,0.03114204182457847,0.016722578915626896,flat_low_vol,-0.0038913988958134693,0.008994985804160261,0,2022-04-30/2022-05-06,10788.338775736833,11422.9482421875,0.058823650206268674,2.054700157582298,1.0,0.055723650206268675
2024-04-15,2809.679285685221,2839.1514460245767,2775.2950986226397,2829.327392578125,346060,319400,현대무벡스,-0.008605910728272548,-0.03327784998855021,-0.034883647968021236,-0.05374586189210617,-0.0674157428866613,-0.0864779555966444,0.010186551283291241,0.010123219525935596,2191862804.9677734,0.006993006993007089,-0.006992985379936978,-0.029513867765992075,flat_low_vol,-0.013737995385303181,0.006233334398899085,0,2024-04-13/2024-04-19,2809.679285685221,2799.855224609375,-0.003496506211900341,3.287279299168872,2.0,-0.006596506211900341
2024-04-15,23801.040952493688,24043.41407828283,23267.820075757576,23994.939453125,611917,323410,카카오뱅크,-0.004024143564268501,-0.04971310458739908,-0.034951445372787826,-0.042389196856005285,-0.11565832982155078,-0.1504273089847945,0.019205705135788013,0.019010152317806357,27705479237.546875,0.008146639511201537,-0.010183370309573836,-0.03838390728383567,flat_low_vol,-0.013737995385303181,0.006233334398899085,0,2024-04-13/2024-04-19,23801.040952493688,23025.4453125,-0.032586626842992183,2.615081865537395,3.0,-0.03568662684299218
2024-06-10,1488.0,1580.0,1391.0,1550.0,6153738,336060,웨이버스,0.06602475928473184,-0.09238451935081149,0.17163577759871074,0.17069243156199687,0.11674347158218135,0.03783012134189856,0.08038915988584279,0.058054301797681215,10134528308.0,0.04166666666666674,0.012768817204301008,0.18967741935483873,flat_low_vol,-0.0012606730115813924,0.005751251464338571,0,2024-06-08/2024-06-14,1488.0,1833.0,0.2318548387096775,1.591346661488942,1.0,0.2287548387096775
2025-10-20,8469.674358451133,8936.350436818313,8400.169410609213,8648.4013671875,693731,336570,원텍,0.027122598426904565,-0.033067290017493645,-0.05462648240412615,-0.06194684584974386,-0.11389756304356202,-0.20524833647638185,0.012085206258338609,0.010246962375859633,7134231055.602539,0.021101992966002348,0.025791302404196914,-0.01148107777776397,flat_low_vol,-0.017892701164922697,0.007778310742410715,0,2025-10-18/2025-10-24,8469.674358451133,8608.6845703125,0.016412698526320657,3.227033417766363,1.0,0.013312698526320657
2025-03-17,1380.0,1499.0,1357.0,1378.0,1500210,340360,다보링크,0.018477457501847816,-0.09316353887399464,-0.1151079136690647,-0.22685714285714287,-0.2982365145228216,-0.33513513513513515,0.034871495076307914,0.02933877603923108,1551397155.0,-0.0014492753623188692,0.018115942028985588,0.022496371552975347,flat_low_vol,0.00517710123720283,0.008456610757328538,0,2025-03-15/2025-03-21,1380.0,1688.0,0.22318840579710142,3.1754405415351576,1.0,0.22008840579710143
2023-05-08,37732.64277531551,38334.3022273137,35755.76171875,35755.76171875,166008,344820,KCC글라스,-0.05131121202202937,-0.06702130971934306,-0.04570190440179345,-0.004540388805354012,-0.026637214582897473,0.09625006973308947,0.02694842972145843,0.02336974840622146,7311078724.5078125,-0.05239179954441919,-0.05239176645157051,-0.003605734434190322,flat_low_vol,-0.005384796972986328,0.009747370537325419,0,2023-05-06/2023-05-12,37732.64277531551,35283.02734375,-0.06492032498630163,2.8678661213785572,1.0,-0.06802032498630163
2024-04-01,36684.27742960164,37272.311469780216,36458.11049107143,37046.14453125,29905,344820,KCC글라스,0.008620557632251558,-0.014563108322373508,-0.018137823903884187,-0.015757397110587323,0.0012331790217943173,-0.010962164297721233,0.009518920444967407,0.00728533222228097,1198043340.65625,0.009864364981504448,0.012330508219771108,-0.007325956342665085,flat_low_vol,0.01669030955076245,0.0044383247490362415,0,2024-03-30/2024-04-05,36684.27742960164,36503.34765625,-0.004932079518231047,1.9989628308005882,3.0,-0.008032079518231048
2025-10-27,13200.0,13520.0,12650.0,13490.0,132475,355150,코스텍시스,0.027418126428027323,-0.05471562275017994,-0.0779494382022472,-0.07274011299435024,0.05461847389558239,-0.04992764109985526,0.06570173100986158,0.04954741742939839,2524084940.0,0.021969696969696972,0.022727272727272707,-0.02075611564121571,flat_low_vol,0.00038242540331401287,0.008353387674641046,0,2025-10-25/2025-10-31,13200.0,13400.0,0.015151515151515138,1.1043082685014993,3.0,0.012051515151515138
2023-02-27,11368.958495253337,11407.077383753764,10997.29933237414,11073.537109375,78913,377330,이지트로닉스,-0.02598487022596907,-0.009958571858032839,-0.024529840465082664,-0.04099676979919997,-0.05392548808095188,0.06327977119298489,0.022377819129879118,0.022529623542579348,1008483420.0830078,-0.025984911986588588,-0.021793807598076476,0.05163510064376098,flat_low_vol,0.013380896480707838,0.008965107614614998,0,2023-02-25/2023-03-03,11368.958495253337,12960.4208984375,0.13998313071937196,0.44202122770546354,3.0,0.13688313071937197
2024-06-17,17470.0,17850.0,16680.0,16790.0,89442,377480,마음AI,-0.022700814901047695,-0.10380803338549816,-0.10334029227557406,-0.1252545824847251,-0.10520833333333335,-0.2530434782608696,0.03562641979633144,0.027286714166221134,5662820060.0,-0.03892386949055526,-0.026903262736119093,-0.012507444907683185,flat_low_vol,0.0017222621464796362,0.005327966053220236,0,2024-06-15/2024-06-21,17470.0,15190.0,-0.13050944476244997,3.8043434894042525,1.0,-0.13360944476244996
2024-03-11,17130.0,17290.0,16370.0,16440.0,245009,384470,코어라인소프트,-0.04971098265895957,-0.0567066521264995,-0.0005777007510109344,-0.03135498320268759,-0.1393034825870647,-0.039955604883462836,0.03629597229424452,0.03488115584028883,4268013800.0,-0.04028021015761818,-0.036193812025685945,0.029197080291970767,flat_low_vol,0.019405720692826867,0.006482693798841207,0,2024-03-09/2024-03-15,17130.0,16990.0,-0.008172796263864579,1.6257102369584193,3.0,-0.01127279626386458
2025-08-04,64600.0,68300.0,64500.0,67400.0,30624,388720,유일로보틱스,0.01966717095310133,-0.062411347517730476,-0.06770098730606489,-0.08194444444444449,-0.10068027210884356,-0.09945504087193457,0.019604143312624688,0.020616892808051058,6696524900.0,0.04334365325077405,0.05417956656346745,0.026706231454005858,flat_low_vol,-0.017028588153927715,0.008459331929808191,0,2025-08-02/2025-08-08,64600.0,70500.0,0.09133126934984515,3.0271946456140255,3.0,0.08823126934984514
2023-02-27,6800.0,7110.0,6640.0,6810.0,45117,424760,벨로크,-0.01589595375722541,-0.05075445816186552,-0.04551724137931035,0.048484848484848575,0.2838589981447124,0.2536231884057971,0.048392012403157214,0.0454131448185909,1616055280.0,0.0014705882352941124,0.0014705882352941124,-0.007342143906020504,flat_low_vol,0.013380896480707838,0.008965107614614998,0,2023-02-25/2023-03-03,6800.0,7180.0,0.055882352941176494,1.1176160198685037,1.0,0.052782352941176496
2025-03-10,4280.0,4430.0,4265.0,4305.0,51923,434480,모니터랩,-0.009205983889528202,-0.07944915254237284,0.01875732708089095,-0.004581901489117968,-0.07356076759061836,-0.21570397111913353,0.0397275988960045,0.0356149415651097,1062265600.0,0.005841121495327117,-0.033878504672897214,-0.023228803716608626,flat_low_vol,0.009060884843619776,0.008098042022628614,0,2025-03-08/2025-03-14,4280.0,4355.0,0.017523364485981352,2.230781493692116,3.0,0.014423364485981352
2024-03-11,10420.68489698764,10517.62150068055,10178.34338775537,10210.6552734375,174201,448280,에코아이,-0.007849365811665843,-0.059084202627010196,-0.08739249394138437,-0.08869809615908619,-0.19974875659726554,-0.12499991697055446,0.030930932783884632,0.033627805024895034,4498201658.537109,-0.020155069040697415,-0.01550382903365144,0.018987422280512645,flat_low_vol,0.019405720692826867,0.006482693798841207,0,2024-03-09/2024-03-15,10420.68489698764,10356.0595703125,-0.006201639077851873,1.7570044367531426,2.0,-0.009301639077851873
2023-05-22,11380.7356057363,11380.7356057363,11017.133829195203,11280.7451171875,192339,453340,현대그린푸드,-0.008785920354546506,-0.03766349019490289,-0.07941175239208231,-0.09275367441101523,-0.05580700011610118,0.03045262067983745,0.02508614577899359,0.025105745429611134,3448806660.2021484,-0.008785942492012588,-0.008785942492012588,0.0,flat_low_vol,-0.015481399551282027,0.00889588257321523,0,2023-05-20/2023-05-26,11380.7356057363,10662.6220703125,-0.06309904388446075,1.50019406117615,2.0,-0.06619904388446075
2023-09-11,5860.526743732974,6068.066476647632,5717.225499577615,5895.11669921875,428969,900310,컬러레이,0.00845314207369574,-0.10985705589707528,-0.08859786406646508,-0.10851547323859356,-0.16865778207136461,-0.11650485365245822,0.0366844878090459,0.0504947158057647,6651181447.470703,0.00590219224283306,-0.007588527500296927,-0.0016764405192029042,flat_low_vol,0.00026485857471092444,0.008495504103771163,0,2023-09-09/2023-09-15,5860.526743732974,5840.7607421875,-0.0033727346379932577,2.17561489641127,1.0,-0.006472734637993258
