situation,momentum_col,vol_col,mode,return_col,top_n,min_dollar_volume,min_abs_momentum,objective,train_test_return_gap_pct,train_test_sharpe_gap,train_days,train_active_days,train_total_trades,train_final_value_krw,train_total_return_pct,train_cagr_pct,train_max_drawdown_pct,train_sharpe,train_win_rate_pct,train_profit_factor,test_days,test_active_days,test_total_trades,test_final_value_krw,test_total_return_pct,test_cagr_pct,test_max_drawdown_pct,test_sharpe,test_win_rate_pct,test_profit_factor
down_high_vol,mom_20d,vol_20d,reversal,monfri_open_to_fri_close_ret,3,100000000,0.0,0.0814,22.13,1.13,37,35,105,1300491.09,30.05,9.5,-12.89,1.13,54.29,1.506,1,1,3,1079158.33,7.92,121438977838835.64,0.0,0.0,100.0,
down_high_vol,mom_20d,vol_20d,reversal,monfri_open_to_fri_close_ret,3,100000000,0.03,0.0814,22.13,1.13,37,35,105,1300491.09,30.05,9.5,-12.89,1.13,54.29,1.506,1,1,3,1079158.33,7.92,121438977838835.64,0.0,0.0,100.0,
down_high_vol,mom_5d,vol_20d,reversal,monfri_open_to_fri_close_ret,10,100000000,0.0,-0.2814,14.63,0.802,37,35,350,1162360.78,16.24,5.34,-18.81,0.802,51.43,1.325,1,1,10,1016094.78,1.61,33997.57,0.0,0.0,100.0,
down_high_vol,mom_5d,vol_20d,reversal,monfri_open_to_fri_close_ret,10,100000000,0.03,-0.3078,13.93,0.775,37,35,350,1155363.52,15.54,5.12,-19.28,0.775,51.43,1.311,1,1,10,1016094.78,1.61,33997.57,0.0,0.0,100.0,
down_high_vol,mom_20d,vol_20d,reversal,monfri_open_to_fri_close_ret,10,1000000000,0.0,-0.7326,5.6,0.307,37,35,350,1034691.25,3.47,1.19,-25.5,0.307,51.43,1.118,1,1,10,1090675.94,9.07,5866323073081869.0,0.0,0.0,100.0,
down_high_vol,mom_20d,vol_20d,reversal,monfri_open_to_fri_close_ret,10,1000000000,0.03,-0.7326,5.6,0.307,37,35,350,1034691.25,3.47,1.19,-25.5,0.307,51.43,1.118,1,1,10,1090675.94,9.07,5866323073081869.0,0.0,0.0,100.0,
down_high_vol,mom_5d,vol_20d,reversal,monfri_open_to_fri_close_ret,3,100000000,0.0,-0.8643,6.67,0.321,37,35,105,1036271.41,3.63,1.24,-35.29,0.321,51.43,1.127,1,1,3,969624.21,-3.04,-100.0,0.0,0.0,0.0,0.0
down_high_vol,mom_5d,vol_20d,reversal,monfri_open_to_fri_close_ret,3,100000000,0.03,-0.8643,6.67,0.321,37,35,105,1036271.41,3.63,1.24,-35.29,0.321,51.43,1.127,1,1,3,969624.21,-3.04,-100.0,0.0,0.0,0.0,0.0
down_high_vol,mom_20d,vol_20d,reversal,monfri_open_to_fri_close_ret,10,100000000,0.0,-0.9624,5.98,0.053,37,35,350,972707.06,-2.73,-0.95,-23.87,0.053,51.43,1.018,1,1,10,1032454.86,3.25,11652148.03,0.0,0.0,100.0,
down_high_vol,mom_20d,vol_20d,reversal,monfri_open_to_fri_close_ret,10,100000000,0.03,-0.9624,5.98,0.053,37,35,350,972707.06,-2.73,-0.95,-23.87,0.053,51.43,1.018,1,1,10,1032454.86,3.25,11652148.03,0.0,0.0,100.0,
down_high_vol,mom_5d,vol_20d,reversal,monfri_open_to_fri_close_ret,10,1000000000,0.0,-0.9667,7.91,0.081,37,35,350,985713.46,-1.43,-0.5,-27.54,0.081,51.43,1.031,1,1,10,1064773.26,6.48,902961516799.36,0.0,0.0,100.0,
down_high_vol,mom_5d,vol_20d,reversal,monfri_open_to_fri_close_ret,10,1000000000,0.03,-0.971,8.0,0.077,37,35,350,984836.66,-1.52,-0.53,-27.6,0.077,51.43,1.03,1,1,10,1064773.26,6.48,902961516799.36,0.0,0.0,100.0,
down_high_vol,mom_20d,vol_20d,reversal,monfri_open_to_fri_close_ret,3,1000000000,0.0,-1.174,10.81,0.06,37,35,105,932664.51,-6.73,-2.38,-31.0,-0.06,51.43,0.979,1,1,3,1040750.85,4.08,216725338.73,0.0,0.0,100.0,
down_high_vol,mom_20d,vol_20d,reversal,monfri_open_to_fri_close_ret,3,1000000000,0.03,-1.174,10.81,0.06,37,35,105,932664.51,-6.73,-2.38,-31.0,-0.06,51.43,0.979,1,1,3,1040750.85,4.08,216725338.73,0.0,0.0,100.0,
down_high_vol,mom_5d,vol_20d,reversal,monfri_open_to_fri_close_ret,3,1000000000,0.0,-1.2131,10.96,0.05,37,35,105,919152.34,-8.08,-2.87,-35.16,-0.05,48.57,0.981,1,1,3,1028809.25,2.88,3201060.02,0.0,0.0,100.0,
down_high_vol,mom_5d,vol_20d,reversal,monfri_open_to_fri_close_ret,3,1000000000,0.03,-1.2131,10.96,0.05,37,35,105,919152.34,-8.08,-2.87,-35.16,-0.05,48.57,0.981,1,1,3,1028809.25,2.88,3201060.02,0.0,0.0,100.0,
down_high_vol,mom_1d,vol_20d,momentum,monfri_open_to_fri_close_ret,10,100000000,0.0,-1.3066,11.06,0.158,37,35,350,894844.74,-10.52,-3.77,-29.8,-0.158,37.14,0.936,1,1,10,1005363.22,0.54,605.46,0.0,0.0,100.0,
down_high_vol,mom_1d,vol_20d,momentum,monfri_open_to_fri_close_ret,3,100000000,0.03,-1.3667,17.64,0.019,37,35,105,792902.6,-20.71,-7.71,-45.31,-0.019,40.0,0.991,1,1,3,969343.42,-3.07,-100.0,0.0,0.0,0.0,0.0
down_high_vol,mom_1d,vol_20d,momentum,monfri_open_to_fri_close_ret,10,100000000,0.03,-1.4137,16.02,0.225,37,35,345,865646.62,-13.44,-4.86,-30.61,-0.225,37.14,0.911,1,1,10,1025781.03,2.58,1090627.54,0.0,0.0,100.0,
down_high_vol,mom_1d,vol_20d,momentum,monfri_open_to_fri_close_ret,3,100000000,0.0,-1.5428,23.24,0.123,37,35,105,736888.72,-26.31,-10.01,-46.46,-0.123,40.0,0.947,1,1,3,969343.42,-3.07,-100.0,0.0,0.0,0.0,0.0
down_high_vol,mom_1d,vol_20d,momentum,monfri_open_to_fri_close_ret,3,1000000000,0.03,-1.6418,23.99,0.176,37,35,105,729370.82,-27.06,-10.33,-49.46,-0.176,42.86,0.925,1,1,3,969343.42,-3.07,-100.0,0.0,0.0,0.0,0.0
down_high_vol,mom_1d,vol_20d,momentum,monfri_open_to_fri_close_ret,3,1000000000,0.0,-1.7105,25.98,0.234,37,35,105,709456.44,-29.05,-11.18,-47.92,-0.234,40.0,0.898,1,1,3,969343.42,-3.07,-100.0,0.0,0.0,0.0,0.0
down_high_vol,mom_1d,vol_20d,momentum,monfri_open_to_fri_close_ret,10,1000000000,0.03,-2.1328,27.17,0.665,37,35,334,746351.21,-25.36,-9.62,-41.34,-0.665,37.14,0.771,1,1,8,1018094.51,1.81,69820.05,0.0,0.0,100.0,
down_high_vol,mom_1d,vol_20d,momentum,monfri_open_to_fri_close_ret,10,1000000000,0.0,-2.3203,29.03,0.843,37,35,350,730426.29,-26.96,-10.29,-37.6,-0.843,34.29,0.717,1,1,10,1020737.13,2.07,180121.3,0.0,0.0,100.0,
down_high_vol,mom_5d,vol_20d,momentum,monfri_open_to_fri_close_ret,3,1000000000,0.0,-2.3392,35.51,0.623,37,35,105,592392.43,-40.76,-16.55,-55.12,-0.623,37.14,0.784,1,1,3,947453.13,-5.25,-100.0,0.0,0.0,0.0,0.0
down_high_vol,mom_5d,vol_20d,momentum,monfri_open_to_fri_close_ret,3,1000000000,0.03,-2.3392,35.51,0.623,37,35,105,592392.43,-40.76,-16.55,-55.12,-0.623,37.14,0.784,1,1,3,947453.13,-5.25,-100.0,0.0,0.0,0.0,0.0
down_high_vol,mom_1d,vol_20d,reversal,monfri_open_to_fri_close_ret,10,1000000000,0.0,-2.3515,34.02,0.907,37,35,348,766476.78,-23.35,-8.78,-36.06,-0.907,45.71,0.717,1,1,10,1106734.71,10.67,1.2215190868795392e+18,0.0,0.0,100.0,
down_high_vol,mom_1d,vol_20d,reversal,monfri_open_to_fri_close_ret,10,100000000,0.03,-2.3744,34.91,0.938,37,35,318,753931.86,-24.61,-9.3,-33.71,-0.938,51.43,0.713,1,1,10,1102988.33,10.3,3.540204012108323e+17,0.0,0.0,100.0,
down_high_vol,mom_5d,vol_20d,momentum,monfri_open_to_fri_close_ret,3,100000000,0.0,-2.458,32.36,0.691,37,35,105,574301.49,-42.57,-17.44,-57.16,-0.691,40.0,0.764,1,1,3,897935.74,-10.21,-100.0,0.0,0.0,0.0,0.0
down_high_vol,mom_5d,vol_20d,momentum,monfri_open_to_fri_close_ret,3,100000000,0.03,-2.458,32.36,0.691,37,35,105,574301.49,-42.57,-17.44,-57.16,-0.691,40.0,0.764,1,1,3,897935.74,-10.21,-100.0,0.0,0.0,0.0,0.0
down_high_vol,mom_1d,vol_20d,reversal,monfri_open_to_fri_close_ret,10,1000000000,0.03,-2.5361,37.49,1.043,37,34,306,731809.84,-26.82,-10.23,-35.71,-1.043,52.94,0.684,1,1,10,1106734.71,10.67,1.2215190868795392e+18,0.0,0.0,100.0,
down_high_vol,mom_1d,vol_20d,reversal,monfri_open_to_fri_close_ret,10,100000000,0.0,-2.6294,37.5,1.113,37,35,350,727517.71,-27.25,-10.41,-36.31,-1.113,51.43,0.671,1,1,10,1102454.32,10.25,2.966266882250927e+17,0.0,0.0,100.0,
down_high_vol,mom_1d,vol_20d,reversal,monfri_open_to_fri_close_ret,3,100000000,0.03,-2.672,40.82,1.05,37,35,103,681684.25,-31.83,-12.4,-44.7,-1.05,45.71,0.69,1,1,3,1089894.52,8.99,4515209453290355.0,0.0,0.0,100.0,
down_high_vol,mom_1d,vol_20d,reversal,monfri_open_to_fri_close_ret,3,100000000,0.0,-2.8153,35.61,1.185,37,35,105,675208.05,-32.48,-12.69,-42.05,-1.185,42.86,0.652,1,1,3,1031251.5,3.13,7610477.04,0.0,0.0,100.0,
down_high_vol,mom_20d,vol_20d,momentum,monfri_open_to_fri_close_ret,10,100000000,0.03,-3.1642,40.87,1.379,37,35,350,639019.61,-36.1,-14.34,-51.01,-1.379,31.43,0.576,1,1,10,1047708.11,4.77,2470428636.81,0.0,0.0,100.0,
down_high_vol,mom_20d,vol_20d,momentum,monfri_open_to_fri_close_ret,10,100000000,0.0,-3.2502,41.94,1.437,37,35,350,628275.88,-37.17,-14.84,-51.83,-1.437,31.43,0.566,1,1,10,1047708.11,4.77,2470428636.81,0.0,0.0,100.0,
down_high_vol,mom_1d,vol_20d,reversal,monfri_open_to_fri_close_ret,3,1000000000,0.0,-3.387,52.44,1.556,37,35,105,565468.32,-43.45,-17.88,-46.51,-1.556,42.86,0.565,1,1,3,1089894.52,8.99,4515209453290355.0,0.0,0.0,100.0,
down_high_vol,mom_1d,vol_20d,reversal,monfri_open_to_fri_close_ret,3,1000000000,0.03,-3.4612,52.98,1.61,37,34,101,560054.72,-43.99,-18.15,-47.02,-1.61,41.18,0.559,1,1,3,1089894.52,8.99,4515209453290355.0,0.0,0.0,100.0,
down_high_vol,mom_5d,vol_20d,momentum,monfri_open_to_fri_close_ret,10,1000000000,0.0,-3.5097,41.28,1.652,37,35,350,585301.27,-41.47,-16.9,-48.38,-1.652,34.29,0.564,1,1,10,998077.37,-0.19,-50.49,0.0,0.0,0.0,0.0
down_high_vol,mom_5d,vol_20d,momentum,monfri_open_to_fri_close_ret,10,100000000,0.0,-3.6818,43.1,1.761,37,35,350,562371.47,-43.76,-18.04,-50.66,-1.761,31.43,0.526,1,1,10,993377.84,-0.66,-91.17,0.0,0.0,0.0,0.0
down_high_vol,mom_5d,vol_20d,momentum,monfri_open_to_fri_close_ret,10,100000000,0.03,-3.6997,43.63,1.77,37,35,350,557144.28,-44.29,-18.3,-50.95,-1.77,31.43,0.526,1,1,10,993377.84,-0.66,-91.17,0.0,0.0,0.0,0.0
down_high_vol,mom_5d,vol_20d,momentum,monfri_open_to_fri_close_ret,10,1000000000,0.03,-3.7883,44.88,1.834,37,35,350,549334.63,-45.07,-18.7,-51.52,-1.834,34.29,0.531,1,1,10,998077.37,-0.19,-50.49,0.0,0.0,0.0,0.0
down_high_vol,mom_20d,vol_20d,momentum,monfri_open_to_fri_close_ret,10,1000000000,0.0,-4.0771,53.12,2.072,37,35,350,552664.64,-44.73,-18.53,-52.54,-2.072,31.43,0.481,1,1,10,1083908.84,8.39,604095051491381.9,0.0,0.0,100.0,
down_high_vol,mom_20d,vol_20d,momentum,monfri_open_to_fri_close_ret,10,1000000000,0.03,-4.1512,53.97,2.122,37,35,350,544225.85,-45.58,-18.96,-53.27,-2.122,31.43,0.474,1,1,10,1083908.84,8.39,604095051491381.9,0.0,0.0,100.0,
down_high_vol,mom_20d,vol_20d,momentum,monfri_open_to_fri_close_ret,3,1000000000,0.0,-4.7857,74.51,2.373,37,35,105,364522.26,-63.55,-29.44,-70.85,-2.373,37.14,0.377,1,1,3,1109610.62,10.96,3.151829712718895e+18,0.0,0.0,100.0,
down_high_vol,mom_20d,vol_20d,momentum,monfri_open_to_fri_close_ret,3,1000000000,0.03,-4.7857,74.51,2.373,37,35,105,364522.26,-63.55,-29.44,-70.85,-2.373,37.14,0.377,1,1,3,1109610.62,10.96,3.151829712718895e+18,0.0,0.0,100.0,
down_high_vol,mom_20d,vol_20d,momentum,monfri_open_to_fri_close_ret,3,100000000,0.0,-4.9064,73.74,2.457,37,35,105,349507.69,-65.05,-30.46,-71.26,-2.457,37.14,0.366,1,1,3,1086865.54,8.69,1633872933136956.5,0.0,0.0,100.0,
down_high_vol,mom_20d,vol_20d,momentum,monfri_open_to_fri_close_ret,3,100000000,0.03,-4.9064,73.74,2.457,37,35,105,349507.69,-65.05,-30.46,-71.26,-2.457,37.14,0.366,1,1,3,1086865.54,8.69,1633872933136956.5,0.0,0.0,100.0,
down_low_vol,mom_20d,vol_20d,momentum,monfri_open_to_fri_close_ret,10,1000000000,0.0,2.1307,48.0,10.535,12,11,110,1401454.44,40.15,22.44,-2.09,6.217,81.82,17.277,4,4,40,921463.56,-7.85,-17.63,-9.37,-4.318,50.0,0.174
down_low_vol,mom_20d,vol_20d,momentum,monfri_open_to_fri_close_ret,10,1000000000,0.03,2.1307,48.0,10.535,12,11,110,1401454.44,40.15,22.44,-2.09,6.217,81.82,17.277,4,4,40,921463.56,-7.85,-17.63,-9.37,-4.318,50.0,0.174
down_low_vol,mom_20d,vol_20d,momentum,monfri_open_to_fri_close_ret,10,100000000,0.0,0.968,29.65,6.734,12,11,110,1233235.46,23.32,13.4,-3.38,3.839,63.64,5.018,4,4,40,936720.88,-6.33,-14.36,-9.42,-2.895,50.0,0.351
down_low_vol,mom_20d,vol_20d,momentum,monfri_open_to_fri_close_ret,10,100000000,0.03,0.8789,28.9,6.625,12,11,110,1225723.73,22.57,12.98,-3.38,3.73,63.64,4.904,4,4,40,936720.88,-6.33,-14.36,-9.42,-2.895,50.0,0.351
down_low_vol,mom_1d,vol_20d,momentum,monfri_open_to_fri_close_ret,10,100000000,0.03,0.3145,11.77,2.094,12,11,109,1105433.73,10.54,6.2,-6.09,1.485,54.55,1.833,4,4,40,987656.57,-1.23,-2.9,-4.93,-0.609,75.0,0.78
down_low_vol,mom_1d,vol_20d,momentum,monfri_open_to_fri_close_ret,10,100000000,0.0,-0.1982,10.33,2.572,12,11,110,1079612.41,7.96,4.7,-5.44,1.306,45.45,1.798,4,4,40,976276.71,-2.37,-5.54,-5.81,-1.266,50.0,0.618
down_low_vol,mom_5d,vol_20d,reversal,monfri_open_to_fri_close_ret,10,1000000000,0.0,-0.4633,12.24,5.664,12,11,110,924444.83,-7.56,-4.6,-14.5,-0.816,27.27,0.727,4,4,40,1046785.5,4.68,11.45,-0.16,4.848,75.0,29.775
down_low_vol,mom_5d,vol_20d,reversal,monfri_open_to_fri_close_ret,10,1000000000,0.03,-0.5315,12.74,5.713,12,11,110,919353.24,-8.06,-4.92,-14.97,-0.865,27.27,0.712,4,4,40,1046785.5,4.68,11.45,-0.16,4.848,75.0,29.775
down_low_vol,mom_1d,vol_20d,reversal,monfri_open_to_fri_close_ret,10,100000000,0.03,-0.6614,15.27,4.824,12,11,110,933792.67,-6.62,-4.03,-10.47,-0.907,36.36,0.705,4,4,40,1086546.19,8.65,21.76,-1.49,3.917,50.0,6.799
down_low_vol,mom_1d,vol_20d,reversal,monfri_open_to_fri_close_ret,10,100000000,0.0,-1.1165,19.57,7.128,12,11,110,911590.29,-8.84,-5.4,-12.74,-1.469,45.45,0.549,4,4,40,1107263.6,10.73,27.34,-0.16,5.659,75.0,67.588
down_low_vol,mom_1d,vol_20d,momentum,monfri_open_to_fri_close_ret,10,1000000000,0.03,-1.2808,4.73,2.326,12,11,107,1021986.87,2.2,1.31,-7.07,0.429,45.45,1.185,4,4,40,974655.74,-2.53,-5.91,-4.54,-1.897,50.0,0.494
down_low_vol,mom_1d,vol_20d,reversal,monfri_open_to_fri_close_ret,10,1000000000,0.0,-1.4856,5.5,0.533,12,11,110,942856.43,-5.71,-3.47,-9.43,-0.681,45.45,0.747,4,4,40,997929.0,-0.21,-0.49,-3.22,-0.148,50.0,0.953
down_low_vol,mom_1d,vol_20d,momentum,monfri_open_to_fri_close_ret,10,1000000000,0.0,-2.401,7.92,4.4,12,11,110,1024883.81,2.49,1.49,-7.95,0.464,45.45,1.193,4,4,40,945677.44,-5.43,-12.41,-7.38,-3.936,25.0,0.279
down_low_vol,mom_1d,vol_20d,reversal,monfri_open_to_fri_close_ret,10,1000000000,0.03,-2.8586,12.88,1.549,12,11,107,868909.17,-13.11,-8.08,-14.87,-1.72,45.45,0.493,4,4,38,997690.79,-0.23,-0.55,-3.24,-0.171,50.0,0.945
down_low_vol,mom_5d,vol_20d,reversal,monfri_open_to_fri_close_ret,10,100000000,0.0,-4.1435,15.22,2.332,12,11,110,844385.03,-15.56,-9.65,-18.74,-2.713,36.36,0.33,4,4,40,996623.35,-0.34,-0.8,-2.11,-0.381,50.0,0.855
down_low_vol,mom_5d,vol_20d,reversal,monfri_open_to_fri_close_ret,10,100000000,0.03,-4.7535,18.07,2.795,12,11,110,815857.09,-18.41,-11.49,-21.49,-3.176,36.36,0.289,4,4,40,996623.35,-0.34,-0.8,-2.11,-0.381,50.0,0.855
down_low_vol,mom_20d,vol_20d,reversal,monfri_open_to_fri_close_ret,10,100000000,0.0,-5.0266,0.8,4.674,12,11,110,909285.89,-9.07,-5.54,-14.12,-1.28,45.45,0.601,4,4,40,917338.42,-8.27,-18.51,-4.76,-5.954,25.0,0.12
down_low_vol,mom_20d,vol_20d,reversal,monfri_open_to_fri_close_ret,10,100000000,0.03,-5.0369,0.88,4.663,12,11,110,908539.75,-9.15,-5.59,-14.19,-1.291,45.45,0.599,4,4,40,917338.42,-8.27,-18.51,-4.76,-5.954,25.0,0.12
down_low_vol,mom_5d,vol_20d,momentum,monfri_open_to_fri_close_ret,10,1000000000,0.0,-6.9547,18.48,14.271,12,11,110,1071129.21,7.11,4.21,-7.53,1.128,54.55,1.54,4,4,40,886349.93,-11.37,-24.88,-10.54,-13.143,0.0,0.0
down_low_vol,mom_5d,vol_20d,momentum,monfri_open_to_fri_close_ret,10,1000000000,0.03,-6.9547,18.48,14.271,12,11,110,1071129.21,7.11,4.21,-7.53,1.128,54.55,1.54,4,4,40,886349.93,-11.37,-24.88,-10.54,-13.143,0.0,0.0
down_low_vol,mom_5d,vol_20d,momentum,monfri_open_to_fri_close_ret,10,100000000,0.0,-8.1593,13.72,16.285,12,11,110,1055402.79,5.54,3.29,-6.29,1.035,54.55,1.494,4,4,40,918207.6,-8.18,-18.32,-6.4,-15.25,0.0,0.0
down_low_vol,mom_20d,vol_20d,reversal,monfri_open_to_fri_close_ret,10,1000000000,0.0,-8.1823,5.87,10.815,12,11,110,925773.57,-7.42,-4.52,-15.73,-1.087,54.55,0.676,4,4,40,867139.13,-13.29,-28.69,-7.79,-11.902,0.0,0.0
down_low_vol,mom_20d,vol_20d,reversal,monfri_open_to_fri_close_ret,10,1000000000,0.03,-8.1823,5.87,10.815,12,11,110,925773.57,-7.42,-4.52,-15.73,-1.087,54.55,0.676,4,4,40,867139.13,-13.29,-28.69,-7.79,-11.902,0.0,0.0
down_low_vol,mom_5d,vol_20d,momentum,monfri_open_to_fri_close_ret,10,100000000,0.03,-8.2389,13.2,16.191,12,11,110,1050172.16,5.02,2.98,-6.58,0.941,54.55,1.445,4,4,40,918207.6,-8.18,-18.32,-6.4,-15.25,0.0,0.0
flat_high_vol,mom_5d,vol_20d,momentum,monfri_open_to_fri_close_ret,10,100000000,0.0,5.2925,20.97,47.801,15,15,150,896620.96,-10.34,-3.8,-19.5,-1.014,53.33,0.708,2,2,20,1106309.03,10.63,17.32,0.0,46.787,100.0,
flat_high_vol,mom_20d,vol_20d,reversal,monfri_open_to_fri_close_ret,10,1000000000,0.0,3.4442,11.99,3.27,15,15,150,1153007.18,15.3,5.18,-8.26,2.414,53.33,2.222,2,2,20,1033134.81,3.31,5.29,0.0,5.684,100.0,
flat_high_vol,mom_20d,vol_20d,reversal,monfri_open_to_fri_close_ret,10,1000000000,0.03,3.4442,11.99,3.27,15,15,150,1153007.18,15.3,5.18,-8.26,2.414,53.33,2.222,2,2,20,1033134.81,3.31,5.29,0.0,5.684,100.0,
flat_high_vol,mom_5d,vol_20d,momentum,monfri_open_to_fri_close_ret,10,100000000,0.03,3.2292,21.99,34.596,15,15,150,891934.43,-10.81,-3.98,-19.5,-1.073,53.33,0.691,2,2,20,1111824.37,11.18,18.25,0.0,33.523,100.0,
flat_high_vol,mom_5d,vol_20d,momentum,monfri_open_to_fri_close_ret,10,1000000000,0.0,2.5485,15.58,22.883,15,15,150,962566.85,-3.74,-1.35,-17.77,-0.324,53.33,0.891,2,2,20,1118426.66,11.84,19.36,0.0,22.559,100.0,
flat_high_vol,mom_20d,vol_20d,reversal,monfri_open_to_fri_close_ret,10,100000000,0.0,2.4795,11.5,1.921,15,15,150,1147095.97,14.71,4.99,-9.36,1.858,60.0,1.937,2,2,20,1032135.83,3.21,5.13,-0.56,3.779,50.0,6.727
flat_high_vol,mom_20d,vol_20d,reversal,monfri_open_to_fri_close_ret,10,100000000,0.03,2.4795,11.5,1.921,15,15,150,1147095.97,14.71,4.99,-9.36,1.858,60.0,1.937,2,2,20,1032135.83,3.21,5.13,-0.56,3.779,50.0,6.727
flat_high_vol,mom_5d,vol_20d,momentum,monfri_open_to_fri_close_ret,10,1000000000,0.03,2.4736,16.03,22.943,15,15,150,958089.16,-4.19,-1.51,-17.77,-0.384,53.33,0.872,2,2,20,1118426.66,11.84,19.36,0.0,22.559,100.0,
flat_high_vol,mom_1d,vol_20d,reversal,monfri_open_to_fri_close_ret,10,100000000,0.0,1.3649,18.2,27.548,15,15,150,875372.72,-12.46,-4.61,-15.52,-1.69,40.0,0.583,2,2,20,1057426.84,5.74,9.23,0.0,25.858,100.0,
flat_high_vol,mom_5d,vol_20d,reversal,monfri_open_to_fri_close_ret,10,1000000000,0.03,0.4333,13.5,14.329,15,15,150,912816.52,-8.72,-3.19,-21.97,-0.882,46.67,0.747,2,2,20,1047767.65,4.78,7.66,0.0,13.447,100.0,
flat_high_vol,mom_5d,vol_20d,reversal,monfri_open_to_fri_close_ret,10,1000000000,0.0,0.3661,13.93,14.38,15,15,150,908523.56,-9.15,-3.35,-22.28,-0.933,46.67,0.736,2,2,20,1047767.65,4.78,7.66,0.0,13.447,100.0,
flat_high_vol,mom_1d,vol_20d,momentum,monfri_open_to_fri_close_ret,10,100000000,0.0,-0.3467,7.25,1.169,15,15,150,1066841.1,6.68,2.32,-11.69,0.862,60.0,1.366,2,2,20,994261.02,-0.57,-0.91,-3.88,-0.307,50.0,0.886
flat_high_vol,mom_1d,vol_20d,momentum,monfri_open_to_fri_close_ret,10,100000000,0.03,-0.7661,2.39,0.652,15,15,148,1018189.27,1.82,0.64,-12.05,0.345,46.67,1.137,2,2,20,994261.02,-0.57,-0.91,-3.88,-0.307,50.0,0.886
flat_high_vol,mom_5d,vol_20d,reversal,monfri_open_to_fri_close_ret,10,100000000,0.03,-1.0521,11.73,6.045,15,15,150,912514.48,-8.75,-3.2,-17.11,-1.097,53.33,0.689,2,2,20,1029846.74,2.98,4.76,-0.05,4.948,50.0,66.421
flat_high_vol,mom_5d,vol_20d,reversal,monfri_open_to_fri_close_ret,10,100000000,0.0,-1.1829,10.36,4.365,15,15,150,920170.62,-7.98,-2.91,-16.28,-1.017,53.33,0.708,2,2,20,1023842.87,2.38,3.8,-0.63,3.348,50.0,4.825
flat_high_vol,mom_1d,vol_20d,momentum,monfri_open_to_fri_close_ret,10,1000000000,0.03,-1.2773,8.34,1.53,15,15,147,922029.07,-7.8,-2.84,-14.28,-0.787,40.0,0.736,2,2,20,1005388.68,0.54,0.85,-1.69,0.743,50.0,1.341
flat_high_vol,mom_1d,vol_20d,momentum,monfri_open_to_fri_close_ret,10,1000000000,0.0,-1.3318,8.96,1.571,15,15,150,915838.99,-8.42,-3.07,-14.4,-0.828,46.67,0.722,2,2,20,1005388.68,0.54,0.85,-1.69,0.743,50.0,1.341
flat_high_vol,mom_1d,vol_20d,reversal,monfri_open_to_fri_close_ret,10,1000000000,0.0,-1.6298,20.66,18.201,15,15,150,865546.03,-13.45,-5.0,-15.41,-2.866,33.33,0.387,2,2,20,1072138.18,7.21,11.64,0.0,15.335,100.0,
flat_high_vol,mom_20d,vol_20d,momentum,monfri_open_to_fri_close_ret,10,1000000000,0.0,-2.8236,22.85,5.251,15,15,150,828914.23,-17.11,-6.44,-19.74,-2.26,40.0,0.473,2,2,20,1057380.02,5.74,9.22,0.0,2.991,50.0,3.838
flat_high_vol,mom_20d,vol_20d,momentum,monfri_open_to_fri_close_ret,10,1000000000,0.03,-2.8236,22.85,5.251,15,15,150,828914.23,-17.11,-6.44,-19.74,-2.26,40.0,0.473,2,2,20,1057380.02,5.74,9.22,0.0,2.991,50.0,3.838
flat_high_vol,mom_20d,vol_20d,momentum,monfri_open_to_fri_close_ret,10,100000000,0.0,-3.3722,20.35,4.754,15,15,150,838127.41,-16.19,-6.08,-19.1,-2.62,46.67,0.394,2,2,20,1041624.52,4.16,6.66,0.0,2.134,50.0,2.44
flat_high_vol,mom_20d,vol_20d,momentum,monfri_open_to_fri_close_ret,10,100000000,0.03,-3.3722,20.35,4.754,15,15,150,838127.41,-16.19,-6.08,-19.1,-2.62,46.67,0.394,2,2,20,1041624.52,4.16,6.66,0.0,2.134,50.0,2.44
flat_high_vol,mom_1d,vol_20d,reversal,monfri_open_to_fri_close_ret,10,100000000,0.03,-4.1251,33.05,12.594,15,15,150,708962.49,-29.1,-11.49,-29.36,-3.904,33.33,0.232,2,2,19,1039484.02,3.95,6.31,0.0,8.69,100.0,
flat_high_vol,mom_1d,vol_20d,reversal,monfri_open_to_fri_close_ret,10,1000000000,0.03,-5.2038,36.05,18.344,15,15,145,677621.55,-32.24,-12.9,-31.85,-5.306,20.0,0.106,2,2,14,1038097.47,3.81,6.09,0.0,13.038,100.0,
flat_low_vol,mom_1d,vol_20d,reversal,monfri_open_to_fri_close_ret,3,1000000000,0.0,2.0939,11.22,5.105,32,28,84,1284570.09,28.46,10.66,-22.83,0.996,42.86,1.617,12,10,30,1396816.73,39.68,64.58,-3.15,6.101,90.0,11.938
flat_low_vol,mom_1d,vol_20d,reversal,monfri_open_to_fri_close_ret,3,1000000000,0.03,0.8331,40.48,5.88,32,28,83,992124.53,-0.79,-0.32,-36.29,0.222,39.29,1.111,12,10,30,1396901.46,39.69,64.59,-3.15,6.102,90.0,11.94
flat_low_vol,mom_1d,vol_20d,reversal,monfri_open_to_fri_close_ret,10,1000000000,0.0,0.7267,18.83,4.237,32,28,276,1004388.3,0.44,0.18,-12.95,0.154,42.86,1.066,12,10,100,1192730.75,19.27,30.05,-3.56,4.391,70.0,6.036
flat_low_vol,mom_1d,vol_20d,reversal,monfri_open_to_fri_close_ret,10,100000000,0.0,0.0067,25.76,5.317,32,28,280,928926.31,-7.11,-2.94,-21.35,-0.397,42.86,0.848,12,10,100,1186478.9,18.65,29.04,-3.07,4.92,90.0,6.69
flat_low_vol,mom_20d,vol_20d,momentum,monfri_open_to_fri_close_ret,3,1000000000,0.0,-0.409,28.37,1.636,32,28,84,868289.16,-13.17,-5.55,-40.9,-0.117,50.0,0.954,12,10,30,1152049.7,15.2,23.49,-7.45,1.519,60.0,1.752
flat_low_vol,mom_20d,vol_20d,momentum,monfri_open_to_fri_close_ret,3,1000000000,0.03,-0.409,28.37,1.636,32,28,84,868289.16,-13.17,-5.55,-40.9,-0.117,50.0,0.954,12,10,30,1152049.7,15.2,23.49,-7.45,1.519,60.0,1.752
flat_low_vol,mom_20d,vol_20d,momentum,monfri_open_to_fri_close_ret,10,1000000000,0.0,-0.5081,29.57,2.611,32,28,278,874290.26,-12.57,-5.29,-23.31,-0.433,46.43,0.84,12,10,100,1170009.83,17.0,26.37,-3.09,2.178,60.0,3.257
flat_low_vol,mom_20d,vol_20d,momentum,monfri_open_to_fri_close_ret,10,1000000000,0.03,-0.5081,29.57,2.611,32,28,278,874290.26,-12.57,-5.29,-23.31,-0.433,46.43,0.84,12,10,100,1170009.83,17.0,26.37,-3.09,2.178,60.0,3.257
flat_low_vol,mom_20d,vol_20d,momentum,monfri_open_to_fri_close_ret,3,100000000,0.0,-0.7099,22.03,1.05,32,28,84,840137.64,-15.99,-6.8,-34.41,-0.304,60.71,0.877,12,10,30,1060378.64,6.04,9.13,-8.97,0.746,60.0,1.325
flat_low_vol,mom_20d,vol_20d,momentum,monfri_open_to_fri_close_ret,3,100000000,0.03,-0.7099,22.03,1.05,32,28,84,840137.64,-15.99,-6.8,-34.41,-0.304,60.71,0.877,12,10,30,1060378.64,6.04,9.13,-8.97,0.746,60.0,1.325
flat_low_vol,mom_20d,vol_20d,momentum,monfri_open_to_fri_close_ret,10,100000000,0.0,-0.7636,42.3,3.954,32,28,280,828516.87,-17.15,-7.33,-21.18,-0.765,39.29,0.742,12,10,100,1251500.95,25.15,39.72,-1.37,3.189,60.0,8.64
flat_low_vol,mom_20d,vol_20d,momentum,monfri_open_to_fri_close_ret,10,100000000,0.03,-0.7636,42.3,3.954,32,28,280,828516.87,-17.15,-7.33,-21.18,-0.765,39.29,0.742,12,10,100,1251500.95,25.15,39.72,-1.37,3.189,60.0,8.64
flat_low_vol,mom_5d,vol_20d,momentum,monfri_open_to_fri_close_ret,3,1000000000,0.0,-0.8455,59.72,2.329,32,28,84,718105.85,-28.19,-12.54,-39.58,-0.448,46.43,0.839,12,10,30,1315305.61,31.53,50.47,-6.39,1.881,60.0,2.712
flat_low_vol,mom_5d,vol_20d,momentum,monfri_open_to_fri_close_ret,3,1000000000,0.03,-0.8455,59.72,2.329,32,28,84,718105.85,-28.19,-12.54,-39.58,-0.448,46.43,0.839,12,10,30,1315305.61,31.53,50.47,-6.39,1.881,60.0,2.712
flat_low_vol,mom_5d,vol_20d,momentum,monfri_open_to_fri_close_ret,3,100000000,0.0,-0.8665,83.58,3.406,32,28,84,688065.17,-31.19,-14.03,-41.91,-0.556,46.43,0.804,12,10,30,1523850.73,52.39,87.38,-2.17,2.85,60.0,6.046
flat_low_vol,mom_5d,vol_20d,momentum,monfri_open_to_fri_close_ret,3,100000000,0.03,-0.8665,83.58,3.406,32,28,84,688065.17,-31.19,-14.03,-41.91,-0.556,46.43,0.804,12,10,30,1523850.73,52.39,87.38,-2.17,2.85,60.0,6.046
flat_low_vol,mom_1d,vol_20d,reversal,monfri_open_to_fri_close_ret,10,1000000000,0.03,-0.9361,36.99,4.933,32,28,272,824536.81,-17.55,-7.51,-26.2,-0.96,39.29,0.657,12,10,96,1194429.86,19.44,30.33,-2.73,3.973,70.0,5.69
flat_low_vol,mom_1d,vol_20d,reversal,monfri_open_to_fri_close_ret,10,100000000,0.03,-1.0461,24.61,3.402,32,28,280,850506.75,-14.95,-6.34,-23.53,-0.902,32.14,0.693,12,10,100,1096588.52,9.66,14.74,-3.43,2.5,60.0,2.516
flat_low_vol,mom_5d,vol_20d,reversal,monfri_open_to_fri_close_ret,3,100000000,0.03,-1.4609,46.6,4.192,32,28,84,763396.84,-23.66,-10.35,-29.45,-1.209,42.86,0.634,12,10,30,1229430.4,22.94,36.06,-5.52,2.983,60.0,4.682
flat_low_vol,mom_1d,vol_20d,reversal,monfri_open_to_fri_close_ret,3,100000000,0.0,-1.5106,44.94,4.932,32,28,84,805331.34,-19.47,-8.38,-23.5,-1.397,39.29,0.574,12,10,30,1254746.04,25.47,40.26,-5.4,3.535,80.0,4.571
flat_low_vol,mom_5d,vol_20d,reversal,monfri_open_to_fri_close_ret,10,1000000000,0.03,-1.5566,0.69,1.001,32,28,272,954023.43,-4.6,-1.89,-17.23,-0.218,39.29,0.92,12,10,100,947102.3,-5.29,-7.78,-6.4,-1.219,60.0,0.618
flat_low_vol,mom_5d,vol_20d,reversal,monfri_open_to_fri_close_ret,3,100000000,0.0,-1.5907,47.96,4.29,32,28,84,749785.95,-25.02,-11.0,-29.62,-1.307,39.29,0.613,12,10,30,1229430.4,22.94,36.06,-5.52,2.983,60.0,4.682
flat_low_vol,mom_20d,vol_20d,reversal,monfri_open_to_fri_close_ret,3,100000000,0.0,-1.7311,37.4,4.336,32,28,84,801474.69,-19.85,-8.56,-19.85,-1.516,42.86,0.547,12,10,30,1175535.98,17.55,27.26,-5.71,2.82,80.0,3.63
flat_low_vol,mom_20d,vol_20d,reversal,monfri_open_to_fri_close_ret,3,100000000,0.03,-1.7311,37.4,4.336,32,28,84,801474.69,-19.85,-8.56,-19.85,-1.516,42.86,0.547,12,10,30,1175535.98,17.55,27.26,-5.71,2.82,80.0,3.63
flat_low_vol,mom_5d,vol_20d,reversal,monfri_open_to_fri_close_ret,10,1000000000,0.0,-1.9309,3.43,0.664,32,28,273,911277.99,-8.87,-3.69,-19.62,-0.595,39.29,0.804,12,10,100,945561.44,-5.44,-8.01,-6.55,-1.259,50.0,0.608
flat_low_vol,mom_20d,vol_20d,reversal,monfri_open_to_fri_close_ret,3,1000000000,0.03,-2.0791,34.97,2.783,32,28,83,725932.93,-27.41,-12.15,-35.66,-1.437,39.29,0.568,12,10,30,1075562.5,7.56,11.47,-8.95,1.346,60.0,1.815
flat_low_vol,mom_20d,vol_20d,reversal,monfri_open_to_fri_close_ret,3,1000000000,0.0,-2.0965,35.15,2.795,32,28,84,724138.13,-27.59,-12.24,-35.82,-1.449,39.29,0.566,12,10,30,1075562.5,7.56,11.47,-8.95,1.346,60.0,1.815
flat_low_vol,mom_1d,vol_20d,reversal,monfri_open_to_fri_close_ret,3,100000000,0.03,-2.2424,55.13,5.89,32,28,84,717296.07,-28.27,-12.58,-28.27,-1.96,32.14,0.452,12,10,30,1268608.28,26.86,42.57,-5.08,3.93,80.0,5.463
flat_low_vol,mom_20d,vol_20d,reversal,monfri_open_to_fri_close_ret,10,1000000000,0.03,-2.4789,45.87,7.413,32,28,272,733720.86,-26.63,-11.77,-35.46,-2.258,42.86,0.426,12,10,100,1192413.22,19.24,30.0,-3.01,5.155,80.0,6.925
flat_low_vol,mom_5d,vol_20d,reversal,monfri_open_to_fri_close_ret,10,100000000,0.03,-2.6192,22.02,2.407,32,28,280,798185.67,-20.18,-8.71,-24.15,-1.92,35.71,0.499,12,10,100,1018423.55,1.84,2.76,-6.27,0.487,70.0,1.247
flat_low_vol,mom_20d,vol_20d,reversal,monfri_open_to_fri_close_ret,10,1000000000,0.0,-2.6228,46.94,7.518,32,28,274,722995.94,-27.7,-12.3,-36.4,-2.363,42.86,0.415,12,10,100,1192413.22,19.24,30.0,-3.01,5.155,80.0,6.925
flat_low_vol,mom_5d,vol_20d,reversal,monfri_open_to_fri_close_ret,10,100000000,0.0,-2.8518,24.26,2.677,32,28,280,779754.56,-22.02,-9.57,-25.5,-2.102,35.71,0.47,12,10,100,1022425.9,2.24,3.36,-6.27,0.575,70.0,1.302
flat_low_vol,mom_20d,vol_20d,reversal,monfri_open_to_fri_close_ret,10,100000000,0.0,-3.685,57.44,9.191,32,28,280,692977.06,-30.7,-13.79,-30.7,-3.363,28.57,0.267,12,10,100,1267448.24,26.74,42.38,-1.06,5.828,80.0,14.156
flat_low_vol,mom_20d,vol_20d,reversal,monfri_open_to_fri_close_ret,10,100000000,0.03,-3.685,57.44,9.191,32,28,280,692977.06,-30.7,-13.79,-30.7,-3.363,28.57,0.267,12,10,100,1267448.24,26.74,42.38,-1.06,5.828,80.0,14.156
flat_low_vol,mom_5d,vol_20d,momentum,monfri_open_to_fri_close_ret,10,1000000000,0.03,-3.9882,46.73,3.553,32,28,275,585104.26,-41.49,-19.49,-41.49,-2.807,32.14,0.365,12,10,100,1052440.51,5.24,7.92,-7.39,0.746,30.0,1.364
flat_low_vol,mom_5d,vol_20d,reversal,monfri_open_to_fri_close_ret,3,1000000000,0.03,-4.3127,6.08,4.941,32,28,83,853693.56,-14.63,-6.2,-33.27,-0.449,46.43,0.834,12,10,30,792889.16,-20.71,-29.25,-20.18,-5.39,20.0,0.057
flat_low_vol,mom_5d,vol_20d,momentum,monfri_open_to_fri_close_ret,10,100000000,0.0,-4.5391,56.56,5.508,32,28,280,584381.57,-41.56,-19.53,-41.56,-3.435,35.71,0.25,12,10,100,1150021.25,15.0,23.17,-4.34,2.073,50.0,2.603
flat_low_vol,mom_5d,vol_20d,momentum,monfri_open_to_fri_close_ret,10,1000000000,0.0,-4.5676,48.91,4.002,32,28,279,563325.3,-43.67,-20.72,-43.67,-3.256,32.14,0.314,12,10,100,1052440.51,5.24,7.92,-7.39,0.746,30.0,1.364
flat_low_vol,mom_5d,vol_20d,reversal,monfri_open_to_fri_close_ret,3,1000000000,0.0,-4.5759,0.34,4.868,32,28,84,817027.31,-18.3,-7.85,-36.14,-0.661,46.43,0.764,12,10,30,813613.46,-18.64,-26.47,-18.09,-5.529,20.0,0.063
flat_low_vol,mom_5d,vol_20d,momentum,monfri_open_to_fri_close_ret,10,100000000,0.03,-4.609,56.9,5.561,32,28,280,580986.4,-41.9,-19.72,-41.9,-3.488,35.71,0.248,12,10,100,1150021.25,15.0,23.17,-4.34,2.073,50.0,2.603
flat_low_vol,mom_1d,vol_20d,momentum,monfri_open_to_fri_close_ret,10,100000000,0.03,-5.4145,38.1,1.604,32,28,279,543896.04,-45.61,-21.83,-47.49,-3.201,32.14,0.317,12,10,97,924888.88,-7.51,-10.99,-9.68,-1.597,70.0,0.427
flat_low_vol,mom_1d,vol_20d,momentum,monfri_open_to_fri_close_ret,10,1000000000,0.0,-5.5515,59.8,5.213,32,28,276,493078.07,-50.69,-24.87,-51.02,-4.02,21.43,0.233,12,10,100,1091074.0,9.11,13.88,-8.03,1.193,60.0,1.632
flat_low_vol,mom_1d,vol_20d,momentum,monfri_open_to_fri_close_ret,10,100000000,0.0,-5.8651,34.11,1.056,32,28,280,548986.04,-45.1,-21.54,-47.47,-3.476,28.57,0.289,12,10,100,890066.57,-10.99,-15.94,-11.54,-2.42,50.0,0.288
flat_low_vol,mom_1d,vol_20d,momentum,monfri_open_to_fri_close_ret,10,1000000000,0.03,-5.8943,62.14,5.456,32,28,272,468552.03,-53.14,-26.41,-53.46,-4.266,21.43,0.217,12,10,97,1089987.86,9.0,13.71,-8.03,1.19,70.0,1.672
flat_low_vol,mom_1d,vol_20d,momentum,monfri_open_to_fri_close_ret,3,100000000,0.03,-7.595,66.52,3.172,32,28,84,205461.1,-79.45,-47.28,-80.79,-4.416,25.0,0.157,12,10,30,870681.56,-12.93,-18.65,-24.58,-1.244,30.0,0.596
flat_low_vol,mom_1d,vol_20d,momentum,monfri_open_to_fri_close_ret,3,100000000,0.0,-7.8158,68.93,3.53,32,28,84,194203.62,-80.58,-48.46,-81.69,-4.625,21.43,0.148,12,10,30,883526.71,-11.65,-16.86,-23.47,-1.095,30.0,0.626
flat_low_vol,mom_1d,vol_20d,momentum,monfri_open_to_fri_close_ret,3,1000000000,0.0,-8.8719,50.38,0.654,32,28,84,183010.35,-81.7,-49.69,-82.86,-4.926,25.0,0.119,12,10,30,686833.06,-31.32,-42.88,-33.11,-4.272,20.0,0.128
flat_low_vol,mom_1d,vol_20d,momentum,monfri_open_to_fri_close_ret,3,1000000000,0.03,-9.1696,51.23,0.892,32,28,83,174466.4,-82.55,-50.65,-83.18,-5.164,21.43,0.102,12,10,30,686833.06,-31.32,-42.88,-33.11,-4.272,20.0,0.128
up_high_vol,mom_1d,vol_20d,reversal,monfri_open_to_fri_close_ret,10,100000000,0.03,0.6725,27.1,2.781,16,16,152,1215337.77,21.53,7.27,-6.98,2.074,62.5,2.185,11,11,110,944287.98,-5.57,-5.92,-8.83,-0.707,63.64,0.785
up_high_vol,mom_1d,vol_20d,reversal,monfri_open_to_fri_close_ret,10,100000000,0.0,0.6074,12.73,1.478,16,16,160,1120119.79,12.01,4.17,-8.0,1.481,50.0,1.707,11,11,110,992819.81,-0.72,-0.76,-7.3,0.003,54.55,1.001
up_high_vol,mom_1d,vol_20d,reversal,monfri_open_to_fri_close_ret,10,1000000000,0.03,-0.1458,5.65,0.646,16,16,144,1044505.32,4.45,1.58,-10.6,0.608,56.25,1.247,11,11,108,988048.79,-1.2,-1.27,-8.3,-0.038,63.64,0.987
up_high_vol,mom_1d,vol_20d,reversal,monfri_open_to_fri_close_ret,10,1000000000,0.0,-0.1636,5.35,0.678,16,16,160,1040333.77,4.03,1.43,-9.43,0.6,37.5,1.257,11,11,110,986778.23,-1.32,-1.41,-8.8,-0.078,63.64,0.971
up_high_vol,mom_20d,vol_20d,momentum,monfri_open_to_fri_close_ret,10,100000000,0.0,-0.1744,13.41,1.651,16,16,160,1069680.47,6.97,2.45,-7.32,0.998,56.25,1.409,11,11,110,935574.37,-6.44,-6.85,-20.11,-0.653,27.27,0.782
up_high_vol,mom_20d,vol_20d,momentum,monfri_open_to_fri_close_ret,10,100000000,0.03,-0.1744,13.41,1.651,16,16,160,1069680.47,6.97,2.45,-7.32,0.998,56.25,1.409,11,11,110,935574.37,-6.44,-6.85,-20.11,-0.653,27.27,0.782
up_high_vol,mom_20d,vol_20d,reversal,monfri_open_to_fri_close_ret,10,100000000,0.0,-1.0958,11.17,1.844,16,16,160,1022335.23,2.23,0.8,-10.53,0.43,56.25,1.169,11,11,110,910587.49,-8.94,-9.49,-15.78,-1.414,27.27,0.591
up_high_vol,mom_20d,vol_20d,reversal,monfri_open_to_fri_close_ret,10,100000000,0.03,-1.0958,11.17,1.844,16,16,160,1022335.23,2.23,0.8,-10.53,0.43,56.25,1.169,11,11,110,910587.49,-8.94,-9.49,-15.78,-1.414,27.27,0.591
up_high_vol,mom_20d,vol_20d,momentum,monfri_open_to_fri_close_ret,10,1000000000,0.0,-1.3241,7.83,0.95,16,16,160,983182.34,-1.68,-0.61,-10.78,-0.09,43.75,0.971,11,11,110,904904.46,-9.51,-10.09,-20.47,-1.04,27.27,0.666
up_high_vol,mom_20d,vol_20d,momentum,monfri_open_to_fri_close_ret,10,1000000000,0.03,-1.3241,7.83,0.95,16,16,160,983182.34,-1.68,-0.61,-10.78,-0.09,43.75,0.971,11,11,110,904904.46,-9.51,-10.09,-20.47,-1.04,27.27,0.666
up_high_vol,mom_5d,vol_20d,reversal,monfri_open_to_fri_close_ret,10,100000000,0.0,-1.9498,26.19,4.725,16,16,159,1077544.81,7.75,2.72,-7.3,0.991,50.0,1.383,11,11,110,815600.54,-18.44,-19.51,-18.12,-3.734,27.27,0.234
up_high_vol,mom_5d,vol_20d,reversal,monfri_open_to_fri_close_ret,10,100000000,0.03,-2.0698,26.81,4.854,16,16,155,1076583.25,7.66,2.69,-7.42,0.959,56.25,1.378,11,11,110,808538.69,-19.15,-20.25,-18.83,-3.895,27.27,0.224
up_high_vol,mom_20d,vol_20d,reversal,monfri_open_to_fri_close_ret,10,1000000000,0.0,-2.3807,0.45,0.771,16,16,160,913764.81,-8.62,-3.19,-17.71,-0.902,43.75,0.721,11,11,110,918260.81,-8.17,-8.68,-12.77,-1.673,36.36,0.559
up_high_vol,mom_20d,vol_20d,reversal,monfri_open_to_fri_close_ret,10,1000000000,0.03,-2.4698,1.86,0.587,16,16,158,902113.09,-9.79,-3.64,-18.0,-1.035,43.75,0.69,11,11,110,920687.03,-7.93,-8.42,-12.77,-1.622,36.36,0.568
up_high_vol,mom_5d,vol_20d,reversal,monfri_open_to_fri_close_ret,10,1000000000,0.03,-2.7594,2.68,0.165,16,16,155,856855.97,-14.31,-5.41,-16.64,-1.407,43.75,0.631,11,11,110,883741.25,-11.63,-12.33,-15.29,-1.572,54.55,0.536
up_high_vol,mom_5d,vol_20d,reversal,monfri_open_to_fri_close_ret,10,1000000000,0.0,-2.9712,4.34,0.001,16,16,158,841070.29,-15.89,-6.04,-16.78,-1.622,37.5,0.596,11,11,110,884527.72,-11.55,-12.25,-14.56,-1.621,45.45,0.532
up_high_vol,mom_1d,vol_20d,momentum,monfri_open_to_fri_close_ret,10,1000000000,0.03,-4.9403,39.54,4.979,16,15,150,686785.86,-31.32,-12.65,-34.22,-3.799,33.33,0.229,11,11,110,1082197.34,8.22,8.78,-12.81,1.18,63.64,1.592
up_high_vol,mom_1d,vol_20d,momentum,monfri_open_to_fri_close_ret,10,100000000,0.03,-4.955,38.7,5.275,16,15,150,703890.26,-29.61,-11.87,-32.55,-3.865,40.0,0.21,11,11,110,1090883.92,9.09,9.71,-11.33,1.41,72.73,1.724
up_high_vol,mom_1d,vol_20d,momentum,monfri_open_to_fri_close_ret,10,100000000,0.0,-5.3123,45.05,6.641,16,16,160,695548.26,-30.45,-12.25,-31.04,-4.29,25.0,0.144,11,11,110,1145995.08,14.6,15.62,-7.95,2.351,81.82,2.459
up_high_vol,mom_5d,vol_20d,momentum,monfri_open_to_fri_close_ret,10,100000000,0.0,-5.5854,28.74,4.693,16,16,160,730265.53,-26.97,-10.7,-30.27,-4.296,25.0,0.227,11,11,110,1017669.35,1.77,1.88,-6.5,0.397,27.27,1.217
up_high_vol,mom_5d,vol_20d,momentum,monfri_open_to_fri_close_ret,10,100000000,0.03,-5.5854,28.74,4.693,16,16,160,730265.53,-26.97,-10.7,-30.27,-4.296,25.0,0.227,11,11,110,1017669.35,1.77,1.88,-6.5,0.397,27.27,1.217
up_high_vol,mom_1d,vol_20d,momentum,monfri_open_to_fri_close_ret,10,1000000000,0.0,-5.8614,42.97,5.849,16,16,160,660943.7,-33.91,-13.84,-34.72,-4.56,37.5,0.177,11,11,110,1090607.14,9.06,9.68,-12.94,1.289,72.73,1.636
up_high_vol,mom_5d,vol_20d,momentum,monfri_open_to_fri_close_ret,10,1000000000,0.0,-8.848,47.62,8.708,16,16,160,632969.78,-36.7,-15.17,-37.23,-7.056,18.75,0.072,11,11,110,1109179.04,10.92,11.67,-3.66,1.652,54.55,2.302
up_high_vol,mom_5d,vol_20d,momentum,monfri_open_to_fri_close_ret,10,1000000000,0.03,-8.848,47.62,8.708,16,16,160,632969.78,-36.7,-15.17,-37.23,-7.056,18.75,0.072,11,11,110,1109179.04,10.92,11.67,-3.66,1.652,54.55,2.302
up_low_vol,mom_20d,vol_20d,momentum,monfri_open_to_fri_close_ret,3,100000000,0.0,-1.075,27.84,1.648,27,26,78,834344.3,-16.57,-6.91,-25.61,-0.698,46.15,0.757,18,15,45,1112728.13,11.27,12.59,-20.53,0.95,60.0,1.442
up_low_vol,mom_20d,vol_20d,momentum,monfri_open_to_fri_close_ret,3,100000000,0.03,-1.075,27.84,1.648,27,26,78,834344.3,-16.57,-6.91,-25.61,-0.698,46.15,0.757,18,15,45,1112728.13,11.27,12.59,-20.53,0.95,60.0,1.442
up_low_vol,mom_20d,vol_20d,momentum,monfri_open_to_fri_close_ret,10,100000000,0.0,-1.8113,5.48,0.281,27,26,260,885098.7,-11.49,-4.71,-13.62,-0.839,46.15,0.72,18,15,150,939943.99,-6.01,-6.64,-14.0,-0.558,53.33,0.806
up_low_vol,mom_20d,vol_20d,momentum,monfri_open_to_fri_close_ret,10,100000000,0.03,-1.8113,5.48,0.281,27,26,260,885098.7,-11.49,-4.71,-13.62,-0.839,46.15,0.72,18,15,150,939943.99,-6.01,-6.64,-14.0,-0.558,53.33,0.806
up_low_vol,mom_5d,vol_20d,momentum,monfri_open_to_fri_close_ret,3,1000000000,0.0,-1.8483,45.83,2.675,27,26,78,748656.58,-25.13,-10.81,-35.25,-1.277,46.15,0.641,18,15,45,1206950.43,20.7,23.22,-13.51,1.398,66.67,1.698
up_low_vol,mom_5d,vol_20d,momentum,monfri_open_to_fri_close_ret,3,1000000000,0.03,-1.8483,45.83,2.675,27,26,78,748656.58,-25.13,-10.81,-35.25,-1.277,46.15,0.641,18,15,45,1206950.43,20.7,23.22,-13.51,1.398,66.67,1.698
up_low_vol,mom_5d,vol_20d,momentum,monfri_open_to_fri_close_ret,3,100000000,0.03,-1.8678,48.9,2.953,27,26,78,764555.6,-23.54,-10.07,-25.94,-1.402,42.31,0.603,18,15,45,1253617.81,25.36,28.52,-15.03,1.551,73.33,1.804
up_low_vol,mom_5d,vol_20d,momentum,monfri_open_to_fri_close_ret,3,100000000,0.0,-1.945,49.69,3.006,27,26,78,756747.21,-24.33,-10.43,-26.7,-1.455,42.31,0.593,18,15,45,1253617.81,25.36,28.52,-15.03,1.551,73.33,1.804
up_low_vol,mom_1d,vol_20d,reversal,monfri_open_to_fri_close_ret,3,100000000,0.03,-2.5727,12.86,2.2,27,26,78,894893.54,-10.51,-4.29,-32.84,-0.163,34.62,0.939,18,15,45,766314.78,-23.37,-25.58,-27.55,-2.363,26.67,0.411
up_low_vol,mom_20d,vol_20d,momentum,monfri_open_to_fri_close_ret,3,1000000000,0.0,-2.5882,23.02,1.113,27,26,78,740954.07,-25.9,-11.18,-38.22,-1.148,46.15,0.636,18,15,45,971176.94,-2.88,-3.19,-26.61,-0.035,46.67,0.987
up_low_vol,mom_20d,vol_20d,momentum,monfri_open_to_fri_close_ret,3,1000000000,0.03,-2.5882,23.02,1.113,27,26,78,740954.07,-25.9,-11.18,-38.22,-1.148,46.15,0.636,18,15,45,971176.94,-2.88,-3.19,-26.61,-0.035,46.67,0.987
up_low_vol,mom_20d,vol_20d,momentum,monfri_open_to_fri_close_ret,10,1000000000,0.0,-2.7372,11.35,0.438,27,26,249,797920.88,-20.21,-8.54,-26.11,-1.401,42.31,0.61,18,15,150,911381.82,-8.86,-9.79,-14.55,-0.963,46.67,0.694
up_low_vol,mom_20d,vol_20d,momentum,monfri_open_to_fri_close_ret,10,1000000000,0.03,-2.772,12.28,0.454,27,26,244,788640.77,-21.14,-8.96,-26.97,-1.417,46.15,0.602,18,15,150,911381.82,-8.86,-9.79,-14.55,-0.963,46.67,0.694
up_low_vol,mom_1d,vol_20d,reversal,monfri_open_to_fri_close_ret,3,100000000,0.0,-2.8827,9.29,0.417,27,26,78,752208.8,-24.78,-10.65,-40.89,-1.067,30.77,0.649,18,15,45,845063.18,-15.49,-17.05,-25.77,-1.484,33.33,0.572
up_low_vol,mom_5d,vol_20d,reversal,monfri_open_to_fri_close_ret,10,1000000000,0.03,-2.993,29.47,3.979,27,24,222,1009766.27,0.98,0.38,-30.67,0.287,37.5,1.185,18,15,150,715062.33,-28.49,-31.09,-30.05,-3.692,26.67,0.256
up_low_vol,mom_20d,vol_20d,reversal,monfri_open_to_fri_close_ret,10,1000000000,0.0,-3.1881,15.25,0.043,27,26,231,738951.15,-26.1,-11.27,-27.97,-1.621,26.92,0.498,18,15,150,891476.43,-10.85,-11.97,-13.58,-1.664,40.0,0.569
up_low_vol,mom_20d,vol_20d,reversal,monfri_open_to_fri_close_ret,3,100000000,0.0,-3.5119,18.49,0.172,27,26,78,658006.11,-34.2,-15.25,-40.39,-1.667,34.62,0.537,18,15,45,842872.05,-15.71,-17.29,-18.5,-1.839,26.67,0.478
up_low_vol,mom_20d,vol_20d,reversal,monfri_open_to_fri_close_ret,3,100000000,0.03,-3.5119,18.49,0.172,27,26,78,658006.11,-34.2,-15.25,-40.39,-1.667,34.62,0.537,18,15,45,842872.05,-15.71,-17.29,-18.5,-1.839,26.67,0.478
up_low_vol,mom_1d,vol_20d,reversal,monfri_open_to_fri_close_ret,10,100000000,0.0,-3.5824,5.75,0.017,27,26,260,794656.97,-20.53,-8.69,-24.15,-1.982,30.77,0.453,18,15,150,852161.47,-14.78,-16.27,-16.16,-1.999,40.0,0.467
up_low_vol,mom_5d,vol_20d,reversal,monfri_open_to_fri_close_ret,3,100000000,0.03,-3.9574,12.1,0.696,27,26,78,637764.2,-36.22,-16.29,-40.98,-1.661,34.62,0.492,18,15,45,758846.38,-24.12,-26.39,-26.94,-2.357,13.33,0.406
up_low_vol,mom_20d,vol_20d,reversal,monfri_open_to_fri_close_ret,3,1000000000,0.0,-3.9966,27.61,1.267,27,26,76,610454.97,-38.95,-17.72,-41.83,-2.199,26.92,0.455,18,15,45,886573.83,-11.34,-12.51,-18.22,-0.932,33.33,0.686
up_low_vol,mom_5d,vol_20d,reversal,monfri_open_to_fri_close_ret,3,100000000,0.0,-4.0079,12.84,0.649,27,26,78,630359.74,-36.96,-16.67,-41.67,-1.708,34.62,0.486,18,15,45,758846.38,-24.12,-26.39,-26.94,-2.357,13.33,0.406
up_low_vol,mom_20d,vol_20d,reversal,monfri_open_to_fri_close_ret,10,1000000000,0.03,-4.0283,18.27,0.648,27,26,225,708761.32,-29.12,-12.72,-28.43,-2.312,26.92,0.401,18,15,150,891476.43,-10.85,-11.97,-13.58,-1.664,40.0,0.569
up_low_vol,mom_20d,vol_20d,reversal,monfri_open_to_fri_close_ret,10,100000000,0.03,-4.0891,16.39,1.068,27,26,260,754865.47,-24.51,-10.52,-24.82,-2.458,30.77,0.381,18,15,150,918753.72,-8.12,-8.98,-9.41,-1.39,40.0,0.603
up_low_vol,mom_5d,vol_20d,reversal,monfri_open_to_fri_close_ret,10,1000000000,0.0,-4.4157,3.5,1.854,27,25,230,760215.71,-23.98,-10.27,-30.11,-1.633,32.0,0.533,18,15,150,725248.57,-27.48,-30.0,-29.05,-3.487,26.67,0.275
up_low_vol,mom_1d,vol_20d,reversal,monfri_open_to_fri_close_ret,10,100000000,0.03,-4.477,1.16,0.421,27,26,251,758497.37,-24.15,-10.35,-27.17,-2.386,38.46,0.426,18,15,146,770066.57,-22.99,-25.18,-23.26,-2.807,33.33,0.335
up_low_vol,mom_1d,vol_20d,reversal,monfri_open_to_fri_close_ret,3,1000000000,0.03,-4.5963,11.79,0.41,27,24,70,628215.15,-37.18,-16.79,-41.54,-2.203,20.83,0.411,18,15,45,746125.63,-25.39,-27.76,-29.46,-2.613,26.67,0.369
up_low_vol,mom_20d,vol_20d,reversal,monfri_open_to_fri_close_ret,3,1000000000,0.03,-4.6167,29.33,1.758,27,26,72,593293.27,-40.67,-18.65,-43.47,-2.69,26.92,0.4,18,15,45,886573.83,-11.34,-12.51,-18.22,-0.932,33.33,0.686
up_low_vol,mom_20d,vol_20d,reversal,monfri_open_to_fri_close_ret,10,100000000,0.0,-4.6398,20.11,1.472,27,26,260,717690.2,-28.23,-12.29,-28.52,-2.862,26.92,0.336,18,15,150,918753.72,-8.12,-8.98,-9.41,-1.39,40.0,0.603
up_low_vol,mom_5d,vol_20d,momentum,monfri_open_to_fri_close_ret,10,1000000000,0.03,-4.6674,33.69,2.621,27,26,243,621309.55,-37.87,-17.15,-39.88,-2.87,30.77,0.364,18,15,150,958242.87,-4.18,-4.63,-13.79,-0.249,40.0,0.911
up_low_vol,mom_1d,vol_20d,momentum,monfri_open_to_fri_close_ret,10,100000000,0.03,-4.7575,27.81,2.467,27,26,251,662006.75,-33.8,-15.05,-35.1,-2.979,26.92,0.336,18,15,150,940098.15,-5.99,-6.63,-11.01,-0.512,46.67,0.84
up_low_vol,mom_1d,vol_20d,reversal,monfri_open_to_fri_close_ret,3,1000000000,0.0,-4.971,23.59,0.74,27,26,78,573685.73,-42.63,-19.72,-45.89,-2.755,19.23,0.35,18,15,45,809609.77,-19.04,-20.9,-23.46,-2.015,26.67,0.469
up_low_vol,mom_5d,vol_20d,momentum,monfri_open_to_fri_close_ret,10,1000000000,0.0,-5.1333,34.98,2.99,27,26,248,608422.94,-39.16,-17.83,-41.13,-3.239,30.77,0.304,18,15,150,958242.87,-4.18,-4.63,-13.79,-0.249,40.0,0.911
up_low_vol,mom_5d,vol_20d,reversal,monfri_open_to_fri_close_ret,3,1000000000,0.03,-5.1488,10.64,6.096,27,24,68,773176.36,-22.68,-9.67,-44.14,-0.309,37.5,0.868,18,15,45,666781.15,-33.32,-36.23,-29.61,-6.405,13.33,0.068
up_low_vol,mom_1d,vol_20d,momentum,monfri_open_to_fri_close_ret,10,1000000000,0.03,-5.2686,46.01,4.165,27,25,232,563919.66,-43.61,-20.26,-44.06,-3.793,24.0,0.211,18,15,150,1023978.03,2.4,2.67,-8.93,0.372,46.67,1.141
up_low_vol,mom_1d,vol_20d,momentum,monfri_open_to_fri_close_ret,10,1000000000,0.0,-5.2982,36.66,3.421,27,26,245,618082.26,-38.19,-17.32,-39.37,-3.429,26.92,0.286,18,15,150,984674.28,-1.53,-1.7,-8.79,-0.008,46.67,0.997
up_low_vol,mom_1d,vol_20d,momentum,monfri_open_to_fri_close_ret,3,1000000000,0.03,-5.5296,0.84,2.144,27,25,74,594304.8,-40.57,-18.59,-47.01,-2.012,32.0,0.473,18,15,45,602669.16,-39.73,-43.0,-36.83,-4.156,33.33,0.221
up_low_vol,mom_5d,vol_20d,momentum,monfri_open_to_fri_close_ret,10,100000000,0.03,-5.5367,23.43,1.769,27,26,260,650366.72,-34.96,-15.64,-33.97,-3.478,30.77,0.253,18,15,150,884654.96,-11.53,-12.72,-15.35,-1.709,33.33,0.527
up_low_vol,mom_1d,vol_20d,momentum,monfri_open_to_fri_close_ret,3,100000000,0.03,-5.5392,11.32,3.284,27,26,78,669280.01,-33.07,-14.68,-41.43,-1.512,34.62,0.58,18,15,45,556122.81,-44.39,-47.87,-42.07,-4.796,26.67,0.186
up_low_vol,mom_1d,vol_20d,momentum,monfri_open_to_fri_close_ret,3,100000000,0.0,-5.6111,12.21,3.37,27,26,78,669280.01,-33.07,-14.68,-41.43,-1.512,34.62,0.58,18,15,45,547183.16,-45.28,-48.8,-43.01,-4.882,26.67,0.182
up_low_vol,mom_5d,vol_20d,reversal,monfri_open_to_fri_close_ret,10,100000000,0.0,-5.6278,10.27,0.701,27,26,260,671928.69,-32.81,-14.54,-33.73,-3.074,30.77,0.322,18,15,150,774623.96,-22.54,-24.69,-19.03,-3.775,26.67,0.257
up_low_vol,mom_1d,vol_20d,momentum,monfri_open_to_fri_close_ret,3,1000000000,0.0,-5.7995,2.22,2.027,27,26,77,570834.24,-42.92,-19.88,-49.1,-2.214,30.77,0.452,18,15,45,592981.28,-40.7,-44.02,-37.84,-4.241,33.33,0.216
up_low_vol,mom_1d,vol_20d,reversal,monfri_open_to_fri_close_ret,10,1000000000,0.0,-5.8079,12.79,1.577,27,26,235,684483.69,-31.55,-13.92,-33.68,-3.656,26.92,0.243,18,15,150,812376.44,-18.76,-20.6,-21.44,-2.079,40.0,0.465
up_low_vol,mom_5d,vol_20d,reversal,monfri_open_to_fri_close_ret,10,100000000,0.03,-5.87,8.26,1.086,27,26,258,675283.57,-32.47,-14.38,-33.14,-3.076,34.62,0.314,18,15,150,757948.72,-24.21,-26.48,-21.77,-4.162,20.0,0.212
up_low_vol,mom_1d,vol_20d,momentum,monfri_open_to_fri_close_ret,10,100000000,0.0,-6.031,31.42,3.558,27,26,260,632066.93,-36.79,-16.59,-38.03,-4.004,26.92,0.234,18,15,150,946283.07,-5.37,-5.95,-10.95,-0.446,46.67,0.859
up_low_vol,mom_5d,vol_20d,reversal,monfri_open_to_fri_close_ret,3,1000000000,0.0,-6.1515,4.03,5.021,27,25,75,626538.95,-37.35,-16.87,-53.19,-1.384,36.0,0.593,18,15,45,666781.15,-33.32,-36.23,-29.61,-6.405,13.33,0.068
up_low_vol,mom_1d,vol_20d,reversal,monfri_open_to_fri_close_ret,10,1000000000,0.03,-6.1799,19.47,2.102,27,24,217,627765.63,-37.22,-16.81,-38.92,-3.897,25.0,0.203,18,15,143,822507.19,-17.75,-19.5,-22.82,-1.795,40.0,0.494
up_low_vol,mom_5d,vol_20d,momentum,monfri_open_to_fri_close_ret,10,100000000,0.0,-6.205,25.07,2.301,27,26,260,634030.28,-36.6,-16.48,-35.63,-4.01,30.77,0.194,18,15,150,884654.96,-11.53,-12.72,-15.35,-1.709,33.33,0.527
